mes,producto,mapeado,valor_ministerio,valor_odepa,con_odepa,precio_odepa,valor_odepa_fin_de_mes,con_odepa_fin_de_mes,precio_odepa_fin_de_mes,diferencia
2019-01,Arroz,True,845.82,953.97,True,1012.7,953.97,True,1012.7,108.14
2019-02,Arroz,True,844.16,952.07,True,1010.69,952.07,True,1010.69,107.91
2019-03,Arroz,True,850.2,950.08,True,1008.58,950.08,True,1008.58,99.88
2019-04,Arroz,True,853.6,939.78,True,997.64,939.78,True,997.64,86.18
2019-05,Arroz,True,854.1,941.85,True,999.84,941.85,True,999.84,87.75
2019-06,Arroz,True,857.42,938.57,True,996.35,938.57,True,996.35,81.15
2019-07,Arroz,True,859.29,948.25,True,1006.64,948.25,True,1006.64,88.96
2019-08,Arroz,True,864.1,947.29,True,1005.61,947.29,True,1005.61,83.19
2019-09,Arroz,True,864.3,947.71,True,1006.06,947.71,True,1006.06,83.41
2019-10,Arroz,True,870.72,947.99,True,1006.36,947.99,True,1006.36,77.27
2019-11,Arroz,True,879.38,949.22,True,1007.66,949.22,True,1007.66,69.84
2019-12,Arroz,True,876.73,944.84,True,1003.01,944.84,True,1003.01,68.11
2020-01,Arroz,True,884.28,962.94,True,1022.23,962.94,True,1022.23,78.66
2020-02,Arroz,True,890.54,963.69,True,1023.02,963.69,True,1023.02,73.15
2020-03,Arroz,True,896.38,983.07,True,1043.59,983.07,True,1043.59,86.69
2020-04,Arroz,True,903.18,995.89,True,1057.2,995.89,True,1057.2,92.71
2020-05,Arroz,True,902.88,1006.62,True,1068.6,1006.62,True,1068.6,103.73
2020-06,Arroz,True,905.22,994.65,True,1055.89,994.65,True,1055.89,89.43
2020-07,Arroz,True,909.17,982.39,True,1042.88,982.39,True,1042.88,73.22
2020-08,Arroz,True,910.86,975.42,True,1035.48,975.42,True,1035.48,64.56
2020-09,Arroz,True,924.1,979.43,True,1039.74,979.43,True,1039.74,55.33
2020-10,Arroz,True,930.94,990.25,True,1051.22,990.25,True,1051.22,59.31
2020-11,Arroz,True,932.23,991.02,True,1052.04,991.02,True,1052.04,58.79
2020-12,Arroz,True,934.41,989.01,True,1049.9,989.01,True,1049.9,54.6
2021-01,Arroz,True,945.01,988.94,True,1049.83,988.94,True,1049.83,43.93
2021-02,Arroz,True,941.38,995.43,True,1056.72,995.43,True,1056.72,54.05
2021-03,Arroz,True,938.84,1003.65,True,1065.45,1003.65,True,1065.45,64.81
2021-04,Arroz,True,945.4,1010.68,True,1072.91,1010.68,True,1072.91,65.28
2021-05,Arroz,True,943.91,1008.75,True,1070.86,1008.75,True,1070.86,64.84
2021-06,Arroz,True,944.4,1002.3,True,1064.01,1002.3,True,1064.01,57.89
2021-07,Arroz,True,954.04,1021.4,True,1084.29,1021.4,True,1084.29,67.36
2021-08,Arroz,True,958.55,1033.49,True,1097.13,1033.49,True,1097.13,74.95
2021-09,Arroz,True,976.02,1042.44,True,1106.63,1042.44,True,1106.63,66.42
2021-10,Arroz,True,985.99,1045.44,True,1109.81,1045.44,True,1109.81,59.45
2021-11,Arroz,True,988.63,1068.63,True,1134.43,1068.63,True,1134.43,79.99
2021-12,Arroz,True,995.84,1074.45,True,1140.61,1074.45,True,1140.61,78.62
2022-01,Arroz,True,1011.63,1073.58,True,1139.68,1073.58,True,1139.68,61.96
2022-02,Arroz,True,1026.36,1083.76,True,1150.49,1083.76,True,1150.49,57.4
2022-03,Arroz,True,1060.95,1119.29,True,1188.21,1119.29,True,1188.21,58.34
2022-04,Arroz,True,1084.55,1183.8,True,1256.69,1183.8,True,1256.69,99.26
2022-05,Arroz,True,1103.89,1200.25,True,1274.15,1200.25,True,1274.15,96.36
2022-06,Arroz,True,1118.6,1203.46,True,1277.55,1203.46,True,1277.55,84.86
2022-07,Arroz,True,1137.58,1221.11,True,1296.29,1221.11,True,1296.29,83.52
2022-08,Arroz,True,1159.26,1273.81,True,1352.24,1273.81,True,1352.24,114.56
2022-09,Arroz,True,1181.52,1301.93,True,1382.09,1301.93,True,1382.09,120.41
2022-10,Arroz,True,1191.2,1352.95,True,1436.25,1352.95,True,1436.25,161.75
2022-11,Arroz,True,1209.89,1406.79,True,1493.41,1406.79,True,1493.41,196.9
2022-12,Arroz,True,1222.2,1423.63,True,1511.29,1423.63,True,1511.29,201.43
2023-01,Arroz,True,1234.65,1447.98,True,1537.14,1447.98,True,1537.14,213.33
2023-02,Arroz,True,1235.15,1437.21,True,1525.7,1437.21,True,1525.7,202.06
2023-03,Arroz,True,1240.83,1427.41,True,1515.3,1427.41,True,1515.3,186.57
2023-04,Arroz,True,1242.28,1419.31,True,1506.7,1419.31,True,1506.7,177.03
2023-05,Arroz,True,1244.76,1436.8,True,1525.26,1436.8,True,1525.26,192.04
2023-06,Arroz,True,1249.42,1458.56,True,1548.36,1458.56,True,1548.36,209.14
2023-07,Arroz,True,1262.55,1463.49,True,1553.6,1463.49,True,1553.6,200.94
2023-08,Arroz,True,1267.1,1475.86,True,1566.73,1475.86,True,1566.73,208.76
2023-09,Arroz,True,1278.89,1514.39,True,1607.63,1514.39,True,1607.63,235.5
2023-10,Arroz,True,1288.87,1570.08,True,1666.75,1570.08,True,1666.75,281.21
2023-11,Arroz,True,1299.68,1598.25,True,1696.65,1598.25,True,1696.65,298.56
2023-12,Arroz,True,1294.13,1586.03,True,1683.69,1586.03,True,1683.69,291.9
2024-01,Arroz,True,1305.45,1604.0,True,1702.76,1604.0,True,1702.76,298.55
2024-02,Arroz,True,1310.39,1603.21,True,1701.92,1603.21,True,1701.92,292.82
2024-03,Arroz,True,1302.98,1663.5,True,1765.92,1663.5,True,1765.92,360.52
2024-04,Arroz,True,1312.46,1755.89,True,1864.0,1755.89,True,1864.0,443.44
2024-05,Arroz,True,1314.63,1852.08,True,1966.12,1852.08,True,1966.12,537.45
2024-06,Arroz,True,1329.96,1902.61,True,2019.75,1902.61,True,2019.75,572.65
2024-07,Arroz,True,1331.89,2005.95,True,2129.46,2005.95,True,2129.46,674.07
2024-08,Arroz,True,1338.89,2012.74,True,2136.67,2012.74,True,2136.67,673.85
2024-09,Arroz,True,1334.83,2046.06,True,2172.04,2046.06,True,2172.04,711.23
2024-10,Arroz,True,1359.8,2024.62,True,2149.28,2024.62,True,2149.28,664.82
2024-11,Arroz,True,1358.6,2022.35,True,2146.87,2022.35,True,2146.87,663.76
2024-12,Arroz,True,1351.14,2009.08,True,2132.78,2009.08,True,2132.78,657.94
2025-01,Arroz,True,1357.23,1995.6,True,2118.47,1995.6,True,2118.47,638.37
2025-02,Arroz,True,1360.57,1974.32,True,2095.89,1974.32,True,2095.89,613.75
2025-03,Arroz,True,1374.71,1957.71,True,2078.25,1957.71,True,2078.25,583.0
2025-04,Arroz,True,1376.13,1957.42,True,2077.94,1957.42,True,2077.94,581.29
2025-05,Arroz,True,1380.2,1960.9,True,2081.64,1960.9,True,2081.64,580.7
2025-06,Arroz,True,1372.39,1941.14,True,2060.66,1941.14,True,2060.66,568.75
2025-07,Arroz,True,1382.74,1911.62,True,2029.32,1911.62,True,2029.32,528.88
2025-08,Arroz,True,1393.88,1879.15,True,1994.85,1879.15,True,1994.85,485.27
2025-09,Arroz,True,1405.45,1877.84,True,1993.46,1877.84,True,1993.46,472.38
2025-10,Arroz,True,1412.07,1821.65,True,1933.81,1821.65,True,1933.81,409.58
2025-11,Arroz,True,1416.8,1754.05,True,1862.04,1754.05,True,1862.04,337.24
2025-12,Arroz,True,1415.2,1723.27,True,1829.37,1723.27,True,1829.37,308.07
2026-01,Arroz,True,1420.56,1812.17,True,1923.75,1812.17,True,1923.75,391.62
2026-02,Arroz,True,1423.71,1776.44,True,1885.82,1776.44,True,1885.82,352.73
2026-03,Arroz,True,1431.51,1771.69,True,1880.78,1771.69,True,1880.78,340.18
2026-04,Arroz,True,1433.47,1732.4,True,1839.07,1732.4,True,1839.07,298.94
2026-05,Arroz,True,1427.3,1753.95,True,1861.95,1753.95,True,1861.95,326.66
2026-06,Arroz,True,1437.81,1684.76,True,1788.49,1684.76,True,1788.49,246.95
2026-07,Arroz,True,1446.72,1636.05,True,1736.78,1636.05,True,1736.78,189.32
2026-08,Arroz,True,1464.28,1666.2,True,1768.79,1666.2,True,1768.79,201.92
2019-01,Harina de trigo blanca,True,500.64,492.66,True,761.46,492.66,True,761.46,-7.98
2019-02,Harina de trigo blanca,True,499.65,496.41,True,767.24,496.41,True,767.24,-3.24
2019-03,Harina de trigo blanca,True,503.23,490.61,True,758.28,490.61,True,758.28,-12.62
2019-04,Harina de trigo blanca,True,505.24,508.06,True,785.26,508.06,True,785.26,2.82
2019-05,Harina de trigo blanca,True,505.54,494.65,True,764.53,494.65,True,764.53,-10.89
2019-06,Harina de trigo blanca,True,507.5,518.28,True,801.05,518.28,True,801.05,10.78
2019-07,Harina de trigo blanca,True,508.61,525.34,True,811.96,525.34,True,811.96,16.73
2019-08,Harina de trigo blanca,True,511.45,523.0,True,808.35,523.0,True,808.35,11.55
2019-09,Harina de trigo blanca,True,511.57,523.75,True,809.5,523.75,True,809.5,12.18
2019-10,Harina de trigo blanca,True,515.37,539.37,True,833.65,539.37,True,833.65,24.0
2019-11,Harina de trigo blanca,True,520.5,545.99,True,843.88,545.99,True,843.88,25.49
2019-12,Harina de trigo blanca,True,518.93,524.97,True,811.39,524.97,True,811.39,6.04
2020-01,Harina de trigo blanca,True,523.4,545.33,True,842.85,545.33,True,842.85,21.93
2020-02,Harina de trigo blanca,True,527.1,542.21,True,838.04,542.21,True,838.04,15.11
2020-03,Harina de trigo blanca,True,530.56,554.81,True,857.51,554.81,True,857.51,24.25
2020-04,Harina de trigo blanca,True,534.59,555.45,True,858.51,555.45,True,858.51,20.87
2020-05,Harina de trigo blanca,True,534.41,559.95,True,865.45,559.95,True,865.45,25.53
2020-06,Harina de trigo blanca,True,535.79,569.95,True,880.91,569.95,True,880.91,34.15
2020-07,Harina de trigo blanca,True,538.13,563.31,True,870.65,563.31,True,870.65,25.17
2020-08,Harina de trigo blanca,True,539.13,563.12,True,870.35,563.12,True,870.35,23.99
2020-09,Harina de trigo blanca,True,546.97,559.32,True,864.48,559.32,True,864.48,12.34
2020-10,Harina de trigo blanca,True,551.02,558.76,True,863.61,558.76,True,863.61,7.74
2020-11,Harina de trigo blanca,True,551.78,548.67,True,848.03,548.67,True,848.03,-3.11
2020-12,Harina de trigo blanca,True,553.07,546.87,True,845.24,546.87,True,845.24,-6.2
2021-01,Harina de trigo blanca,True,559.35,539.02,True,833.11,539.02,True,833.11,-20.33
2021-02,Harina de trigo blanca,True,557.2,541.25,True,836.56,541.25,True,836.56,-15.94
2021-03,Harina de trigo blanca,True,555.69,547.29,True,845.89,547.29,True,845.89,-8.4
2021-04,Harina de trigo blanca,True,559.58,540.64,True,835.6,540.64,True,835.6,-18.94
2021-05,Harina de trigo blanca,True,558.69,542.26,True,838.11,542.26,True,838.11,-16.44
2021-06,Harina de trigo blanca,True,558.99,535.98,True,828.4,535.98,True,828.4,-23.01
2021-07,Harina de trigo blanca,True,564.69,540.15,True,834.85,540.15,True,834.85,-24.54
2021-08,Harina de trigo blanca,True,567.36,536.39,True,829.04,536.39,True,829.04,-30.97
2021-09,Harina de trigo blanca,True,577.7,543.48,True,839.99,543.48,True,839.99,-34.22
2021-10,Harina de trigo blanca,True,583.6,541.36,True,836.72,541.36,True,836.72,-42.24
2021-11,Harina de trigo blanca,True,585.17,561.8,True,868.32,561.8,True,868.32,-23.37
2021-12,Harina de trigo blanca,True,589.43,579.12,True,895.08,579.12,True,895.08,-10.31
2022-01,Harina de trigo blanca,True,598.78,599.37,True,926.39,599.37,True,926.39,0.6
2022-02,Harina de trigo blanca,True,607.5,657.65,True,1016.47,657.65,True,1016.47,50.16
2022-03,Harina de trigo blanca,True,627.97,708.81,True,1095.53,708.81,True,1095.53,80.83
2022-04,Harina de trigo blanca,True,641.94,756.25,True,1168.85,756.25,True,1168.85,114.31
2022-05,Harina de trigo blanca,True,653.38,751.55,True,1161.6,751.55,True,1161.6,98.17
2022-06,Harina de trigo blanca,True,662.09,772.32,True,1193.69,772.32,True,1193.69,110.23
2022-07,Harina de trigo blanca,True,673.33,836.32,True,1292.61,836.32,True,1292.61,162.99
2022-08,Harina de trigo blanca,True,686.16,846.13,True,1307.77,846.13,True,1307.77,159.97
2022-09,Harina de trigo blanca,True,699.34,866.92,True,1339.91,866.92,True,1339.91,167.59
2022-10,Harina de trigo blanca,True,705.06,885.75,True,1369.02,885.75,True,1369.02,180.69
2022-11,Harina de trigo blanca,True,716.13,901.72,True,1393.7,901.72,True,1393.7,185.6
2022-12,Harina de trigo blanca,True,723.42,908.13,True,1403.6,908.13,True,1403.6,184.71
2023-01,Harina de trigo blanca,True,730.78,934.13,True,1443.78,934.13,True,1443.78,203.34
2023-02,Harina de trigo blanca,True,731.08,977.34,True,1510.57,977.34,True,1510.57,246.26
2023-03,Harina de trigo blanca,True,734.44,975.33,True,1507.47,975.33,True,1507.47,240.89
2023-04,Harina de trigo blanca,True,735.3,985.73,True,1523.54,985.73,True,1523.54,250.43
2023-05,Harina de trigo blanca,True,736.77,971.95,True,1502.23,971.95,True,1502.23,235.18
2023-06,Harina de trigo blanca,True,739.53,986.83,True,1525.24,986.83,True,1525.24,247.31
2023-07,Harina de trigo blanca,True,747.3,995.17,True,1538.13,995.17,True,1538.13,247.88
2023-08,Harina de trigo blanca,True,749.99,969.21,True,1498.01,969.21,True,1498.01,219.22
2023-09,Harina de trigo blanca,True,756.97,968.08,True,1496.26,968.08,True,1496.26,211.11
2023-10,Harina de trigo blanca,True,762.88,967.47,True,1495.32,967.47,True,1495.32,204.6
2023-11,Harina de trigo blanca,True,769.28,965.47,True,1492.23,965.47,True,1492.23,196.2
2023-12,Harina de trigo blanca,True,765.99,964.43,True,1490.62,964.43,True,1490.62,198.44
2024-01,Harina de trigo blanca,True,772.69,1000.99,True,1547.13,1000.99,True,1547.13,228.3
2024-02,Harina de trigo blanca,True,775.61,1011.98,True,1564.11,1011.98,True,1564.11,236.37
2024-03,Harina de trigo blanca,True,771.23,997.17,True,1541.22,997.17,True,1541.22,225.94
2024-04,Harina de trigo blanca,True,776.83,934.36,True,1444.14,934.36,True,1444.14,157.53
2024-05,Harina de trigo blanca,True,778.12,917.42,True,1417.96,917.42,True,1417.96,139.29
2024-06,Harina de trigo blanca,True,787.2,896.53,True,1385.67,896.53,True,1385.67,109.33
2024-07,Harina de trigo blanca,True,788.34,910.91,True,1407.9,910.91,True,1407.9,122.58
2024-08,Harina de trigo blanca,True,792.48,898.93,True,1389.38,898.93,True,1389.38,106.45
2024-09,Harina de trigo blanca,True,790.08,882.12,True,1363.4,882.12,True,1363.4,92.04
2024-10,Harina de trigo blanca,True,804.86,863.53,True,1334.67,863.53,True,1334.67,58.67
2024-11,Harina de trigo blanca,True,804.15,863.63,True,1334.82,863.63,True,1334.82,59.48
2024-12,Harina de trigo blanca,True,799.73,871.2,True,1346.53,871.2,True,1346.53,71.47
2025-01,Harina de trigo blanca,True,803.34,908.16,True,1403.65,908.16,True,1403.65,104.83
2025-02,Harina de trigo blanca,True,805.32,879.57,True,1359.46,879.57,True,1359.46,74.26
2025-03,Harina de trigo blanca,True,813.68,863.56,True,1334.71,863.56,True,1334.71,49.88
2025-04,Harina de trigo blanca,True,814.53,860.37,True,1329.78,860.37,True,1329.78,45.84
2025-05,Harina de trigo blanca,True,816.93,873.32,True,1349.8,873.32,True,1349.8,56.39
2025-06,Harina de trigo blanca,True,812.31,875.81,True,1353.65,875.81,True,1353.65,63.5
2025-07,Harina de trigo blanca,True,818.44,856.5,True,1323.81,856.5,True,1323.81,38.07
2025-08,Harina de trigo blanca,True,825.03,858.09,True,1326.26,858.09,True,1326.26,33.06
2025-09,Harina de trigo blanca,True,831.88,847.16,True,1309.37,847.16,True,1309.37,15.28
2025-10,Harina de trigo blanca,True,835.8,850.02,True,1313.79,850.02,True,1313.79,14.22
2025-11,Harina de trigo blanca,True,838.6,849.55,True,1313.06,849.55,True,1313.06,10.95
2025-12,Harina de trigo blanca,True,837.65,836.43,True,1292.78,836.43,True,1292.78,-1.22
2026-01,Harina de trigo blanca,True,840.82,868.96,True,1343.06,868.96,True,1343.06,28.14
2026-02,Harina de trigo blanca,True,842.69,865.75,True,1338.1,865.75,True,1338.1,23.06
2026-03,Harina de trigo blanca,True,847.31,851.91,True,1316.71,851.91,True,1316.71,4.6
2026-04,Harina de trigo blanca,True,848.46,837.27,True,1294.08,837.27,True,1294.08,-11.19
2026-05,Harina de trigo blanca,True,844.81,817.21,True,1263.08,817.21,True,1263.08,-27.6
2026-06,Harina de trigo blanca,True,851.03,822.7,True,1271.56,822.7,True,1271.56,-28.33
2026-07,Harina de trigo blanca,True,856.31,844.48,True,1305.22,844.48,True,1305.22,-11.83
2026-08,Harina de trigo blanca,True,866.7,826.58,True,1277.56,826.58,True,1277.56,-40.12
2019-01,Pan corriente a granel,True,8162.47,8433.92,True,1342.55,8433.92,True,1342.55,271.45
2019-02,Pan corriente a granel,True,8146.39,8473.23,True,1348.81,8473.23,True,1348.81,326.84
2019-03,Pan corriente a granel,True,8204.69,8435.43,True,1342.79,8435.43,True,1342.79,230.75
2019-04,Pan corriente a granel,True,8237.49,8453.06,True,1345.6,8453.06,True,1345.6,215.57
2019-05,Pan corriente a granel,True,8242.34,8424.22,True,1341.01,8424.22,True,1341.01,181.89
2019-06,Pan corriente a granel,True,8274.39,8398.46,True,1336.91,8398.46,True,1336.91,124.07
2019-07,Pan corriente a granel,True,8292.43,8420.42,True,1340.4,8420.42,True,1340.4,127.98
2019-08,Pan corriente a granel,True,8338.83,8455.11,True,1345.93,8455.11,True,1345.93,116.28
2019-09,Pan corriente a granel,True,8340.75,8438.34,True,1343.26,8438.34,True,1343.26,97.59
2019-10,Pan corriente a granel,True,8402.73,8498.71,True,1352.87,8498.71,True,1352.87,95.98
2019-11,Pan corriente a granel,True,8486.26,8467.38,True,1347.88,8467.38,True,1347.88,-18.88
2019-12,Pan corriente a granel,True,8460.7,8608.22,True,1370.3,8608.22,True,1370.3,147.52
2020-01,Pan corriente a granel,True,8533.57,8624.31,True,1372.86,8624.31,True,1372.86,90.75
2020-02,Pan corriente a granel,True,8593.99,8698.59,True,1384.68,8698.59,True,1384.68,104.6
2020-03,Pan corriente a granel,True,8650.34,8904.48,True,1417.46,8904.48,True,1417.46,254.14
2020-04,Pan corriente a granel,True,8715.98,8945.82,True,1424.04,8945.82,True,1424.04,229.84
2020-05,Pan corriente a granel,True,8713.12,9170.92,True,1459.87,9170.92,True,1459.87,457.8
2020-06,Pan corriente a granel,True,8735.67,9203.62,True,1465.08,9203.62,True,1465.08,467.94
2020-07,Pan corriente a granel,True,8773.82,9159.9,True,1458.12,9159.9,True,1458.12,386.08
2020-08,Pan corriente a granel,True,8790.09,9200.76,True,1464.62,9200.76,True,1464.62,410.67
2020-09,Pan corriente a granel,True,8917.91,9178.18,True,1461.03,9178.18,True,1461.03,260.27
2020-10,Pan corriente a granel,True,8983.9,9257.6,True,1473.67,9257.6,True,1473.67,273.7
2020-11,Pan corriente a granel,True,8996.37,9303.29,True,1480.94,9303.29,True,1480.94,306.92
2020-12,Pan corriente a granel,True,9017.38,9292.96,True,1479.3,9292.96,True,1479.3,275.58
2021-01,Pan corriente a granel,True,9119.69,9299.4,True,1480.32,9299.4,True,1480.32,179.71
2021-02,Pan corriente a granel,True,9084.61,9401.28,True,1496.54,9401.28,True,1496.54,316.66
2021-03,Pan corriente a granel,True,9060.09,9414.12,True,1498.59,9414.12,True,1498.59,354.03
2021-04,Pan corriente a granel,True,9123.42,9471.86,True,1507.78,9471.86,True,1507.78,348.43
2021-05,Pan corriente a granel,True,9109.02,9544.25,True,1519.3,9544.25,True,1519.3,435.23
2021-06,Pan corriente a granel,True,9113.82,9540.0,True,1518.62,9540.0,True,1518.62,426.18
2021-07,Pan corriente a granel,True,9206.8,9621.46,True,1531.59,9621.46,True,1531.59,414.66
2021-08,Pan corriente a granel,True,9250.3,9630.8,True,1533.08,9630.8,True,1533.08,380.5
2021-09,Pan corriente a granel,True,9418.9,9664.07,True,1538.38,9664.07,True,1538.38,245.17
2021-10,Pan corriente a granel,True,9515.12,9827.18,True,1564.34,9827.18,True,1564.34,312.06
2021-11,Pan corriente a granel,True,9540.65,10186.71,True,1621.57,10186.71,True,1621.57,646.06
2021-12,Pan corriente a granel,True,9610.14,10529.1,True,1676.08,10529.1,True,1676.08,918.96
2022-01,Pan corriente a granel,True,9762.52,10782.24,True,1716.37,10782.24,True,1716.37,1019.73
2022-02,Pan corriente a granel,True,9904.74,11003.67,True,1751.62,11003.67,True,1751.62,1098.93
2022-03,Pan corriente a granel,True,10238.54,11419.2,True,1817.77,11419.2,True,1817.77,1180.66
2022-04,Pan corriente a granel,True,10466.22,11634.96,True,1852.11,11634.96,True,1852.11,1168.73
2022-05,Pan corriente a granel,True,10652.88,12015.58,True,1912.7,12015.58,True,1912.7,1362.7
2022-06,Pan corriente a granel,True,10794.83,12495.06,True,1989.03,12495.06,True,1989.03,1700.23
2022-07,Pan corriente a granel,True,10978.07,12656.27,True,2014.69,12656.27,True,2014.69,1678.2
2022-08,Pan corriente a granel,True,11187.22,12592.96,True,2004.61,12592.96,True,2004.61,1405.74
2022-09,Pan corriente a granel,True,11402.09,12655.81,True,2014.61,12655.81,True,2014.61,1253.72
2022-10,Pan corriente a granel,True,11495.44,12589.99,True,2004.14,12589.99,True,2004.14,1094.55
2022-11,Pan corriente a granel,True,11675.87,12578.66,True,2002.33,12578.66,True,2002.33,902.79
2022-12,Pan corriente a granel,True,11794.67,12675.72,True,2017.78,12675.72,True,2017.78,881.05
2023-01,Pan corriente a granel,True,11914.78,12953.31,True,2061.97,12953.31,True,2061.97,1038.53
2023-02,Pan corriente a granel,True,11919.61,13038.3,True,2075.5,13038.3,True,2075.5,1118.69
2023-03,Pan corriente a granel,True,11974.47,13052.99,True,2077.84,13052.99,True,2077.84,1078.52
2023-04,Pan corriente a granel,True,11988.4,13068.93,True,2080.38,13068.93,True,2080.38,1080.52
2023-05,Pan corriente a granel,True,12012.34,13104.87,True,2086.1,13104.87,True,2086.1,1092.53
2023-06,Pan corriente a granel,True,12057.33,13133.99,True,2090.73,13133.99,True,2090.73,1076.67
2023-07,Pan corriente a granel,True,12184.0,13157.63,True,2094.5,13157.63,True,2094.5,973.63
2023-08,Pan corriente a granel,True,12227.91,13195.28,True,2100.49,13195.28,True,2100.49,967.37
2023-09,Pan corriente a granel,True,12341.67,13224.58,True,2105.16,13224.58,True,2105.16,882.92
2023-10,Pan corriente a granel,True,12438.02,13209.68,True,2102.78,13209.68,True,2102.78,771.66
2023-11,Pan corriente a granel,True,12542.37,13294.0,True,2116.21,13294.0,True,2116.21,751.63
2023-12,Pan corriente a granel,True,12488.82,13233.05,True,2106.5,13233.05,True,2106.5,744.24
2024-01,Pan corriente a granel,True,12598.0,13252.86,True,2109.66,13252.86,True,2109.66,654.85
2024-02,Pan corriente a granel,True,12645.65,13352.41,True,2125.5,13352.41,True,2125.5,706.77
2024-03,Pan corriente a granel,True,12574.17,13455.87,True,2141.97,13455.87,True,2141.97,881.7
2024-04,Pan corriente a granel,True,12665.62,13361.04,True,2126.88,13361.04,True,2126.88,695.41
2024-05,Pan corriente a granel,True,12686.65,13395.37,True,2132.34,13395.37,True,2132.34,708.72
2024-06,Pan corriente a granel,True,12834.57,13426.65,True,2137.32,13426.65,True,2137.32,592.08
2024-07,Pan corriente a granel,True,12853.16,13434.97,True,2138.64,13434.97,True,2138.64,581.81
2024-08,Pan corriente a granel,True,12920.71,13448.32,True,2140.77,13448.32,True,2140.77,527.6
2024-09,Pan corriente a granel,True,12881.58,13357.22,True,2126.27,13357.22,True,2126.27,475.64
2024-10,Pan corriente a granel,True,13122.5,13487.74,True,2147.05,13487.74,True,2147.05,365.24
2024-11,Pan corriente a granel,True,13110.9,13559.28,True,2158.43,13559.28,True,2158.43,448.37
2024-12,Pan corriente a granel,True,13038.94,13492.03,True,2147.73,13492.03,True,2147.73,453.1
2025-01,Pan corriente a granel,True,13097.72,13525.05,True,2152.98,13525.05,True,2152.98,427.33
2025-02,Pan corriente a granel,True,13129.97,13646.4,True,2172.3,13646.4,True,2172.3,516.43
2025-03,Pan corriente a granel,True,13266.4,13661.73,True,2174.74,13661.73,True,2174.74,395.32
2025-04,Pan corriente a granel,True,13280.14,13741.82,True,2187.49,13741.82,True,2187.49,461.67
2025-05,Pan corriente a granel,True,13319.41,13748.12,True,2188.49,13748.12,True,2188.49,428.71
2025-06,Pan corriente a granel,True,13244.02,13723.07,True,2184.51,13723.07,True,2184.51,479.05
2025-07,Pan corriente a granel,True,13343.92,13681.62,True,2177.91,13681.62,True,2177.91,337.7
2025-08,Pan corriente a granel,True,13451.41,13697.64,True,2180.46,13697.64,True,2180.46,246.23
2025-09,Pan corriente a granel,True,13563.08,13693.21,True,2179.75,13693.21,True,2179.75,130.13
2025-10,Pan corriente a granel,True,13626.97,13697.06,True,2180.37,13697.06,True,2180.37,70.09
2025-11,Pan corriente a granel,True,13672.63,13691.88,True,2179.54,13691.88,True,2179.54,19.24
2025-12,Pan corriente a granel,True,13657.19,13747.72,True,2188.43,13747.72,True,2188.43,90.53
2026-01,Pan corriente a granel,True,13708.83,13823.37,True,2200.47,13823.37,True,2200.47,114.53
2026-02,Pan corriente a granel,True,13739.29,13785.55,True,2194.45,13785.55,True,2194.45,46.26
2026-03,Pan corriente a granel,True,13814.59,13774.48,True,2192.69,13774.48,True,2192.69,-40.12
2026-04,Pan corriente a granel,True,13833.42,13817.48,True,2199.54,13817.48,True,2199.54,-15.94
2026-05,Pan corriente a granel,True,13773.88,13968.42,True,2223.56,13968.42,True,2223.56,194.54
2026-06,Pan corriente a granel,True,13875.35,13986.78,True,2226.49,13986.78,True,2226.49,111.43
2026-07,Pan corriente a granel,True,13961.37,14080.21,True,2241.36,14080.21,True,2241.36,118.84
2026-08,Pan corriente a granel,True,14130.8,14155.72,True,2253.38,14155.72,True,2253.38,24.92
2019-01,Pan especial a granel,True,492.67,487.75,True,1588.76,487.75,True,1588.76,-4.92
2019-02,Pan especial a granel,True,491.7,483.19,True,1573.91,483.19,True,1573.91,-8.5
2019-03,Pan especial a granel,True,495.21,496.68,True,1617.86,496.68,True,1617.86,1.47
2019-04,Pan especial a granel,True,497.19,499.64,True,1627.5,499.64,True,1627.5,2.45
2019-05,Pan especial a granel,True,497.49,498.68,True,1624.36,498.68,True,1624.36,1.19
2019-06,Pan especial a granel,True,499.42,493.69,True,1608.12,493.69,True,1608.12,-5.73
2019-07,Pan especial a granel,True,500.51,494.9,True,1612.04,494.9,True,1612.04,-5.61
2019-08,Pan especial a granel,True,503.31,496.36,True,1616.79,496.36,True,1616.79,-6.96
2019-09,Pan especial a granel,True,503.43,493.81,True,1608.5,493.81,True,1608.5,-9.62
2019-10,Pan especial a granel,True,507.17,494.08,True,1609.4,494.08,True,1609.4,-13.08
2019-11,Pan especial a granel,True,512.21,494.87,True,1611.95,494.87,True,1611.95,-17.34
2019-12,Pan especial a granel,True,510.67,505.63,True,1647.02,505.63,True,1647.02,-5.03
2020-01,Pan especial a granel,True,515.06,504.81,True,1644.34,504.81,True,1644.34,-10.25
2020-02,Pan especial a granel,True,518.71,499.93,True,1628.44,499.93,True,1628.44,-18.78
2020-03,Pan especial a granel,True,522.11,508.67,True,1656.92,508.67,True,1656.92,-13.44
2020-04,Pan especial a granel,True,526.07,512.09,True,1668.03,512.09,True,1668.03,-13.99
2020-05,Pan especial a granel,True,525.9,513.85,True,1673.79,513.85,True,1673.79,-12.05
2020-06,Pan especial a granel,True,527.26,521.5,True,1698.71,521.5,True,1698.71,-5.76
2020-07,Pan especial a granel,True,529.57,520.43,True,1695.22,520.43,True,1695.22,-9.13
2020-08,Pan especial a granel,True,530.55,524.63,True,1708.89,524.63,True,1708.89,-5.92
2020-09,Pan especial a granel,True,538.26,523.96,True,1706.72,523.96,True,1706.72,-14.3
2020-10,Pan especial a granel,True,542.25,535.97,True,1745.83,535.97,True,1745.83,-6.28
2020-11,Pan especial a granel,True,543.0,538.81,True,1755.07,538.81,True,1755.07,-4.19
2020-12,Pan especial a granel,True,544.27,534.2,True,1740.08,534.2,True,1740.08,-10.06
2021-01,Pan especial a granel,True,550.44,534.56,True,1741.25,534.56,True,1741.25,-15.88
2021-02,Pan especial a granel,True,548.32,541.22,True,1762.92,541.22,True,1762.92,-7.11
2021-03,Pan especial a granel,True,546.84,542.83,True,1768.17,542.83,True,1768.17,-4.01
2021-04,Pan especial a granel,True,550.67,550.36,True,1792.71,550.36,True,1792.71,-0.3
2021-05,Pan especial a granel,True,549.8,553.73,True,1803.67,553.73,True,1803.67,3.93
2021-06,Pan especial a granel,True,550.09,554.46,True,1806.07,554.46,True,1806.07,4.38
2021-07,Pan especial a granel,True,555.7,553.91,True,1804.27,553.91,True,1804.27,-1.79
2021-08,Pan especial a granel,True,558.32,561.55,True,1829.16,561.55,True,1829.16,3.23
2021-09,Pan especial a granel,True,568.5,551.21,True,1795.48,551.21,True,1795.48,-17.29
2021-10,Pan especial a granel,True,574.31,574.26,True,1870.55,574.26,True,1870.55,-0.05
2021-11,Pan especial a granel,True,575.85,590.2,True,1922.49,590.2,True,1922.49,14.36
2021-12,Pan especial a granel,True,580.04,599.37,True,1952.33,599.37,True,1952.33,19.32
2022-01,Pan especial a granel,True,589.24,623.19,True,2029.93,623.19,True,2029.93,33.95
2022-02,Pan especial a granel,True,597.82,613.51,True,1998.42,613.51,True,1998.42,15.69
2022-03,Pan especial a granel,True,617.97,641.6,True,2089.89,641.6,True,2089.89,23.63
2022-04,Pan especial a granel,True,631.71,668.81,True,2178.54,668.81,True,2178.54,37.1
2022-05,Pan especial a granel,True,642.98,712.91,True,2322.18,712.91,True,2322.18,69.93
2022-06,Pan especial a granel,True,651.55,732.72,True,2386.71,732.72,True,2386.71,81.17
2022-07,Pan especial a granel,True,662.61,747.68,True,2435.43,747.68,True,2435.43,85.07
2022-08,Pan especial a granel,True,675.23,773.6,True,2519.86,773.6,True,2519.86,98.37
2022-09,Pan especial a granel,True,688.2,773.15,True,2518.41,773.15,True,2518.41,84.95
2022-10,Pan especial a granel,True,693.84,780.84,True,2543.45,780.84,True,2543.45,87.0
2022-11,Pan especial a granel,True,704.73,790.69,True,2575.52,790.69,True,2575.52,85.96
2022-12,Pan especial a granel,True,711.9,783.94,True,2553.57,783.94,True,2553.57,72.05
2023-01,Pan especial a granel,True,719.15,791.6,True,2578.5,791.6,True,2578.5,72.45
2023-02,Pan especial a granel,True,719.44,772.53,True,2516.4,772.53,True,2516.4,53.1
2023-03,Pan especial a granel,True,722.75,784.95,True,2556.83,784.95,True,2556.83,62.2
2023-04,Pan especial a granel,True,723.59,784.45,True,2555.22,784.45,True,2555.22,60.86
2023-05,Pan especial a granel,True,725.03,801.55,True,2610.91,801.55,True,2610.91,76.51
2023-06,Pan especial a granel,True,727.75,811.82,True,2644.35,811.82,True,2644.35,84.07
2023-07,Pan especial a granel,True,735.4,802.47,True,2613.92,802.47,True,2613.92,67.08
2023-08,Pan especial a granel,True,738.05,808.96,True,2635.04,808.96,True,2635.04,70.91
2023-09,Pan especial a granel,True,744.91,814.3,True,2652.45,814.3,True,2652.45,69.39
2023-10,Pan especial a granel,True,750.73,810.4,True,2639.75,810.4,True,2639.75,59.68
2023-11,Pan especial a granel,True,757.03,807.89,True,2631.57,807.89,True,2631.57,50.87
2023-12,Pan especial a granel,True,753.79,805.62,True,2624.16,805.62,True,2624.16,51.82
2024-01,Pan especial a granel,True,760.38,811.95,True,2644.77,811.95,True,2644.77,51.56
2024-02,Pan especial a granel,True,763.26,821.63,True,2676.33,821.63,True,2676.33,58.37
2024-03,Pan especial a granel,True,758.95,820.65,True,2673.12,820.65,True,2673.12,61.7
2024-04,Pan especial a granel,True,764.46,811.33,True,2642.78,811.33,True,2642.78,46.87
2024-05,Pan especial a granel,True,765.73,807.77,True,2631.17,807.77,True,2631.17,42.03
2024-06,Pan especial a granel,True,774.66,814.05,True,2651.63,814.05,True,2651.63,39.39
2024-07,Pan especial a granel,True,775.78,806.93,True,2628.43,806.93,True,2628.43,31.14
2024-08,Pan especial a granel,True,779.86,813.48,True,2649.78,813.48,True,2649.78,33.62
2024-09,Pan especial a granel,True,777.5,814.37,True,2652.69,814.37,True,2652.69,36.88
2024-10,Pan especial a granel,True,792.04,817.72,True,2663.58,817.72,True,2663.58,25.68
2024-11,Pan especial a granel,True,791.34,814.68,True,2653.69,814.68,True,2653.69,23.34
2024-12,Pan especial a granel,True,787.0,811.06,True,2641.89,811.06,True,2641.89,24.06
2025-01,Pan especial a granel,True,790.54,815.29,True,2655.68,815.29,True,2655.68,24.75
2025-02,Pan especial a granel,True,792.49,817.0,True,2661.25,817.0,True,2661.25,24.51
2025-03,Pan especial a granel,True,800.73,817.02,True,2661.31,817.02,True,2661.31,16.29
2025-04,Pan especial a granel,True,801.56,830.2,True,2704.23,830.2,True,2704.23,28.64
2025-05,Pan especial a granel,True,803.93,828.36,True,2698.23,828.36,True,2698.23,24.43
2025-06,Pan especial a granel,True,799.38,828.6,True,2699.01,828.6,True,2699.01,29.22
2025-07,Pan especial a granel,True,805.4,836.26,True,2723.97,836.26,True,2723.97,30.85
2025-08,Pan especial a granel,True,811.89,825.93,True,2690.33,825.93,True,2690.33,14.04
2025-09,Pan especial a granel,True,818.63,833.32,True,2714.4,833.32,True,2714.4,14.69
2025-10,Pan especial a granel,True,822.49,828.58,True,2698.95,828.58,True,2698.95,6.09
2025-11,Pan especial a granel,True,825.25,828.32,True,2698.12,828.32,True,2698.12,3.08
2025-12,Pan especial a granel,True,824.31,836.23,True,2723.86,836.23,True,2723.86,11.91
2026-01,Pan especial a granel,True,827.43,846.73,True,2758.07,846.73,True,2758.07,19.3
2026-02,Pan especial a granel,True,829.27,838.23,True,2730.4,838.23,True,2730.4,8.96
2026-03,Pan especial a granel,True,833.81,835.07,True,2720.11,835.07,True,2720.11,1.26
2026-04,Pan especial a granel,True,834.95,835.0,True,2719.88,835.0,True,2719.88,0.05
2026-05,Pan especial a granel,True,831.36,840.31,True,2737.18,840.31,True,2737.18,8.96
2026-06,Pan especial a granel,True,837.48,843.55,True,2747.72,843.55,True,2747.72,6.07
2026-07,Pan especial a granel,True,842.67,851.38,True,2773.24,851.38,True,2773.24,8.71
2026-08,Pan especial a granel,True,852.9,851.62,True,2774.01,851.62,True,2774.01,-1.28
2019-01,Pan envasado,False,325.26,325.26,False,,325.59,False,,0.0
2019-02,Pan envasado,False,324.61,324.61,False,,325.26,False,,0.0
2019-03,Pan envasado,False,326.94,326.94,False,,324.61,False,,0.0
2019-04,Pan envasado,False,328.24,328.24,False,,326.94,False,,0.0
2019-05,Pan envasado,False,328.44,328.44,False,,328.24,False,,0.0
2019-06,Pan envasado,False,329.71,329.71,False,,328.44,False,,0.0
2019-07,Pan envasado,False,330.43,330.43,False,,329.71,False,,0.0
2019-08,Pan envasado,False,332.28,332.28,False,,330.43,False,,0.0
2019-09,Pan envasado,False,332.36,332.36,False,,332.28,False,,0.0
2019-10,Pan envasado,False,334.83,334.83,False,,332.36,False,,0.0
2019-11,Pan envasado,False,338.16,338.16,False,,334.83,False,,0.0
2019-12,Pan envasado,False,337.14,337.14,False,,338.16,False,,0.0
2020-01,Pan envasado,False,340.04,340.04,False,,337.14,False,,0.0
2020-02,Pan envasado,False,342.45,342.45,False,,340.04,False,,0.0
2020-03,Pan envasado,False,344.7,344.7,False,,342.45,False,,0.0
2020-04,Pan envasado,False,347.31,347.31,False,,344.7,False,,0.0
2020-05,Pan envasado,False,347.2,347.2,False,,347.31,False,,0.0
2020-06,Pan envasado,False,348.1,348.1,False,,347.2,False,,0.0
2020-07,Pan envasado,False,349.62,349.62,False,,348.1,False,,0.0
2020-08,Pan envasado,False,350.26,350.26,False,,349.62,False,,0.0
2020-09,Pan envasado,False,355.36,355.36,False,,350.26,False,,0.0
2020-10,Pan envasado,False,357.99,357.99,False,,355.36,False,,0.0
2020-11,Pan envasado,False,358.48,358.48,False,,357.99,False,,0.0
2020-12,Pan envasado,False,359.32,359.32,False,,358.48,False,,0.0
2021-01,Pan envasado,False,363.4,363.4,False,,359.32,False,,0.0
2021-02,Pan envasado,False,362.0,362.0,False,,363.4,False,,0.0
2021-03,Pan envasado,False,361.02,361.02,False,,362.0,False,,0.0
2021-04,Pan envasado,False,363.55,363.55,False,,361.02,False,,0.0
2021-05,Pan envasado,False,362.97,362.97,False,,363.55,False,,0.0
2021-06,Pan envasado,False,363.16,363.16,False,,362.97,False,,0.0
2021-07,Pan envasado,False,366.87,366.87,False,,363.16,False,,0.0
2021-08,Pan envasado,False,368.6,368.6,False,,366.87,False,,0.0
2021-09,Pan envasado,False,375.32,375.32,False,,368.6,False,,0.0
2021-10,Pan envasado,False,379.16,379.16,False,,375.32,False,,0.0
2021-11,Pan envasado,False,380.17,380.17,False,,379.16,False,,0.0
2021-12,Pan envasado,False,382.94,382.94,False,,380.17,False,,0.0
2022-01,Pan envasado,False,389.01,389.01,False,,382.94,False,,0.0
2022-02,Pan envasado,False,394.68,394.68,False,,389.01,False,,0.0
2022-03,Pan envasado,False,407.98,407.98,False,,394.68,False,,0.0
2022-04,Pan envasado,False,417.05,417.05,False,,407.98,False,,0.0
2022-05,Pan envasado,False,424.49,424.49,False,,417.05,False,,0.0
2022-06,Pan envasado,False,430.15,430.15,False,,424.49,False,,0.0
2022-07,Pan envasado,False,437.45,437.45,False,,430.15,False,,0.0
2022-08,Pan envasado,False,445.78,445.78,False,,437.45,False,,0.0
2022-09,Pan envasado,False,454.35,454.35,False,,445.78,False,,0.0
2022-10,Pan envasado,False,458.07,458.07,False,,454.35,False,,0.0
2022-11,Pan envasado,False,465.26,465.26,False,,458.07,False,,0.0
2022-12,Pan envasado,False,469.99,469.99,False,,465.26,False,,0.0
2023-01,Pan envasado,False,474.78,474.78,False,,469.99,False,,0.0
2023-02,Pan envasado,False,474.97,474.97,False,,474.78,False,,0.0
2023-03,Pan envasado,False,477.15,477.15,False,,474.97,False,,0.0
2023-04,Pan envasado,False,477.71,477.71,False,,477.15,False,,0.0
2023-05,Pan envasado,False,478.66,478.66,False,,477.71,False,,0.0
2023-06,Pan envasado,False,480.46,480.46,False,,478.66,False,,0.0
2023-07,Pan envasado,False,485.5,485.5,False,,480.46,False,,0.0
2023-08,Pan envasado,False,487.25,487.25,False,,485.5,False,,0.0
2023-09,Pan envasado,False,491.79,491.79,False,,487.25,False,,0.0
2023-10,Pan envasado,False,495.63,495.63,False,,491.79,False,,0.0
2023-11,Pan envasado,False,499.78,499.78,False,,495.63,False,,0.0
2023-12,Pan envasado,False,497.65,497.65,False,,499.78,False,,0.0
2024-01,Pan envasado,False,502.0,502.0,False,,497.65,False,,0.0
2024-02,Pan envasado,False,503.9,503.9,False,,502.0,False,,0.0
2024-03,Pan envasado,False,501.05,501.05,False,,503.9,False,,0.0
2024-04,Pan envasado,False,504.7,504.7,False,,501.05,False,,0.0
2024-05,Pan envasado,False,505.53,505.53,False,,504.7,False,,0.0
2024-06,Pan envasado,False,511.43,511.43,False,,505.53,False,,0.0
2024-07,Pan envasado,False,512.17,512.17,False,,511.43,False,,0.0
2024-08,Pan envasado,False,514.86,514.86,False,,512.17,False,,0.0
2024-09,Pan envasado,False,513.3,513.3,False,,514.86,False,,0.0
2024-10,Pan envasado,False,522.9,522.9,False,,513.3,False,,0.0
2024-11,Pan envasado,False,522.44,522.44,False,,522.9,False,,0.0
2024-12,Pan envasado,False,519.57,519.57,False,,522.44,False,,0.0
2025-01,Pan envasado,False,521.91,521.91,False,,519.57,False,,0.0
2025-02,Pan envasado,False,523.2,523.2,False,,521.91,False,,0.0
2025-03,Pan envasado,False,528.63,528.63,False,,523.2,False,,0.0
2025-04,Pan envasado,False,529.18,529.18,False,,528.63,False,,0.0
2025-05,Pan envasado,False,530.75,530.75,False,,529.18,False,,0.0
2025-06,Pan envasado,False,527.74,527.74,False,,530.75,False,,0.0
2025-07,Pan envasado,False,531.72,531.72,False,,527.74,False,,0.0
2025-08,Pan envasado,False,536.01,536.01,False,,531.72,False,,0.0
2025-09,Pan envasado,False,540.46,540.46,False,,536.01,False,,0.0
2025-10,Pan envasado,False,543.0,543.0,False,,540.46,False,,0.0
2025-11,Pan envasado,False,544.82,544.82,False,,543.0,False,,0.0
2025-12,Pan envasado,False,544.21,544.21,False,,544.82,False,,0.0
2026-01,Pan envasado,False,546.26,546.26,False,,544.21,False,,0.0
2026-02,Pan envasado,False,547.48,547.48,False,,546.26,False,,0.0
2026-03,Pan envasado,False,550.48,550.48,False,,547.48,False,,0.0
2026-04,Pan envasado,False,551.23,551.23,False,,550.48,False,,0.0
2026-05,Pan envasado,False,548.86,548.86,False,,551.23,False,,0.0
2026-06,Pan envasado,False,552.9,552.9,False,,548.86,False,,0.0
2026-07,Pan envasado,False,556.33,556.33,False,,552.9,False,,0.0
2026-08,Pan envasado,False,563.08,563.08,False,,556.33,False,,0.0
2019-01,Galletas dulces con relleno,False,261.48,261.48,False,,261.75,False,,0.0
2019-02,Galletas dulces con relleno,False,260.96,260.96,False,,261.48,False,,0.0
2019-03,Galletas dulces con relleno,False,262.83,262.83,False,,260.96,False,,0.0
2019-04,Galletas dulces con relleno,False,263.88,263.88,False,,262.83,False,,0.0
2019-05,Galletas dulces con relleno,False,264.04,264.04,False,,263.88,False,,0.0
2019-06,Galletas dulces con relleno,False,265.06,265.06,False,,264.04,False,,0.0
2019-07,Galletas dulces con relleno,False,265.64,265.64,False,,265.06,False,,0.0
2019-08,Galletas dulces con relleno,False,267.13,267.13,False,,265.64,False,,0.0
2019-09,Galletas dulces con relleno,False,267.19,267.19,False,,267.13,False,,0.0
2019-10,Galletas dulces con relleno,False,269.18,269.18,False,,267.19,False,,0.0
2019-11,Galletas dulces con relleno,False,271.85,271.85,False,,269.18,False,,0.0
2019-12,Galletas dulces con relleno,False,271.03,271.03,False,,271.85,False,,0.0
2020-01,Galletas dulces con relleno,False,273.37,273.37,False,,271.03,False,,0.0
2020-02,Galletas dulces con relleno,False,275.3,275.3,False,,273.37,False,,0.0
2020-03,Galletas dulces con relleno,False,277.11,277.11,False,,275.3,False,,0.0
2020-04,Galletas dulces con relleno,False,279.21,279.21,False,,277.11,False,,0.0
2020-05,Galletas dulces con relleno,False,279.12,279.12,False,,279.21,False,,0.0
2020-06,Galletas dulces con relleno,False,279.84,279.84,False,,279.12,False,,0.0
2020-07,Galletas dulces con relleno,False,281.06,281.06,False,,279.84,False,,0.0
2020-08,Galletas dulces con relleno,False,281.59,281.59,False,,281.06,False,,0.0
2020-09,Galletas dulces con relleno,False,285.68,285.68,False,,281.59,False,,0.0
2020-10,Galletas dulces con relleno,False,287.79,287.79,False,,285.68,False,,0.0
2020-11,Galletas dulces con relleno,False,288.19,288.19,False,,287.79,False,,0.0
2020-12,Galletas dulces con relleno,False,288.87,288.87,False,,288.19,False,,0.0
2021-01,Galletas dulces con relleno,False,292.14,292.14,False,,288.87,False,,0.0
2021-02,Galletas dulces con relleno,False,291.02,291.02,False,,292.14,False,,0.0
2021-03,Galletas dulces con relleno,False,290.23,290.23,False,,291.02,False,,0.0
2021-04,Galletas dulces con relleno,False,292.26,292.26,False,,290.23,False,,0.0
2021-05,Galletas dulces con relleno,False,291.8,291.8,False,,292.26,False,,0.0
2021-06,Galletas dulces con relleno,False,291.96,291.96,False,,291.8,False,,0.0
2021-07,Galletas dulces con relleno,False,294.93,294.93,False,,291.96,False,,0.0
2021-08,Galletas dulces con relleno,False,296.33,296.33,False,,294.93,False,,0.0
2021-09,Galletas dulces con relleno,False,301.73,301.73,False,,296.33,False,,0.0
2021-10,Galletas dulces con relleno,False,304.81,304.81,False,,301.73,False,,0.0
2021-11,Galletas dulces con relleno,False,305.63,305.63,False,,304.81,False,,0.0
2021-12,Galletas dulces con relleno,False,307.85,307.85,False,,305.63,False,,0.0
2022-01,Galletas dulces con relleno,False,312.74,312.74,False,,307.85,False,,0.0
2022-02,Galletas dulces con relleno,False,317.29,317.29,False,,312.74,False,,0.0
2022-03,Galletas dulces con relleno,False,327.99,327.99,False,,317.29,False,,0.0
2022-04,Galletas dulces con relleno,False,335.28,335.28,False,,327.99,False,,0.0
2022-05,Galletas dulces con relleno,False,341.26,341.26,False,,335.28,False,,0.0
2022-06,Galletas dulces con relleno,False,345.81,345.81,False,,341.26,False,,0.0
2022-07,Galletas dulces con relleno,False,351.68,351.68,False,,345.81,False,,0.0
2022-08,Galletas dulces con relleno,False,358.38,358.38,False,,351.68,False,,0.0
2022-09,Galletas dulces con relleno,False,365.26,365.26,False,,358.38,False,,0.0
2022-10,Galletas dulces con relleno,False,368.25,368.25,False,,365.26,False,,0.0
2022-11,Galletas dulces con relleno,False,374.03,374.03,False,,368.25,False,,0.0
2022-12,Galletas dulces con relleno,False,377.83,377.83,False,,374.03,False,,0.0
2023-01,Galletas dulces con relleno,False,381.68,381.68,False,,377.83,False,,0.0
2023-02,Galletas dulces con relleno,False,381.84,381.84,False,,381.68,False,,0.0
2023-03,Galletas dulces con relleno,False,383.59,383.59,False,,381.84,False,,0.0
2023-04,Galletas dulces con relleno,False,384.04,384.04,False,,383.59,False,,0.0
2023-05,Galletas dulces con relleno,False,384.81,384.81,False,,384.04,False,,0.0
2023-06,Galletas dulces con relleno,False,386.25,386.25,False,,384.81,False,,0.0
2023-07,Galletas dulces con relleno,False,390.31,390.31,False,,386.25,False,,0.0
2023-08,Galletas dulces con relleno,False,391.71,391.71,False,,390.31,False,,0.0
2023-09,Galletas dulces con relleno,False,395.36,395.36,False,,391.71,False,,0.0
2023-10,Galletas dulces con relleno,False,398.44,398.44,False,,395.36,False,,0.0
2023-11,Galletas dulces con relleno,False,401.79,401.79,False,,398.44,False,,0.0
2023-12,Galletas dulces con relleno,False,400.07,400.07,False,,401.79,False,,0.0
2024-01,Galletas dulces con relleno,False,403.57,403.57,False,,400.07,False,,0.0
2024-02,Galletas dulces con relleno,False,405.1,405.1,False,,403.57,False,,0.0
2024-03,Galletas dulces con relleno,False,402.81,402.81,False,,405.1,False,,0.0
2024-04,Galletas dulces con relleno,False,405.74,405.74,False,,402.81,False,,0.0
2024-05,Galletas dulces con relleno,False,406.41,406.41,False,,405.74,False,,0.0
2024-06,Galletas dulces con relleno,False,411.15,411.15,False,,406.41,False,,0.0
2024-07,Galletas dulces con relleno,False,411.74,411.74,False,,411.15,False,,0.0
2024-08,Galletas dulces con relleno,False,413.91,413.91,False,,411.74,False,,0.0
2024-09,Galletas dulces con relleno,False,412.65,412.65,False,,413.91,False,,0.0
2024-10,Galletas dulces con relleno,False,420.37,420.37,False,,412.65,False,,0.0
2024-11,Galletas dulces con relleno,False,420.0,420.0,False,,420.37,False,,0.0
2024-12,Galletas dulces con relleno,False,417.69,417.69,False,,420.0,False,,0.0
2025-01,Galletas dulces con relleno,False,419.58,419.58,False,,417.69,False,,0.0
2025-02,Galletas dulces con relleno,False,420.61,420.61,False,,419.58,False,,0.0
2025-03,Galletas dulces con relleno,False,424.98,424.98,False,,420.61,False,,0.0
2025-04,Galletas dulces con relleno,False,425.42,425.42,False,,424.98,False,,0.0
2025-05,Galletas dulces con relleno,False,426.68,426.68,False,,425.42,False,,0.0
2025-06,Galletas dulces con relleno,False,424.26,424.26,False,,426.68,False,,0.0
2025-07,Galletas dulces con relleno,False,427.46,427.46,False,,424.26,False,,0.0
2025-08,Galletas dulces con relleno,False,430.91,430.91,False,,427.46,False,,0.0
2025-09,Galletas dulces con relleno,False,434.48,434.48,False,,430.91,False,,0.0
2025-10,Galletas dulces con relleno,False,436.53,436.53,False,,434.48,False,,0.0
2025-11,Galletas dulces con relleno,False,437.99,437.99,False,,436.53,False,,0.0
2025-12,Galletas dulces con relleno,False,437.5,437.5,False,,437.99,False,,0.0
2026-01,Galletas dulces con relleno,False,439.15,439.15,False,,437.5,False,,0.0
2026-02,Galletas dulces con relleno,False,440.13,440.13,False,,439.15,False,,0.0
2026-03,Galletas dulces con relleno,False,442.54,442.54,False,,440.13,False,,0.0
2026-04,Galletas dulces con relleno,False,443.14,443.14,False,,442.54,False,,0.0
2026-05,Galletas dulces con relleno,False,441.24,441.24,False,,443.14,False,,0.0
2026-06,Galletas dulces con relleno,False,444.49,444.49,False,,441.24,False,,0.0
2026-07,Galletas dulces con relleno,False,447.24,447.24,False,,444.49,False,,0.0
2026-08,Galletas dulces con relleno,False,452.67,452.67,False,,447.24,False,,0.0
2019-01,Galletas dulces sin relleno,False,93.27,93.27,False,,93.37,False,,0.0
2019-02,Galletas dulces sin relleno,False,93.09,93.09,False,,93.27,False,,0.0
2019-03,Galletas dulces sin relleno,False,93.75,93.75,False,,93.09,False,,0.0
2019-04,Galletas dulces sin relleno,False,94.13,94.13,False,,93.75,False,,0.0
2019-05,Galletas dulces sin relleno,False,94.18,94.18,False,,94.13,False,,0.0
2019-06,Galletas dulces sin relleno,False,94.55,94.55,False,,94.18,False,,0.0
2019-07,Galletas dulces sin relleno,False,94.76,94.76,False,,94.55,False,,0.0
2019-08,Galletas dulces sin relleno,False,95.29,95.29,False,,94.76,False,,0.0
2019-09,Galletas dulces sin relleno,False,95.31,95.31,False,,95.29,False,,0.0
2019-10,Galletas dulces sin relleno,False,96.02,96.02,False,,95.31,False,,0.0
2019-11,Galletas dulces sin relleno,False,96.97,96.97,False,,96.02,False,,0.0
2019-12,Galletas dulces sin relleno,False,96.68,96.68,False,,96.97,False,,0.0
2020-01,Galletas dulces sin relleno,False,97.51,97.51,False,,96.68,False,,0.0
2020-02,Galletas dulces sin relleno,False,98.2,98.2,False,,97.51,False,,0.0
2020-03,Galletas dulces sin relleno,False,98.85,98.85,False,,98.2,False,,0.0
2020-04,Galletas dulces sin relleno,False,99.6,99.6,False,,98.85,False,,0.0
2020-05,Galletas dulces sin relleno,False,99.56,99.56,False,,99.6,False,,0.0
2020-06,Galletas dulces sin relleno,False,99.82,99.82,False,,99.56,False,,0.0
2020-07,Galletas dulces sin relleno,False,100.26,100.26,False,,99.82,False,,0.0
2020-08,Galletas dulces sin relleno,False,100.44,100.44,False,,100.26,False,,0.0
2020-09,Galletas dulces sin relleno,False,101.9,101.9,False,,100.44,False,,0.0
2020-10,Galletas dulces sin relleno,False,102.66,102.66,False,,101.9,False,,0.0
2020-11,Galletas dulces sin relleno,False,102.8,102.8,False,,102.66,False,,0.0
2020-12,Galletas dulces sin relleno,False,103.04,103.04,False,,102.8,False,,0.0
2021-01,Galletas dulces sin relleno,False,104.21,104.21,False,,103.04,False,,0.0
2021-02,Galletas dulces sin relleno,False,103.81,103.81,False,,104.21,False,,0.0
2021-03,Galletas dulces sin relleno,False,103.53,103.53,False,,103.81,False,,0.0
2021-04,Galletas dulces sin relleno,False,104.25,104.25,False,,103.53,False,,0.0
2021-05,Galletas dulces sin relleno,False,104.09,104.09,False,,104.25,False,,0.0
2021-06,Galletas dulces sin relleno,False,104.14,104.14,False,,104.09,False,,0.0
2021-07,Galletas dulces sin relleno,False,105.21,105.21,False,,104.14,False,,0.0
2021-08,Galletas dulces sin relleno,False,105.7,105.7,False,,105.21,False,,0.0
2021-09,Galletas dulces sin relleno,False,107.63,107.63,False,,105.7,False,,0.0
2021-10,Galletas dulces sin relleno,False,108.73,108.73,False,,107.63,False,,0.0
2021-11,Galletas dulces sin relleno,False,109.02,109.02,False,,108.73,False,,0.0
2021-12,Galletas dulces sin relleno,False,109.81,109.81,False,,109.02,False,,0.0
2022-01,Galletas dulces sin relleno,False,111.56,111.56,False,,109.81,False,,0.0
2022-02,Galletas dulces sin relleno,False,113.18,113.18,False,,111.56,False,,0.0
2022-03,Galletas dulces sin relleno,False,116.99,116.99,False,,113.18,False,,0.0
2022-04,Galletas dulces sin relleno,False,119.6,119.6,False,,116.99,False,,0.0
2022-05,Galletas dulces sin relleno,False,121.73,121.73,False,,119.6,False,,0.0
2022-06,Galletas dulces sin relleno,False,123.35,123.35,False,,121.73,False,,0.0
2022-07,Galletas dulces sin relleno,False,125.45,125.45,False,,123.35,False,,0.0
2022-08,Galletas dulces sin relleno,False,127.84,127.84,False,,125.45,False,,0.0
2022-09,Galletas dulces sin relleno,False,130.29,130.29,False,,127.84,False,,0.0
2022-10,Galletas dulces sin relleno,False,131.36,131.36,False,,130.29,False,,0.0
2022-11,Galletas dulces sin relleno,False,133.42,133.42,False,,131.36,False,,0.0
2022-12,Galletas dulces sin relleno,False,134.78,134.78,False,,133.42,False,,0.0
2023-01,Galletas dulces sin relleno,False,136.15,136.15,False,,134.78,False,,0.0
2023-02,Galletas dulces sin relleno,False,136.2,136.2,False,,136.15,False,,0.0
2023-03,Galletas dulces sin relleno,False,136.83,136.83,False,,136.2,False,,0.0
2023-04,Galletas dulces sin relleno,False,136.99,136.99,False,,136.83,False,,0.0
2023-05,Galletas dulces sin relleno,False,137.26,137.26,False,,136.99,False,,0.0
2023-06,Galletas dulces sin relleno,False,137.78,137.78,False,,137.26,False,,0.0
2023-07,Galletas dulces sin relleno,False,139.23,139.23,False,,137.78,False,,0.0
2023-08,Galletas dulces sin relleno,False,139.73,139.73,False,,139.23,False,,0.0
2023-09,Galletas dulces sin relleno,False,141.03,141.03,False,,139.73,False,,0.0
2023-10,Galletas dulces sin relleno,False,142.13,142.13,False,,141.03,False,,0.0
2023-11,Galletas dulces sin relleno,False,143.32,143.32,False,,142.13,False,,0.0
2023-12,Galletas dulces sin relleno,False,142.71,142.71,False,,143.32,False,,0.0
2024-01,Galletas dulces sin relleno,False,143.96,143.96,False,,142.71,False,,0.0
2024-02,Galletas dulces sin relleno,False,144.5,144.5,False,,143.96,False,,0.0
2024-03,Galletas dulces sin relleno,False,143.68,143.68,False,,144.5,False,,0.0
2024-04,Galletas dulces sin relleno,False,144.73,144.73,False,,143.68,False,,0.0
2024-05,Galletas dulces sin relleno,False,144.97,144.97,False,,144.73,False,,0.0
2024-06,Galletas dulces sin relleno,False,146.66,146.66,False,,144.97,False,,0.0
2024-07,Galletas dulces sin relleno,False,146.87,146.87,False,,146.66,False,,0.0
2024-08,Galletas dulces sin relleno,False,147.64,147.64,False,,146.87,False,,0.0
2024-09,Galletas dulces sin relleno,False,147.2,147.2,False,,147.64,False,,0.0
2024-10,Galletas dulces sin relleno,False,149.95,149.95,False,,147.2,False,,0.0
2024-11,Galletas dulces sin relleno,False,149.82,149.82,False,,149.95,False,,0.0
2024-12,Galletas dulces sin relleno,False,148.99,148.99,False,,149.82,False,,0.0
2025-01,Galletas dulces sin relleno,False,149.67,149.67,False,,148.99,False,,0.0
2025-02,Galletas dulces sin relleno,False,150.03,150.03,False,,149.67,False,,0.0
2025-03,Galletas dulces sin relleno,False,151.59,151.59,False,,150.03,False,,0.0
2025-04,Galletas dulces sin relleno,False,151.75,151.75,False,,151.59,False,,0.0
2025-05,Galletas dulces sin relleno,False,152.2,152.2,False,,151.75,False,,0.0
2025-06,Galletas dulces sin relleno,False,151.34,151.34,False,,152.2,False,,0.0
2025-07,Galletas dulces sin relleno,False,152.48,152.48,False,,151.34,False,,0.0
2025-08,Galletas dulces sin relleno,False,153.71,153.71,False,,152.48,False,,0.0
2025-09,Galletas dulces sin relleno,False,154.98,154.98,False,,153.71,False,,0.0
2025-10,Galletas dulces sin relleno,False,155.71,155.71,False,,154.98,False,,0.0
2025-11,Galletas dulces sin relleno,False,156.24,156.24,False,,155.71,False,,0.0
2025-12,Galletas dulces sin relleno,False,156.06,156.06,False,,156.24,False,,0.0
2026-01,Galletas dulces sin relleno,False,156.65,156.65,False,,156.06,False,,0.0
2026-02,Galletas dulces sin relleno,False,157.0,157.0,False,,156.65,False,,0.0
2026-03,Galletas dulces sin relleno,False,157.86,157.86,False,,157.0,False,,0.0
2026-04,Galletas dulces sin relleno,False,158.07,158.07,False,,157.86,False,,0.0
2026-05,Galletas dulces sin relleno,False,157.39,157.39,False,,158.07,False,,0.0
2026-06,Galletas dulces sin relleno,False,158.55,158.55,False,,157.39,False,,0.0
2026-07,Galletas dulces sin relleno,False,159.54,159.54,False,,158.55,False,,0.0
2026-08,Galletas dulces sin relleno,False,161.47,161.47,False,,159.54,False,,0.0
2019-01,Galletas no dulces,False,80.52,80.52,False,,80.6,False,,0.0
2019-02,Galletas no dulces,False,80.36,80.36,False,,80.52,False,,0.0
2019-03,Galletas no dulces,False,80.93,80.93,False,,80.36,False,,0.0
2019-04,Galletas no dulces,False,81.26,81.26,False,,80.93,False,,0.0
2019-05,Galletas no dulces,False,81.3,81.3,False,,81.26,False,,0.0
2019-06,Galletas no dulces,False,81.62,81.62,False,,81.3,False,,0.0
2019-07,Galletas no dulces,False,81.8,81.8,False,,81.62,False,,0.0
2019-08,Galletas no dulces,False,82.26,82.26,False,,81.8,False,,0.0
2019-09,Galletas no dulces,False,82.28,82.28,False,,82.26,False,,0.0
2019-10,Galletas no dulces,False,82.89,82.89,False,,82.28,False,,0.0
2019-11,Galletas no dulces,False,83.71,83.71,False,,82.89,False,,0.0
2019-12,Galletas no dulces,False,83.46,83.46,False,,83.71,False,,0.0
2020-01,Galletas no dulces,False,84.18,84.18,False,,83.46,False,,0.0
2020-02,Galletas no dulces,False,84.77,84.77,False,,84.18,False,,0.0
2020-03,Galletas no dulces,False,85.33,85.33,False,,84.77,False,,0.0
2020-04,Galletas no dulces,False,85.98,85.98,False,,85.33,False,,0.0
2020-05,Galletas no dulces,False,85.95,85.95,False,,85.98,False,,0.0
2020-06,Galletas no dulces,False,86.17,86.17,False,,85.95,False,,0.0
2020-07,Galletas no dulces,False,86.55,86.55,False,,86.17,False,,0.0
2020-08,Galletas no dulces,False,86.71,86.71,False,,86.55,False,,0.0
2020-09,Galletas no dulces,False,87.97,87.97,False,,86.71,False,,0.0
2020-10,Galletas no dulces,False,88.62,88.62,False,,87.97,False,,0.0
2020-11,Galletas no dulces,False,88.74,88.74,False,,88.62,False,,0.0
2020-12,Galletas no dulces,False,88.95,88.95,False,,88.74,False,,0.0
2021-01,Galletas no dulces,False,89.96,89.96,False,,88.95,False,,0.0
2021-02,Galletas no dulces,False,89.61,89.61,False,,89.96,False,,0.0
2021-03,Galletas no dulces,False,89.37,89.37,False,,89.61,False,,0.0
2021-04,Galletas no dulces,False,90.0,90.0,False,,89.37,False,,0.0
2021-05,Galletas no dulces,False,89.85,89.85,False,,90.0,False,,0.0
2021-06,Galletas no dulces,False,89.9,89.9,False,,89.85,False,,0.0
2021-07,Galletas no dulces,False,90.82,90.82,False,,89.9,False,,0.0
2021-08,Galletas no dulces,False,91.25,91.25,False,,90.82,False,,0.0
2021-09,Galletas no dulces,False,92.91,92.91,False,,91.25,False,,0.0
2021-10,Galletas no dulces,False,93.86,93.86,False,,92.91,False,,0.0
2021-11,Galletas no dulces,False,94.11,94.11,False,,93.86,False,,0.0
2021-12,Galletas no dulces,False,94.8,94.8,False,,94.11,False,,0.0
2022-01,Galletas no dulces,False,96.3,96.3,False,,94.8,False,,0.0
2022-02,Galletas no dulces,False,97.7,97.7,False,,96.3,False,,0.0
2022-03,Galletas no dulces,False,101.0,101.0,False,,97.7,False,,0.0
2022-04,Galletas no dulces,False,103.24,103.24,False,,101.0,False,,0.0
2022-05,Galletas no dulces,False,105.08,105.08,False,,103.24,False,,0.0
2022-06,Galletas no dulces,False,106.48,106.48,False,,105.08,False,,0.0
2022-07,Galletas no dulces,False,108.29,108.29,False,,106.48,False,,0.0
2022-08,Galletas no dulces,False,110.35,110.35,False,,108.29,False,,0.0
2022-09,Galletas no dulces,False,112.47,112.47,False,,110.35,False,,0.0
2022-10,Galletas no dulces,False,113.39,113.39,False,,112.47,False,,0.0
2022-11,Galletas no dulces,False,115.17,115.17,False,,113.39,False,,0.0
2022-12,Galletas no dulces,False,116.35,116.35,False,,115.17,False,,0.0
2023-01,Galletas no dulces,False,117.53,117.53,False,,116.35,False,,0.0
2023-02,Galletas no dulces,False,117.58,117.58,False,,117.53,False,,0.0
2023-03,Galletas no dulces,False,118.12,118.12,False,,117.58,False,,0.0
2023-04,Galletas no dulces,False,118.26,118.26,False,,118.12,False,,0.0
2023-05,Galletas no dulces,False,118.49,118.49,False,,118.26,False,,0.0
2023-06,Galletas no dulces,False,118.94,118.94,False,,118.49,False,,0.0
2023-07,Galletas no dulces,False,120.19,120.19,False,,118.94,False,,0.0
2023-08,Galletas no dulces,False,120.62,120.62,False,,120.19,False,,0.0
2023-09,Galletas no dulces,False,121.74,121.74,False,,120.62,False,,0.0
2023-10,Galletas no dulces,False,122.69,122.69,False,,121.74,False,,0.0
2023-11,Galletas no dulces,False,123.72,123.72,False,,122.69,False,,0.0
2023-12,Galletas no dulces,False,123.19,123.19,False,,123.72,False,,0.0
2024-01,Galletas no dulces,False,124.27,124.27,False,,123.19,False,,0.0
2024-02,Galletas no dulces,False,124.74,124.74,False,,124.27,False,,0.0
2024-03,Galletas no dulces,False,124.03,124.03,False,,124.74,False,,0.0
2024-04,Galletas no dulces,False,124.94,124.94,False,,124.03,False,,0.0
2024-05,Galletas no dulces,False,125.14,125.14,False,,124.94,False,,0.0
2024-06,Galletas no dulces,False,126.6,126.6,False,,125.14,False,,0.0
2024-07,Galletas no dulces,False,126.79,126.79,False,,126.6,False,,0.0
2024-08,Galletas no dulces,False,127.45,127.45,False,,126.79,False,,0.0
2024-09,Galletas no dulces,False,127.07,127.07,False,,127.45,False,,0.0
2024-10,Galletas no dulces,False,129.44,129.44,False,,127.07,False,,0.0
2024-11,Galletas no dulces,False,129.33,129.33,False,,129.44,False,,0.0
2024-12,Galletas no dulces,False,128.62,128.62,False,,129.33,False,,0.0
2025-01,Galletas no dulces,False,129.2,129.2,False,,128.62,False,,0.0
2025-02,Galletas no dulces,False,129.52,129.52,False,,129.2,False,,0.0
2025-03,Galletas no dulces,False,130.86,130.86,False,,129.52,False,,0.0
2025-04,Galletas no dulces,False,131.0,131.0,False,,130.86,False,,0.0
2025-05,Galletas no dulces,False,131.39,131.39,False,,131.0,False,,0.0
2025-06,Galletas no dulces,False,130.64,130.64,False,,131.39,False,,0.0
2025-07,Galletas no dulces,False,131.63,131.63,False,,130.64,False,,0.0
2025-08,Galletas no dulces,False,132.69,132.69,False,,131.63,False,,0.0
2025-09,Galletas no dulces,False,133.79,133.79,False,,132.69,False,,0.0
2025-10,Galletas no dulces,False,134.42,134.42,False,,133.79,False,,0.0
2025-11,Galletas no dulces,False,134.87,134.87,False,,134.42,False,,0.0
2025-12,Galletas no dulces,False,134.72,134.72,False,,134.87,False,,0.0
2026-01,Galletas no dulces,False,135.23,135.23,False,,134.72,False,,0.0
2026-02,Galletas no dulces,False,135.53,135.53,False,,135.23,False,,0.0
2026-03,Galletas no dulces,False,136.27,136.27,False,,135.53,False,,0.0
2026-04,Galletas no dulces,False,136.46,136.46,False,,136.27,False,,0.0
2026-05,Galletas no dulces,False,135.87,135.87,False,,136.46,False,,0.0
2026-06,Galletas no dulces,False,136.87,136.87,False,,135.87,False,,0.0
2026-07,Galletas no dulces,False,137.72,137.72,False,,136.87,False,,0.0
2026-08,Galletas no dulces,False,139.39,139.39,False,,137.72,False,,0.0
2019-01,Galletas no identificadas,False,311.7,311.7,False,,312.03,False,,0.0
2019-02,Galletas no identificadas,False,311.09,311.09,False,,311.7,False,,0.0
2019-03,Galletas no identificadas,False,313.31,313.31,False,,311.09,False,,0.0
2019-04,Galletas no identificadas,False,314.57,314.57,False,,313.31,False,,0.0
2019-05,Galletas no identificadas,False,314.75,314.75,False,,314.57,False,,0.0
2019-06,Galletas no identificadas,False,315.98,315.98,False,,314.75,False,,0.0
2019-07,Galletas no identificadas,False,316.67,316.67,False,,315.98,False,,0.0
2019-08,Galletas no identificadas,False,318.44,318.44,False,,316.67,False,,0.0
2019-09,Galletas no identificadas,False,318.51,318.51,False,,318.44,False,,0.0
2019-10,Galletas no identificadas,False,320.88,320.88,False,,318.51,False,,0.0
2019-11,Galletas no identificadas,False,324.07,324.07,False,,320.88,False,,0.0
2019-12,Galletas no identificadas,False,323.09,323.09,False,,324.07,False,,0.0
2020-01,Galletas no identificadas,False,325.87,325.87,False,,323.09,False,,0.0
2020-02,Galletas no identificadas,False,328.18,328.18,False,,325.87,False,,0.0
2020-03,Galletas no identificadas,False,330.33,330.33,False,,328.18,False,,0.0
2020-04,Galletas no identificadas,False,332.84,332.84,False,,330.33,False,,0.0
2020-05,Galletas no identificadas,False,332.73,332.73,False,,332.84,False,,0.0
2020-06,Galletas no identificadas,False,333.59,333.59,False,,332.73,False,,0.0
2020-07,Galletas no identificadas,False,335.05,335.05,False,,333.59,False,,0.0
2020-08,Galletas no identificadas,False,335.67,335.67,False,,335.05,False,,0.0
2020-09,Galletas no identificadas,False,340.55,340.55,False,,335.67,False,,0.0
2020-10,Galletas no identificadas,False,343.07,343.07,False,,340.55,False,,0.0
2020-11,Galletas no identificadas,False,343.55,343.55,False,,343.07,False,,0.0
2020-12,Galletas no identificadas,False,344.35,344.35,False,,343.55,False,,0.0
2021-01,Galletas no identificadas,False,348.26,348.26,False,,344.35,False,,0.0
2021-02,Galletas no identificadas,False,346.92,346.92,False,,348.26,False,,0.0
2021-03,Galletas no identificadas,False,345.98,345.98,False,,346.92,False,,0.0
2021-04,Galletas no identificadas,False,348.4,348.4,False,,345.98,False,,0.0
2021-05,Galletas no identificadas,False,347.85,347.85,False,,348.4,False,,0.0
2021-06,Galletas no identificadas,False,348.03,348.03,False,,347.85,False,,0.0
2021-07,Galletas no identificadas,False,351.58,351.58,False,,348.03,False,,0.0
2021-08,Galletas no identificadas,False,353.24,353.24,False,,351.58,False,,0.0
2021-09,Galletas no identificadas,False,359.68,359.68,False,,353.24,False,,0.0
2021-10,Galletas no identificadas,False,363.36,363.36,False,,359.68,False,,0.0
2021-11,Galletas no identificadas,False,364.33,364.33,False,,363.36,False,,0.0
2021-12,Galletas no identificadas,False,366.99,366.99,False,,364.33,False,,0.0
2022-01,Galletas no identificadas,False,372.8,372.8,False,,366.99,False,,0.0
2022-02,Galletas no identificadas,False,378.24,378.24,False,,372.8,False,,0.0
2022-03,Galletas no identificadas,False,390.98,390.98,False,,378.24,False,,0.0
2022-04,Galletas no identificadas,False,399.68,399.68,False,,390.98,False,,0.0
2022-05,Galletas no identificadas,False,406.8,406.8,False,,399.68,False,,0.0
2022-06,Galletas no identificadas,False,412.23,412.23,False,,406.8,False,,0.0
2022-07,Galletas no identificadas,False,419.22,419.22,False,,412.23,False,,0.0
2022-08,Galletas no identificadas,False,427.21,427.21,False,,419.22,False,,0.0
2022-09,Galletas no identificadas,False,435.42,435.42,False,,427.21,False,,0.0
2022-10,Galletas no identificadas,False,438.98,438.98,False,,435.42,False,,0.0
2022-11,Galletas no identificadas,False,445.87,445.87,False,,438.98,False,,0.0
2022-12,Galletas no identificadas,False,450.41,450.41,False,,445.87,False,,0.0
2023-01,Galletas no identificadas,False,454.99,454.99,False,,450.41,False,,0.0
2023-02,Galletas no identificadas,False,455.18,455.18,False,,454.99,False,,0.0
2023-03,Galletas no identificadas,False,457.27,457.27,False,,455.18,False,,0.0
2023-04,Galletas no identificadas,False,457.81,457.81,False,,457.27,False,,0.0
2023-05,Galletas no identificadas,False,458.72,458.72,False,,457.81,False,,0.0
2023-06,Galletas no identificadas,False,460.44,460.44,False,,458.72,False,,0.0
2023-07,Galletas no identificadas,False,465.27,465.27,False,,460.44,False,,0.0
2023-08,Galletas no identificadas,False,466.95,466.95,False,,465.27,False,,0.0
2023-09,Galletas no identificadas,False,471.3,471.3,False,,466.95,False,,0.0
2023-10,Galletas no identificadas,False,474.97,474.97,False,,471.3,False,,0.0
2023-11,Galletas no identificadas,False,478.96,478.96,False,,474.97,False,,0.0
2023-12,Galletas no identificadas,False,476.91,476.91,False,,478.96,False,,0.0
2024-01,Galletas no identificadas,False,481.08,481.08,False,,476.91,False,,0.0
2024-02,Galletas no identificadas,False,482.9,482.9,False,,481.08,False,,0.0
2024-03,Galletas no identificadas,False,480.17,480.17,False,,482.9,False,,0.0
2024-04,Galletas no identificadas,False,483.67,483.67,False,,480.17,False,,0.0
2024-05,Galletas no identificadas,False,484.47,484.47,False,,483.67,False,,0.0
2024-06,Galletas no identificadas,False,490.12,490.12,False,,484.47,False,,0.0
2024-07,Galletas no identificadas,False,490.83,490.83,False,,490.12,False,,0.0
2024-08,Galletas no identificadas,False,493.41,493.41,False,,490.83,False,,0.0
2024-09,Galletas no identificadas,False,491.91,491.91,False,,493.41,False,,0.0
2024-10,Galletas no identificadas,False,501.11,501.11,False,,491.91,False,,0.0
2024-11,Galletas no identificadas,False,500.67,500.67,False,,501.11,False,,0.0
2024-12,Galletas no identificadas,False,497.92,497.92,False,,500.67,False,,0.0
2025-01,Galletas no identificadas,False,500.17,500.17,False,,497.92,False,,0.0
2025-02,Galletas no identificadas,False,501.4,501.4,False,,500.17,False,,0.0
2025-03,Galletas no identificadas,False,506.61,506.61,False,,501.4,False,,0.0
2025-04,Galletas no identificadas,False,507.13,507.13,False,,506.61,False,,0.0
2025-05,Galletas no identificadas,False,508.63,508.63,False,,507.13,False,,0.0
2025-06,Galletas no identificadas,False,505.75,505.75,False,,508.63,False,,0.0
2025-07,Galletas no identificadas,False,509.57,509.57,False,,505.75,False,,0.0
2025-08,Galletas no identificadas,False,513.67,513.67,False,,509.57,False,,0.0
2025-09,Galletas no identificadas,False,517.94,517.94,False,,513.67,False,,0.0
2025-10,Galletas no identificadas,False,520.38,520.38,False,,517.94,False,,0.0
2025-11,Galletas no identificadas,False,522.12,522.12,False,,520.38,False,,0.0
2025-12,Galletas no identificadas,False,521.53,521.53,False,,522.12,False,,0.0
2026-01,Galletas no identificadas,False,523.5,523.5,False,,521.53,False,,0.0
2026-02,Galletas no identificadas,False,524.67,524.67,False,,523.5,False,,0.0
2026-03,Galletas no identificadas,False,527.54,527.54,False,,524.67,False,,0.0
2026-04,Galletas no identificadas,False,528.26,528.26,False,,527.54,False,,0.0
2026-05,Galletas no identificadas,False,525.99,525.99,False,,528.26,False,,0.0
2026-06,Galletas no identificadas,False,529.86,529.86,False,,525.99,False,,0.0
2026-07,Galletas no identificadas,False,533.15,533.15,False,,529.86,False,,0.0
2026-08,Galletas no identificadas,False,539.62,539.62,False,,533.15,False,,0.0
2019-01,Tortas y masas dulces grandes,False,295.76,295.76,False,,296.07,False,,0.0
2019-02,Tortas y masas dulces grandes,False,295.18,295.18,False,,295.76,False,,0.0
2019-03,Tortas y masas dulces grandes,False,297.29,297.29,False,,295.18,False,,0.0
2019-04,Tortas y masas dulces grandes,False,298.48,298.48,False,,297.29,False,,0.0
2019-05,Tortas y masas dulces grandes,False,298.65,298.65,False,,298.48,False,,0.0
2019-06,Tortas y masas dulces grandes,False,299.81,299.81,False,,298.65,False,,0.0
2019-07,Tortas y masas dulces grandes,False,300.47,300.47,False,,299.81,False,,0.0
2019-08,Tortas y masas dulces grandes,False,302.15,302.15,False,,300.47,False,,0.0
2019-09,Tortas y masas dulces grandes,False,302.22,302.22,False,,302.15,False,,0.0
2019-10,Tortas y masas dulces grandes,False,304.46,304.46,False,,302.22,False,,0.0
2019-11,Tortas y masas dulces grandes,False,307.49,307.49,False,,304.46,False,,0.0
2019-12,Tortas y masas dulces grandes,False,306.57,306.57,False,,307.49,False,,0.0
2020-01,Tortas y masas dulces grandes,False,309.21,309.21,False,,306.57,False,,0.0
2020-02,Tortas y masas dulces grandes,False,311.39,311.39,False,,309.21,False,,0.0
2020-03,Tortas y masas dulces grandes,False,313.44,313.44,False,,311.39,False,,0.0
2020-04,Tortas y masas dulces grandes,False,315.81,315.81,False,,313.44,False,,0.0
2020-05,Tortas y masas dulces grandes,False,315.71,315.71,False,,315.81,False,,0.0
2020-06,Tortas y masas dulces grandes,False,316.53,316.53,False,,315.71,False,,0.0
2020-07,Tortas y masas dulces grandes,False,317.91,317.91,False,,316.53,False,,0.0
2020-08,Tortas y masas dulces grandes,False,318.5,318.5,False,,317.91,False,,0.0
2020-09,Tortas y masas dulces grandes,False,323.13,323.13,False,,318.5,False,,0.0
2020-10,Tortas y masas dulces grandes,False,325.52,325.52,False,,323.13,False,,0.0
2020-11,Tortas y masas dulces grandes,False,325.97,325.97,False,,325.52,False,,0.0
2020-12,Tortas y masas dulces grandes,False,326.74,326.74,False,,325.97,False,,0.0
2021-01,Tortas y masas dulces grandes,False,330.44,330.44,False,,326.74,False,,0.0
2021-02,Tortas y masas dulces grandes,False,329.17,329.17,False,,330.44,False,,0.0
2021-03,Tortas y masas dulces grandes,False,328.28,328.28,False,,329.17,False,,0.0
2021-04,Tortas y masas dulces grandes,False,330.58,330.58,False,,328.28,False,,0.0
2021-05,Tortas y masas dulces grandes,False,330.06,330.06,False,,330.58,False,,0.0
2021-06,Tortas y masas dulces grandes,False,330.23,330.23,False,,330.06,False,,0.0
2021-07,Tortas y masas dulces grandes,False,333.6,333.6,False,,330.23,False,,0.0
2021-08,Tortas y masas dulces grandes,False,335.18,335.18,False,,333.6,False,,0.0
2021-09,Tortas y masas dulces grandes,False,341.28,341.28,False,,335.18,False,,0.0
2021-10,Tortas y masas dulces grandes,False,344.77,344.77,False,,341.28,False,,0.0
2021-11,Tortas y masas dulces grandes,False,345.7,345.7,False,,344.77,False,,0.0
2021-12,Tortas y masas dulces grandes,False,348.21,348.21,False,,345.7,False,,0.0
2022-01,Tortas y masas dulces grandes,False,353.74,353.74,False,,348.21,False,,0.0
2022-02,Tortas y masas dulces grandes,False,358.89,358.89,False,,353.74,False,,0.0
2022-03,Tortas y masas dulces grandes,False,370.98,370.98,False,,358.89,False,,0.0
2022-04,Tortas y masas dulces grandes,False,379.23,379.23,False,,370.98,False,,0.0
2022-05,Tortas y masas dulces grandes,False,386.0,386.0,False,,379.23,False,,0.0
2022-06,Tortas y masas dulces grandes,False,391.14,391.14,False,,386.0,False,,0.0
2022-07,Tortas y masas dulces grandes,False,397.78,397.78,False,,391.14,False,,0.0
2022-08,Tortas y masas dulces grandes,False,405.36,405.36,False,,397.78,False,,0.0
2022-09,Tortas y masas dulces grandes,False,413.14,413.14,False,,405.36,False,,0.0
2022-10,Tortas y masas dulces grandes,False,416.53,416.53,False,,413.14,False,,0.0
2022-11,Tortas y masas dulces grandes,False,423.06,423.06,False,,416.53,False,,0.0
2022-12,Tortas y masas dulces grandes,False,427.37,427.37,False,,423.06,False,,0.0
2023-01,Tortas y masas dulces grandes,False,431.72,431.72,False,,427.37,False,,0.0
2023-02,Tortas y masas dulces grandes,False,431.9,431.9,False,,431.72,False,,0.0
2023-03,Tortas y masas dulces grandes,False,433.88,433.88,False,,431.9,False,,0.0
2023-04,Tortas y masas dulces grandes,False,434.39,434.39,False,,433.88,False,,0.0
2023-05,Tortas y masas dulces grandes,False,435.26,435.26,False,,434.39,False,,0.0
2023-06,Tortas y masas dulces grandes,False,436.89,436.89,False,,435.26,False,,0.0
2023-07,Tortas y masas dulces grandes,False,441.48,441.48,False,,436.89,False,,0.0
2023-08,Tortas y masas dulces grandes,False,443.07,443.07,False,,441.48,False,,0.0
2023-09,Tortas y masas dulces grandes,False,447.19,447.19,False,,443.07,False,,0.0
2023-10,Tortas y masas dulces grandes,False,450.68,450.68,False,,447.19,False,,0.0
2023-11,Tortas y masas dulces grandes,False,454.46,454.46,False,,450.68,False,,0.0
2023-12,Tortas y masas dulces grandes,False,452.52,452.52,False,,454.46,False,,0.0
2024-01,Tortas y masas dulces grandes,False,456.48,456.48,False,,452.52,False,,0.0
2024-02,Tortas y masas dulces grandes,False,458.2,458.2,False,,456.48,False,,0.0
2024-03,Tortas y masas dulces grandes,False,455.61,455.61,False,,458.2,False,,0.0
2024-04,Tortas y masas dulces grandes,False,458.93,458.93,False,,455.61,False,,0.0
2024-05,Tortas y masas dulces grandes,False,459.69,459.69,False,,458.93,False,,0.0
2024-06,Tortas y masas dulces grandes,False,465.05,465.05,False,,459.69,False,,0.0
2024-07,Tortas y masas dulces grandes,False,465.72,465.72,False,,465.05,False,,0.0
2024-08,Tortas y masas dulces grandes,False,468.17,468.17,False,,465.72,False,,0.0
2024-09,Tortas y masas dulces grandes,False,466.75,466.75,False,,468.17,False,,0.0
2024-10,Tortas y masas dulces grandes,False,475.48,475.48,False,,466.75,False,,0.0
2024-11,Tortas y masas dulces grandes,False,475.06,475.06,False,,475.48,False,,0.0
2024-12,Tortas y masas dulces grandes,False,472.45,472.45,False,,475.06,False,,0.0
2025-01,Tortas y masas dulces grandes,False,474.58,474.58,False,,472.45,False,,0.0
2025-02,Tortas y masas dulces grandes,False,475.75,475.75,False,,474.58,False,,0.0
2025-03,Tortas y masas dulces grandes,False,480.69,480.69,False,,475.75,False,,0.0
2025-04,Tortas y masas dulces grandes,False,481.19,481.19,False,,480.69,False,,0.0
2025-05,Tortas y masas dulces grandes,False,482.62,482.62,False,,481.19,False,,0.0
2025-06,Tortas y masas dulces grandes,False,479.88,479.88,False,,482.62,False,,0.0
2025-07,Tortas y masas dulces grandes,False,483.5,483.5,False,,479.88,False,,0.0
2025-08,Tortas y masas dulces grandes,False,487.4,487.4,False,,483.5,False,,0.0
2025-09,Tortas y masas dulces grandes,False,491.44,491.44,False,,487.4,False,,0.0
2025-10,Tortas y masas dulces grandes,False,493.76,493.76,False,,491.44,False,,0.0
2025-11,Tortas y masas dulces grandes,False,495.41,495.41,False,,493.76,False,,0.0
2025-12,Tortas y masas dulces grandes,False,494.85,494.85,False,,495.41,False,,0.0
2026-01,Tortas y masas dulces grandes,False,496.73,496.73,False,,494.85,False,,0.0
2026-02,Tortas y masas dulces grandes,False,497.83,497.83,False,,496.73,False,,0.0
2026-03,Tortas y masas dulces grandes,False,500.56,500.56,False,,497.83,False,,0.0
2026-04,Tortas y masas dulces grandes,False,501.24,501.24,False,,500.56,False,,0.0
2026-05,Tortas y masas dulces grandes,False,499.08,499.08,False,,501.24,False,,0.0
2026-06,Tortas y masas dulces grandes,False,502.76,502.76,False,,499.08,False,,0.0
2026-07,Tortas y masas dulces grandes,False,505.88,505.88,False,,502.76,False,,0.0
2026-08,Tortas y masas dulces grandes,False,512.02,512.02,False,,505.88,False,,0.0
2019-01,Pasteles y masas dulces pequeñas o por porción,False,286.19,286.19,False,,286.49,False,,0.0
2019-02,Pasteles y masas dulces pequeñas o por porción,False,285.63,285.63,False,,286.19,False,,0.0
2019-03,Pasteles y masas dulces pequeñas o por porción,False,287.67,287.67,False,,285.63,False,,0.0
2019-04,Pasteles y masas dulces pequeñas o por porción,False,288.82,288.82,False,,287.67,False,,0.0
2019-05,Pasteles y masas dulces pequeñas o por porción,False,288.99,288.99,False,,288.82,False,,0.0
2019-06,Pasteles y masas dulces pequeñas o por porción,False,290.12,290.12,False,,288.99,False,,0.0
2019-07,Pasteles y masas dulces pequeñas o por porción,False,290.75,290.75,False,,290.12,False,,0.0
2019-08,Pasteles y masas dulces pequeñas o por porción,False,292.38,292.38,False,,290.75,False,,0.0
2019-09,Pasteles y masas dulces pequeñas o por porción,False,292.44,292.44,False,,292.38,False,,0.0
2019-10,Pasteles y masas dulces pequeñas o por porción,False,294.62,294.62,False,,292.44,False,,0.0
2019-11,Pasteles y masas dulces pequeñas o por porción,False,297.55,297.55,False,,294.62,False,,0.0
2019-12,Pasteles y masas dulces pequeñas o por porción,False,296.65,296.65,False,,297.55,False,,0.0
2020-01,Pasteles y masas dulces pequeñas o por porción,False,299.2,299.2,False,,296.65,False,,0.0
2020-02,Pasteles y masas dulces pequeñas o por porción,False,301.32,301.32,False,,299.2,False,,0.0
2020-03,Pasteles y masas dulces pequeñas o por porción,False,303.3,303.3,False,,301.32,False,,0.0
2020-04,Pasteles y masas dulces pequeñas o por porción,False,305.6,305.6,False,,303.3,False,,0.0
2020-05,Pasteles y masas dulces pequeñas o por porción,False,305.5,305.5,False,,305.6,False,,0.0
2020-06,Pasteles y masas dulces pequeñas o por porción,False,306.29,306.29,False,,305.5,False,,0.0
2020-07,Pasteles y masas dulces pequeñas o por porción,False,307.63,307.63,False,,306.29,False,,0.0
2020-08,Pasteles y masas dulces pequeñas o por porción,False,308.2,308.2,False,,307.63,False,,0.0
2020-09,Pasteles y masas dulces pequeñas o por porción,False,312.68,312.68,False,,308.2,False,,0.0
2020-10,Pasteles y masas dulces pequeñas o por porción,False,314.99,314.99,False,,312.68,False,,0.0
2020-11,Pasteles y masas dulces pequeñas o por porción,False,315.43,315.43,False,,314.99,False,,0.0
2020-12,Pasteles y masas dulces pequeñas o por porción,False,316.17,316.17,False,,315.43,False,,0.0
2021-01,Pasteles y masas dulces pequeñas o por porción,False,319.75,319.75,False,,316.17,False,,0.0
2021-02,Pasteles y masas dulces pequeñas o por porción,False,318.52,318.52,False,,319.75,False,,0.0
2021-03,Pasteles y masas dulces pequeñas o por porción,False,317.66,317.66,False,,318.52,False,,0.0
2021-04,Pasteles y masas dulces pequeñas o por porción,False,319.89,319.89,False,,317.66,False,,0.0
2021-05,Pasteles y masas dulces pequeñas o por porción,False,319.38,319.38,False,,319.89,False,,0.0
2021-06,Pasteles y masas dulces pequeñas o por porción,False,319.55,319.55,False,,319.38,False,,0.0
2021-07,Pasteles y masas dulces pequeñas o por porción,False,322.81,322.81,False,,319.55,False,,0.0
2021-08,Pasteles y masas dulces pequeñas o por porción,False,324.33,324.33,False,,322.81,False,,0.0
2021-09,Pasteles y masas dulces pequeñas o por porción,False,330.25,330.25,False,,324.33,False,,0.0
2021-10,Pasteles y masas dulces pequeñas o por porción,False,333.62,333.62,False,,330.25,False,,0.0
2021-11,Pasteles y masas dulces pequeñas o por porción,False,334.51,334.51,False,,333.62,False,,0.0
2021-12,Pasteles y masas dulces pequeñas o por porción,False,336.95,336.95,False,,334.51,False,,0.0
2022-01,Pasteles y masas dulces pequeñas o por porción,False,342.29,342.29,False,,336.95,False,,0.0
2022-02,Pasteles y masas dulces pequeñas o por porción,False,347.28,347.28,False,,342.29,False,,0.0
2022-03,Pasteles y masas dulces pequeñas o por porción,False,358.98,358.98,False,,347.28,False,,0.0
2022-04,Pasteles y masas dulces pequeñas o por porción,False,366.97,366.97,False,,358.98,False,,0.0
2022-05,Pasteles y masas dulces pequeñas o por porción,False,373.51,373.51,False,,366.97,False,,0.0
2022-06,Pasteles y masas dulces pequeñas o por porción,False,378.49,378.49,False,,373.51,False,,0.0
2022-07,Pasteles y masas dulces pequeñas o por porción,False,384.91,384.91,False,,378.49,False,,0.0
2022-08,Pasteles y masas dulces pequeñas o por porción,False,392.25,392.25,False,,384.91,False,,0.0
2022-09,Pasteles y masas dulces pequeñas o por porción,False,399.78,399.78,False,,392.25,False,,0.0
2022-10,Pasteles y masas dulces pequeñas o por porción,False,403.05,403.05,False,,399.78,False,,0.0
2022-11,Pasteles y masas dulces pequeñas o por porción,False,409.38,409.38,False,,403.05,False,,0.0
2022-12,Pasteles y masas dulces pequeñas o por porción,False,413.54,413.54,False,,409.38,False,,0.0
2023-01,Pasteles y masas dulces pequeñas o por porción,False,417.76,417.76,False,,413.54,False,,0.0
2023-02,Pasteles y masas dulces pequeñas o por porción,False,417.93,417.93,False,,417.76,False,,0.0
2023-03,Pasteles y masas dulces pequeñas o por porción,False,419.85,419.85,False,,417.93,False,,0.0
2023-04,Pasteles y masas dulces pequeñas o por porción,False,420.34,420.34,False,,419.85,False,,0.0
2023-05,Pasteles y masas dulces pequeñas o por porción,False,421.18,421.18,False,,420.34,False,,0.0
2023-06,Pasteles y masas dulces pequeñas o por porción,False,422.75,422.75,False,,421.18,False,,0.0
2023-07,Pasteles y masas dulces pequeñas o por porción,False,427.2,427.2,False,,422.75,False,,0.0
2023-08,Pasteles y masas dulces pequeñas o por porción,False,428.74,428.74,False,,427.2,False,,0.0
2023-09,Pasteles y masas dulces pequeñas o por porción,False,432.72,432.72,False,,428.74,False,,0.0
2023-10,Pasteles y masas dulces pequeñas o por porción,False,436.1,436.1,False,,432.72,False,,0.0
2023-11,Pasteles y masas dulces pequeñas o por porción,False,439.76,439.76,False,,436.1,False,,0.0
2023-12,Pasteles y masas dulces pequeñas o por porción,False,437.88,437.88,False,,439.76,False,,0.0
2024-01,Pasteles y masas dulces pequeñas o por porción,False,441.71,441.71,False,,437.88,False,,0.0
2024-02,Pasteles y masas dulces pequeñas o por porción,False,443.38,443.38,False,,441.71,False,,0.0
2024-03,Pasteles y masas dulces pequeñas o por porción,False,440.88,440.88,False,,443.38,False,,0.0
2024-04,Pasteles y masas dulces pequeñas o por porción,False,444.08,444.08,False,,440.88,False,,0.0
2024-05,Pasteles y masas dulces pequeñas o por porción,False,444.82,444.82,False,,444.08,False,,0.0
2024-06,Pasteles y masas dulces pequeñas o por porción,False,450.01,450.01,False,,444.82,False,,0.0
2024-07,Pasteles y masas dulces pequeñas o por porción,False,450.66,450.66,False,,450.01,False,,0.0
2024-08,Pasteles y masas dulces pequeñas o por porción,False,453.03,453.03,False,,450.66,False,,0.0
2024-09,Pasteles y masas dulces pequeñas o por porción,False,451.65,451.65,False,,453.03,False,,0.0
2024-10,Pasteles y masas dulces pequeñas o por porción,False,460.1,460.1,False,,451.65,False,,0.0
2024-11,Pasteles y masas dulces pequeñas o por porción,False,459.69,459.69,False,,460.1,False,,0.0
2024-12,Pasteles y masas dulces pequeñas o por porción,False,457.17,457.17,False,,459.69,False,,0.0
2025-01,Pasteles y masas dulces pequeñas o por porción,False,459.23,459.23,False,,457.17,False,,0.0
2025-02,Pasteles y masas dulces pequeñas o por porción,False,460.36,460.36,False,,459.23,False,,0.0
2025-03,Pasteles y masas dulces pequeñas o por porción,False,465.15,465.15,False,,460.36,False,,0.0
2025-04,Pasteles y masas dulces pequeñas o por porción,False,465.63,465.63,False,,465.15,False,,0.0
2025-05,Pasteles y masas dulces pequeñas o por porción,False,467.01,467.01,False,,465.63,False,,0.0
2025-06,Pasteles y masas dulces pequeñas o por porción,False,464.36,464.36,False,,467.01,False,,0.0
2025-07,Pasteles y masas dulces pequeñas o por porción,False,467.86,467.86,False,,464.36,False,,0.0
2025-08,Pasteles y masas dulces pequeñas o por porción,False,471.63,471.63,False,,467.86,False,,0.0
2025-09,Pasteles y masas dulces pequeñas o por porción,False,475.55,475.55,False,,471.63,False,,0.0
2025-10,Pasteles y masas dulces pequeñas o por porción,False,477.79,477.79,False,,475.55,False,,0.0
2025-11,Pasteles y masas dulces pequeñas o por porción,False,479.39,479.39,False,,477.79,False,,0.0
2025-12,Pasteles y masas dulces pequeñas o por porción,False,478.85,478.85,False,,479.39,False,,0.0
2026-01,Pasteles y masas dulces pequeñas o por porción,False,480.66,480.66,False,,478.85,False,,0.0
2026-02,Pasteles y masas dulces pequeñas o por porción,False,481.73,481.73,False,,480.66,False,,0.0
2026-03,Pasteles y masas dulces pequeñas o por porción,False,484.37,484.37,False,,481.73,False,,0.0
2026-04,Pasteles y masas dulces pequeñas o por porción,False,485.03,485.03,False,,484.37,False,,0.0
2026-05,Pasteles y masas dulces pequeñas o por porción,False,482.94,482.94,False,,485.03,False,,0.0
2026-06,Pasteles y masas dulces pequeñas o por porción,False,486.5,486.5,False,,482.94,False,,0.0
2026-07,Pasteles y masas dulces pequeñas o por porción,False,489.51,489.51,False,,486.5,False,,0.0
2026-08,Pasteles y masas dulces pequeñas o por porción,False,495.45,495.45,False,,489.51,False,,0.0
2019-01,Cereales para el desayuno,False,209.66,209.66,False,,209.88,False,,0.0
2019-02,Cereales para el desayuno,False,209.25,209.25,False,,209.66,False,,0.0
2019-03,Cereales para el desayuno,False,210.75,210.75,False,,209.25,False,,0.0
2019-04,Cereales para el desayuno,False,211.59,211.59,False,,210.75,False,,0.0
2019-05,Cereales para el desayuno,False,211.71,211.71,False,,211.59,False,,0.0
2019-06,Cereales para el desayuno,False,212.54,212.54,False,,211.71,False,,0.0
2019-07,Cereales para el desayuno,False,213.0,213.0,False,,212.54,False,,0.0
2019-08,Cereales para el desayuno,False,214.19,214.19,False,,213.0,False,,0.0
2019-09,Cereales para el desayuno,False,214.24,214.24,False,,214.19,False,,0.0
2019-10,Cereales para el desayuno,False,215.83,215.83,False,,214.24,False,,0.0
2019-11,Cereales para el desayuno,False,217.98,217.98,False,,215.83,False,,0.0
2019-12,Cereales para el desayuno,False,217.32,217.32,False,,217.98,False,,0.0
2020-01,Cereales para el desayuno,False,219.19,219.19,False,,217.32,False,,0.0
2020-02,Cereales para el desayuno,False,220.75,220.75,False,,219.19,False,,0.0
2020-03,Cereales para el desayuno,False,222.19,222.19,False,,220.75,False,,0.0
2020-04,Cereales para el desayuno,False,223.88,223.88,False,,222.19,False,,0.0
2020-05,Cereales para el desayuno,False,223.81,223.81,False,,223.88,False,,0.0
2020-06,Cereales para el desayuno,False,224.39,224.39,False,,223.81,False,,0.0
2020-07,Cereales para el desayuno,False,225.37,225.37,False,,224.39,False,,0.0
2020-08,Cereales para el desayuno,False,225.78,225.78,False,,225.37,False,,0.0
2020-09,Cereales para el desayuno,False,229.07,229.07,False,,225.78,False,,0.0
2020-10,Cereales para el desayuno,False,230.76,230.76,False,,229.07,False,,0.0
2020-11,Cereales para el desayuno,False,231.08,231.08,False,,230.76,False,,0.0
2020-12,Cereales para el desayuno,False,231.62,231.62,False,,231.08,False,,0.0
2021-01,Cereales para el desayuno,False,234.25,234.25,False,,231.62,False,,0.0
2021-02,Cereales para el desayuno,False,233.35,233.35,False,,234.25,False,,0.0
2021-03,Cereales para el desayuno,False,232.72,232.72,False,,233.35,False,,0.0
2021-04,Cereales para el desayuno,False,234.35,234.35,False,,232.72,False,,0.0
2021-05,Cereales para el desayuno,False,233.98,233.98,False,,234.35,False,,0.0
2021-06,Cereales para el desayuno,False,234.1,234.1,False,,233.98,False,,0.0
2021-07,Cereales para el desayuno,False,236.49,236.49,False,,234.1,False,,0.0
2021-08,Cereales para el desayuno,False,237.6,237.6,False,,236.49,False,,0.0
2021-09,Cereales para el desayuno,False,241.93,241.93,False,,237.6,False,,0.0
2021-10,Cereales para el desayuno,False,244.41,244.41,False,,241.93,False,,0.0
2021-11,Cereales para el desayuno,False,245.06,245.06,False,,244.41,False,,0.0
2021-12,Cereales para el desayuno,False,246.85,246.85,False,,245.06,False,,0.0
2022-01,Cereales para el desayuno,False,250.76,250.76,False,,246.85,False,,0.0
2022-02,Cereales para el desayuno,False,254.41,254.41,False,,250.76,False,,0.0
2022-03,Cereales para el desayuno,False,262.99,262.99,False,,254.41,False,,0.0
2022-04,Cereales para el desayuno,False,268.84,268.84,False,,262.99,False,,0.0
2022-05,Cereales para el desayuno,False,273.63,273.63,False,,268.84,False,,0.0
2022-06,Cereales para el desayuno,False,277.28,277.28,False,,273.63,False,,0.0
2022-07,Cereales para el desayuno,False,281.98,281.98,False,,277.28,False,,0.0
2022-08,Cereales para el desayuno,False,287.36,287.36,False,,281.98,False,,0.0
2022-09,Cereales para el desayuno,False,292.88,292.88,False,,287.36,False,,0.0
2022-10,Cereales para el desayuno,False,295.27,295.27,False,,292.88,False,,0.0
2022-11,Cereales para el desayuno,False,299.91,299.91,False,,295.27,False,,0.0
2022-12,Cereales para el desayuno,False,302.96,302.96,False,,299.91,False,,0.0
2023-01,Cereales para el desayuno,False,306.04,306.04,False,,302.96,False,,0.0
2023-02,Cereales para el desayuno,False,306.17,306.17,False,,306.04,False,,0.0
2023-03,Cereales para el desayuno,False,307.58,307.58,False,,306.17,False,,0.0
2023-04,Cereales para el desayuno,False,307.94,307.94,False,,307.58,False,,0.0
2023-05,Cereales para el desayuno,False,308.55,308.55,False,,307.94,False,,0.0
2023-06,Cereales para el desayuno,False,309.71,309.71,False,,308.55,False,,0.0
2023-07,Cereales para el desayuno,False,312.96,312.96,False,,309.71,False,,0.0
2023-08,Cereales para el desayuno,False,314.09,314.09,False,,312.96,False,,0.0
2023-09,Cereales para el desayuno,False,317.01,317.01,False,,314.09,False,,0.0
2023-10,Cereales para el desayuno,False,319.48,319.48,False,,317.01,False,,0.0
2023-11,Cereales para el desayuno,False,322.16,322.16,False,,319.48,False,,0.0
2023-12,Cereales para el desayuno,False,320.79,320.79,False,,322.16,False,,0.0
2024-01,Cereales para el desayuno,False,323.59,323.59,False,,320.79,False,,0.0
2024-02,Cereales para el desayuno,False,324.82,324.82,False,,323.59,False,,0.0
2024-03,Cereales para el desayuno,False,322.98,322.98,False,,324.82,False,,0.0
2024-04,Cereales para el desayuno,False,325.33,325.33,False,,322.98,False,,0.0
2024-05,Cereales para el desayuno,False,325.87,325.87,False,,325.33,False,,0.0
2024-06,Cereales para el desayuno,False,329.67,329.67,False,,325.87,False,,0.0
2024-07,Cereales para el desayuno,False,330.15,330.15,False,,329.67,False,,0.0
2024-08,Cereales para el desayuno,False,331.88,331.88,False,,330.15,False,,0.0
2024-09,Cereales para el desayuno,False,330.88,330.88,False,,331.88,False,,0.0
2024-10,Cereales para el desayuno,False,337.07,337.07,False,,330.88,False,,0.0
2024-11,Cereales para el desayuno,False,336.77,336.77,False,,337.07,False,,0.0
2024-12,Cereales para el desayuno,False,334.92,334.92,False,,336.77,False,,0.0
2025-01,Cereales para el desayuno,False,336.43,336.43,False,,334.92,False,,0.0
2025-02,Cereales para el desayuno,False,337.26,337.26,False,,336.43,False,,0.0
2025-03,Cereales para el desayuno,False,340.76,340.76,False,,337.26,False,,0.0
2025-04,Cereales para el desayuno,False,341.12,341.12,False,,340.76,False,,0.0
2025-05,Cereales para el desayuno,False,342.12,342.12,False,,341.12,False,,0.0
2025-06,Cereales para el desayuno,False,340.19,340.19,False,,342.12,False,,0.0
2025-07,Cereales para el desayuno,False,342.75,342.75,False,,340.19,False,,0.0
2025-08,Cereales para el desayuno,False,345.51,345.51,False,,342.75,False,,0.0
2025-09,Cereales para el desayuno,False,348.38,348.38,False,,345.51,False,,0.0
2025-10,Cereales para el desayuno,False,350.02,350.02,False,,348.38,False,,0.0
2025-11,Cereales para el desayuno,False,351.2,351.2,False,,350.02,False,,0.0
2025-12,Cereales para el desayuno,False,350.8,350.8,False,,351.2,False,,0.0
2026-01,Cereales para el desayuno,False,352.13,352.13,False,,350.8,False,,0.0
2026-02,Cereales para el desayuno,False,352.91,352.91,False,,352.13,False,,0.0
2026-03,Cereales para el desayuno,False,354.84,354.84,False,,352.91,False,,0.0
2026-04,Cereales para el desayuno,False,355.33,355.33,False,,354.84,False,,0.0
2026-05,Cereales para el desayuno,False,353.8,353.8,False,,355.33,False,,0.0
2026-06,Cereales para el desayuno,False,356.4,356.4,False,,353.8,False,,0.0
2026-07,Cereales para el desayuno,False,358.61,358.61,False,,356.4,False,,0.0
2026-08,Cereales para el desayuno,False,362.97,362.97,False,,358.61,False,,0.0
2019-01,Espaguetis,True,368.3,852.81,True,1525.6,852.81,True,1525.6,484.51
2019-02,Espaguetis,True,367.58,854.23,True,1528.14,854.23,True,1528.14,486.65
2019-03,Espaguetis,True,370.21,870.0,True,1556.35,870.0,True,1556.35,499.79
2019-04,Espaguetis,True,371.69,872.03,True,1559.98,872.03,True,1559.98,500.34
2019-05,Espaguetis,True,371.91,870.16,True,1556.64,870.16,True,1556.64,498.26
2019-06,Espaguetis,True,373.35,871.1,True,1558.32,871.1,True,1558.32,497.74
2019-07,Espaguetis,True,374.17,872.41,True,1560.66,872.41,True,1560.66,498.24
2019-08,Espaguetis,True,376.26,872.75,True,1561.27,872.75,True,1561.27,496.49
2019-09,Espaguetis,True,376.35,864.4,True,1546.34,864.4,True,1546.34,488.06
2019-10,Espaguetis,True,379.14,865.08,True,1547.56,865.08,True,1547.56,485.94
2019-11,Espaguetis,True,382.91,888.36,True,1589.2,888.36,True,1589.2,505.45
2019-12,Espaguetis,True,381.76,882.92,True,1579.46,882.92,True,1579.46,501.16
2020-01,Espaguetis,True,385.05,884.1,True,1581.57,884.1,True,1581.57,499.05
2020-02,Espaguetis,True,387.77,882.97,True,1579.56,882.97,True,1579.56,495.2
2020-03,Espaguetis,True,390.32,901.21,True,1612.19,901.21,True,1612.19,510.9
2020-04,Espaguetis,True,393.28,906.58,True,1621.78,906.58,True,1621.78,513.3
2020-05,Espaguetis,True,393.15,902.32,True,1614.17,902.32,True,1614.17,509.17
2020-06,Espaguetis,True,394.17,886.94,True,1586.66,886.94,True,1586.66,492.78
2020-07,Espaguetis,True,395.89,887.23,True,1587.18,887.23,True,1587.18,491.35
2020-08,Espaguetis,True,396.62,883.54,True,1580.57,883.54,True,1580.57,486.91
2020-09,Espaguetis,True,402.39,886.25,True,1585.41,886.25,True,1585.41,483.85
2020-10,Espaguetis,True,405.37,888.62,True,1589.65,888.62,True,1589.65,483.25
2020-11,Espaguetis,True,405.93,883.2,True,1579.97,883.2,True,1579.97,477.27
2020-12,Espaguetis,True,406.88,884.21,True,1581.78,884.21,True,1581.78,477.34
2021-01,Espaguetis,True,411.49,879.49,True,1573.33,879.49,True,1573.33,468.0
2021-02,Espaguetis,True,409.91,880.88,True,1575.81,880.88,True,1575.81,470.97
2021-03,Espaguetis,True,408.81,873.57,True,1562.74,873.57,True,1562.74,464.76
2021-04,Espaguetis,True,411.66,877.74,True,1570.19,877.74,True,1570.19,466.07
2021-05,Espaguetis,True,411.01,874.97,True,1565.25,874.97,True,1565.25,463.96
2021-06,Espaguetis,True,411.23,870.91,True,1557.98,870.91,True,1557.98,459.68
2021-07,Espaguetis,True,415.43,882.85,True,1579.34,882.85,True,1579.34,467.43
2021-08,Espaguetis,True,417.39,876.83,True,1568.57,876.83,True,1568.57,459.44
2021-09,Espaguetis,True,425.0,870.46,True,1557.18,870.46,True,1557.18,445.47
2021-10,Espaguetis,True,429.34,859.79,True,1538.08,859.79,True,1538.08,430.45
2021-11,Espaguetis,True,430.49,866.16,True,1549.48,866.16,True,1549.48,435.67
2021-12,Espaguetis,True,433.62,899.7,True,1609.47,899.7,True,1609.47,466.07
2022-01,Espaguetis,True,440.5,934.51,True,1671.76,934.51,True,1671.76,494.01
2022-02,Espaguetis,True,446.92,1047.71,True,1874.25,1047.71,True,1874.25,600.79
2022-03,Espaguetis,True,461.98,1138.28,True,2036.27,1138.28,True,2036.27,676.3
2022-04,Espaguetis,True,472.25,1173.39,True,2099.08,1173.39,True,2099.08,701.13
2022-05,Espaguetis,True,480.67,1220.52,True,2183.39,1220.52,True,2183.39,739.84
2022-06,Espaguetis,True,487.08,1235.73,True,2210.61,1235.73,True,2210.61,748.65
2022-07,Espaguetis,True,495.35,1243.86,True,2225.16,1243.86,True,2225.16,748.52
2022-08,Espaguetis,True,504.79,1265.01,True,2262.98,1265.01,True,2262.98,760.22
2022-09,Espaguetis,True,514.48,1264.99,True,2262.95,1264.99,True,2262.95,750.51
2022-10,Espaguetis,True,518.69,1296.19,True,2318.77,1296.19,True,2318.77,777.5
2022-11,Espaguetis,True,526.83,1312.39,True,2347.74,1312.39,True,2347.74,785.56
2022-12,Espaguetis,True,532.19,1326.17,True,2372.4,1326.17,True,2372.4,793.98
2023-01,Espaguetis,True,537.61,1399.82,True,2504.16,1399.82,True,2504.16,862.21
2023-02,Espaguetis,True,537.83,1423.28,True,2546.12,1423.28,True,2546.12,885.45
2023-03,Espaguetis,True,540.31,1414.46,True,2530.34,1414.46,True,2530.34,874.15
2023-04,Espaguetis,True,540.94,1422.14,True,2544.08,1422.14,True,2544.08,881.21
2023-05,Espaguetis,True,542.02,1406.59,True,2516.27,1406.59,True,2516.27,864.58
2023-06,Espaguetis,True,544.05,1468.18,True,2626.43,1468.18,True,2626.43,924.13
2023-07,Espaguetis,True,549.76,1502.51,True,2687.84,1502.51,True,2687.84,952.74
2023-08,Espaguetis,True,551.74,1513.83,True,2708.1,1513.83,True,2708.1,962.08
2023-09,Espaguetis,True,556.88,1515.93,True,2711.85,1515.93,True,2711.85,959.05
2023-10,Espaguetis,True,561.22,1507.29,True,2696.4,1507.29,True,2696.4,946.06
2023-11,Espaguetis,True,565.93,1506.22,True,2694.49,1506.22,True,2694.49,940.29
2023-12,Espaguetis,True,563.52,1525.64,True,2729.24,1525.64,True,2729.24,962.13
2024-01,Espaguetis,True,568.44,1512.93,True,2706.49,1512.93,True,2706.49,944.49
2024-02,Espaguetis,True,570.59,1513.39,True,2707.32,1513.39,True,2707.32,942.8
2024-03,Espaguetis,True,567.37,1487.4,True,2660.82,1487.4,True,2660.82,920.03
2024-04,Espaguetis,True,571.49,1503.94,True,2690.42,1503.94,True,2690.42,932.45
2024-05,Espaguetis,True,572.44,1465.49,True,2621.63,1465.49,True,2621.63,893.05
2024-06,Espaguetis,True,579.12,1447.09,True,2588.72,1447.09,True,2588.72,867.98
2024-07,Espaguetis,True,579.96,1459.46,True,2610.83,1459.46,True,2610.83,879.5
2024-08,Espaguetis,True,583.0,1459.6,True,2611.09,1459.6,True,2611.09,876.6
2024-09,Espaguetis,True,581.24,1466.46,True,2623.37,1466.46,True,2623.37,885.23
2024-10,Espaguetis,True,592.11,1408.28,True,2519.28,1408.28,True,2519.28,816.17
2024-11,Espaguetis,True,591.58,1407.99,True,2518.76,1407.99,True,2518.76,816.4
2024-12,Espaguetis,True,588.34,1424.0,True,2547.4,1424.0,True,2547.4,835.66
2025-01,Espaguetis,True,590.99,1438.53,True,2573.4,1438.53,True,2573.4,847.54
2025-02,Espaguetis,True,592.45,1444.65,True,2584.35,1444.65,True,2584.35,852.2
2025-03,Espaguetis,True,598.6,1447.26,True,2589.02,1447.26,True,2589.02,848.66
2025-04,Espaguetis,True,599.22,1434.28,True,2565.8,1434.28,True,2565.8,835.06
2025-05,Espaguetis,True,600.99,1407.01,True,2517.01,1407.01,True,2517.01,806.02
2025-06,Espaguetis,True,597.59,1394.42,True,2494.5,1394.42,True,2494.5,796.83
2025-07,Espaguetis,True,602.1,1410.88,True,2523.93,1410.88,True,2523.93,808.78
2025-08,Espaguetis,True,606.95,1405.46,True,2514.23,1405.46,True,2514.23,798.51
2025-09,Espaguetis,True,611.99,1430.88,True,2559.72,1430.88,True,2559.72,818.9
2025-10,Espaguetis,True,614.87,1393.82,True,2493.41,1393.82,True,2493.41,778.94
2025-11,Espaguetis,True,616.93,1385.19,True,2477.98,1385.19,True,2477.98,768.26
2025-12,Espaguetis,True,616.23,1384.74,True,2477.17,1384.74,True,2477.17,768.5
2026-01,Espaguetis,True,618.56,1415.21,True,2531.68,1415.21,True,2531.68,796.64
2026-02,Espaguetis,True,619.94,1396.9,True,2498.92,1396.9,True,2498.92,776.96
2026-03,Espaguetis,True,623.34,1387.02,True,2481.26,1387.02,True,2481.26,763.69
2026-04,Espaguetis,True,624.19,1383.51,True,2474.98,1383.51,True,2474.98,759.33
2026-05,Espaguetis,True,621.5,1412.55,True,2526.93,1412.55,True,2526.93,791.06
2026-06,Espaguetis,True,626.08,1409.23,True,2520.99,1409.23,True,2520.99,783.16
2026-07,Espaguetis,True,629.96,1398.86,True,2502.44,1398.86,True,2502.44,768.9
2026-08,Espaguetis,True,637.6,1423.78,True,2547.01,1423.78,True,2547.01,786.18
2019-01,Otras pastas secas sin relleno,False,420.92,420.92,False,,421.35,False,,0.0
2019-02,Otras pastas secas sin relleno,False,420.09,420.09,False,,420.92,False,,0.0
2019-03,Otras pastas secas sin relleno,False,423.1,423.1,False,,420.09,False,,0.0
2019-04,Otras pastas secas sin relleno,False,424.79,424.79,False,,423.1,False,,0.0
2019-05,Otras pastas secas sin relleno,False,425.04,425.04,False,,424.79,False,,0.0
2019-06,Otras pastas secas sin relleno,False,426.69,426.69,False,,425.04,False,,0.0
2019-07,Otras pastas secas sin relleno,False,427.62,427.62,False,,426.69,False,,0.0
2019-08,Otras pastas secas sin relleno,False,430.01,430.01,False,,427.62,False,,0.0
2019-09,Otras pastas secas sin relleno,False,430.11,430.11,False,,430.01,False,,0.0
2019-10,Otras pastas secas sin relleno,False,433.31,433.31,False,,430.11,False,,0.0
2019-11,Otras pastas secas sin relleno,False,437.62,437.62,False,,433.31,False,,0.0
2019-12,Otras pastas secas sin relleno,False,436.3,436.3,False,,437.62,False,,0.0
2020-01,Otras pastas secas sin relleno,False,440.05,440.05,False,,436.3,False,,0.0
2020-02,Otras pastas secas sin relleno,False,443.17,443.17,False,,440.05,False,,0.0
2020-03,Otras pastas secas sin relleno,False,446.08,446.08,False,,443.17,False,,0.0
2020-04,Otras pastas secas sin relleno,False,449.46,449.46,False,,446.08,False,,0.0
2020-05,Otras pastas secas sin relleno,False,449.31,449.31,False,,449.46,False,,0.0
2020-06,Otras pastas secas sin relleno,False,450.48,450.48,False,,449.31,False,,0.0
2020-07,Otras pastas secas sin relleno,False,452.44,452.44,False,,450.48,False,,0.0
2020-08,Otras pastas secas sin relleno,False,453.28,453.28,False,,452.44,False,,0.0
2020-09,Otras pastas secas sin relleno,False,459.87,459.87,False,,453.28,False,,0.0
2020-10,Otras pastas secas sin relleno,False,463.28,463.28,False,,459.87,False,,0.0
2020-11,Otras pastas secas sin relleno,False,463.92,463.92,False,,463.28,False,,0.0
2020-12,Otras pastas secas sin relleno,False,465.0,465.0,False,,463.92,False,,0.0
2021-01,Otras pastas secas sin relleno,False,470.28,470.28,False,,465.0,False,,0.0
2021-02,Otras pastas secas sin relleno,False,468.47,468.47,False,,470.28,False,,0.0
2021-03,Otras pastas secas sin relleno,False,467.21,467.21,False,,468.47,False,,0.0
2021-04,Otras pastas secas sin relleno,False,470.47,470.47,False,,467.21,False,,0.0
2021-05,Otras pastas secas sin relleno,False,469.73,469.73,False,,470.47,False,,0.0
2021-06,Otras pastas secas sin relleno,False,469.98,469.98,False,,469.73,False,,0.0
2021-07,Otras pastas secas sin relleno,False,474.77,474.77,False,,469.98,False,,0.0
2021-08,Otras pastas secas sin relleno,False,477.02,477.02,False,,474.77,False,,0.0
2021-09,Otras pastas secas sin relleno,False,485.71,485.71,False,,477.02,False,,0.0
2021-10,Otras pastas secas sin relleno,False,490.67,490.67,False,,485.71,False,,0.0
2021-11,Otras pastas secas sin relleno,False,491.99,491.99,False,,490.67,False,,0.0
2021-12,Otras pastas secas sin relleno,False,495.57,495.57,False,,491.99,False,,0.0
2022-01,Otras pastas secas sin relleno,False,503.43,503.43,False,,495.57,False,,0.0
2022-02,Otras pastas secas sin relleno,False,510.76,510.76,False,,503.43,False,,0.0
2022-03,Otras pastas secas sin relleno,False,527.98,527.98,False,,510.76,False,,0.0
2022-04,Otras pastas secas sin relleno,False,539.72,539.72,False,,527.98,False,,0.0
2022-05,Otras pastas secas sin relleno,False,549.34,549.34,False,,539.72,False,,0.0
2022-06,Otras pastas secas sin relleno,False,556.66,556.66,False,,549.34,False,,0.0
2022-07,Otras pastas secas sin relleno,False,566.11,566.11,False,,556.66,False,,0.0
2022-08,Otras pastas secas sin relleno,False,576.9,576.9,False,,566.11,False,,0.0
2022-09,Otras pastas secas sin relleno,False,587.98,587.98,False,,576.9,False,,0.0
2022-10,Otras pastas secas sin relleno,False,592.79,592.79,False,,587.98,False,,0.0
2022-11,Otras pastas secas sin relleno,False,602.1,602.1,False,,592.79,False,,0.0
2022-12,Otras pastas secas sin relleno,False,608.22,608.22,False,,602.1,False,,0.0
2023-01,Otras pastas secas sin relleno,False,614.42,614.42,False,,608.22,False,,0.0
2023-02,Otras pastas secas sin relleno,False,614.66,614.66,False,,614.42,False,,0.0
2023-03,Otras pastas secas sin relleno,False,617.49,617.49,False,,614.66,False,,0.0
2023-04,Otras pastas secas sin relleno,False,618.21,618.21,False,,617.49,False,,0.0
2023-05,Otras pastas secas sin relleno,False,619.45,619.45,False,,618.21,False,,0.0
2023-06,Otras pastas secas sin relleno,False,621.77,621.77,False,,619.45,False,,0.0
2023-07,Otras pastas secas sin relleno,False,628.3,628.3,False,,621.77,False,,0.0
2023-08,Otras pastas secas sin relleno,False,630.56,630.56,False,,628.3,False,,0.0
2023-09,Otras pastas secas sin relleno,False,636.43,636.43,False,,630.56,False,,0.0
2023-10,Otras pastas secas sin relleno,False,641.4,641.4,False,,636.43,False,,0.0
2023-11,Otras pastas secas sin relleno,False,646.78,646.78,False,,641.4,False,,0.0
2023-12,Otras pastas secas sin relleno,False,644.02,644.02,False,,646.78,False,,0.0
2024-01,Otras pastas secas sin relleno,False,649.65,649.65,False,,644.02,False,,0.0
2024-02,Otras pastas secas sin relleno,False,652.1,652.1,False,,649.65,False,,0.0
2024-03,Otras pastas secas sin relleno,False,648.42,648.42,False,,652.1,False,,0.0
2024-04,Otras pastas secas sin relleno,False,653.14,653.14,False,,648.42,False,,0.0
2024-05,Otras pastas secas sin relleno,False,654.22,654.22,False,,653.14,False,,0.0
2024-06,Otras pastas secas sin relleno,False,661.85,661.85,False,,654.22,False,,0.0
2024-07,Otras pastas secas sin relleno,False,662.81,662.81,False,,661.85,False,,0.0
2024-08,Otras pastas secas sin relleno,False,666.29,666.29,False,,662.81,False,,0.0
2024-09,Otras pastas secas sin relleno,False,664.27,664.27,False,,666.29,False,,0.0
2024-10,Otras pastas secas sin relleno,False,676.7,676.7,False,,664.27,False,,0.0
2024-11,Otras pastas secas sin relleno,False,676.1,676.1,False,,676.7,False,,0.0
2024-12,Otras pastas secas sin relleno,False,672.39,672.39,False,,676.1,False,,0.0
2025-01,Otras pastas secas sin relleno,False,675.42,675.42,False,,672.39,False,,0.0
2025-02,Otras pastas secas sin relleno,False,677.08,677.08,False,,675.42,False,,0.0
2025-03,Otras pastas secas sin relleno,False,684.12,684.12,False,,677.08,False,,0.0
2025-04,Otras pastas secas sin relleno,False,684.82,684.82,False,,684.12,False,,0.0
2025-05,Otras pastas secas sin relleno,False,686.85,686.85,False,,684.82,False,,0.0
2025-06,Otras pastas secas sin relleno,False,682.96,682.96,False,,686.85,False,,0.0
2025-07,Otras pastas secas sin relleno,False,688.11,688.11,False,,682.96,False,,0.0
2025-08,Otras pastas secas sin relleno,False,693.66,693.66,False,,688.11,False,,0.0
2025-09,Otras pastas secas sin relleno,False,699.41,699.41,False,,693.66,False,,0.0
2025-10,Otras pastas secas sin relleno,False,702.71,702.71,False,,699.41,False,,0.0
2025-11,Otras pastas secas sin relleno,False,705.06,705.06,False,,702.71,False,,0.0
2025-12,Otras pastas secas sin relleno,False,704.27,704.27,False,,705.06,False,,0.0
2026-01,Otras pastas secas sin relleno,False,706.93,706.93,False,,704.27,False,,0.0
2026-02,Otras pastas secas sin relleno,False,708.5,708.5,False,,706.93,False,,0.0
2026-03,Otras pastas secas sin relleno,False,712.38,712.38,False,,708.5,False,,0.0
2026-04,Otras pastas secas sin relleno,False,713.36,713.36,False,,712.38,False,,0.0
2026-05,Otras pastas secas sin relleno,False,710.29,710.29,False,,713.36,False,,0.0
2026-06,Otras pastas secas sin relleno,False,715.52,715.52,False,,710.29,False,,0.0
2026-07,Otras pastas secas sin relleno,False,719.95,719.95,False,,715.52,False,,0.0
2026-08,Otras pastas secas sin relleno,False,728.69,728.69,False,,719.95,False,,0.0
2019-01,"Snacks, chips y frituras a base de cereal",False,179.37,179.37,False,,179.55,False,,0.0
2019-02,"Snacks, chips y frituras a base de cereal",False,179.02,179.02,False,,179.37,False,,0.0
2019-03,"Snacks, chips y frituras a base de cereal",False,180.3,180.3,False,,179.02,False,,0.0
2019-04,"Snacks, chips y frituras a base de cereal",False,181.02,181.02,False,,180.3,False,,0.0
2019-05,"Snacks, chips y frituras a base de cereal",False,181.12,181.12,False,,181.02,False,,0.0
2019-06,"Snacks, chips y frituras a base de cereal",False,181.83,181.83,False,,181.12,False,,0.0
2019-07,"Snacks, chips y frituras a base de cereal",False,182.22,182.22,False,,181.83,False,,0.0
2019-08,"Snacks, chips y frituras a base de cereal",False,183.24,183.24,False,,182.22,False,,0.0
2019-09,"Snacks, chips y frituras a base de cereal",False,183.29,183.29,False,,183.24,False,,0.0
2019-10,"Snacks, chips y frituras a base de cereal",False,184.65,184.65,False,,183.29,False,,0.0
2019-11,"Snacks, chips y frituras a base de cereal",False,186.48,186.48,False,,184.65,False,,0.0
2019-12,"Snacks, chips y frituras a base de cereal",False,185.92,185.92,False,,186.48,False,,0.0
2020-01,"Snacks, chips y frituras a base de cereal",False,187.52,187.52,False,,185.92,False,,0.0
2020-02,"Snacks, chips y frituras a base de cereal",False,188.85,188.85,False,,187.52,False,,0.0
2020-03,"Snacks, chips y frituras a base de cereal",False,190.09,190.09,False,,188.85,False,,0.0
2020-04,"Snacks, chips y frituras a base de cereal",False,191.53,191.53,False,,190.09,False,,0.0
2020-05,"Snacks, chips y frituras a base de cereal",False,191.47,191.47,False,,191.53,False,,0.0
2020-06,"Snacks, chips y frituras a base de cereal",False,191.96,191.96,False,,191.47,False,,0.0
2020-07,"Snacks, chips y frituras a base de cereal",False,192.8,192.8,False,,191.96,False,,0.0
2020-08,"Snacks, chips y frituras a base de cereal",False,193.16,193.16,False,,192.8,False,,0.0
2020-09,"Snacks, chips y frituras a base de cereal",False,195.97,195.97,False,,193.16,False,,0.0
2020-10,"Snacks, chips y frituras a base de cereal",False,197.42,197.42,False,,195.97,False,,0.0
2020-11,"Snacks, chips y frituras a base de cereal",False,197.69,197.69,False,,197.42,False,,0.0
2020-12,"Snacks, chips y frituras a base de cereal",False,198.16,198.16,False,,197.69,False,,0.0
2021-01,"Snacks, chips y frituras a base de cereal",False,200.4,200.4,False,,198.16,False,,0.0
2021-02,"Snacks, chips y frituras a base de cereal",False,199.63,199.63,False,,200.4,False,,0.0
2021-03,"Snacks, chips y frituras a base de cereal",False,199.09,199.09,False,,199.63,False,,0.0
2021-04,"Snacks, chips y frituras a base de cereal",False,200.49,200.49,False,,199.09,False,,0.0
2021-05,"Snacks, chips y frituras a base de cereal",False,200.17,200.17,False,,200.49,False,,0.0
2021-06,"Snacks, chips y frituras a base de cereal",False,200.27,200.27,False,,200.17,False,,0.0
2021-07,"Snacks, chips y frituras a base de cereal",False,202.32,202.32,False,,200.27,False,,0.0
2021-08,"Snacks, chips y frituras a base de cereal",False,203.27,203.27,False,,202.32,False,,0.0
2021-09,"Snacks, chips y frituras a base de cereal",False,206.98,206.98,False,,203.27,False,,0.0
2021-10,"Snacks, chips y frituras a base de cereal",False,209.09,209.09,False,,206.98,False,,0.0
2021-11,"Snacks, chips y frituras a base de cereal",False,209.65,209.65,False,,209.09,False,,0.0
2021-12,"Snacks, chips y frituras a base de cereal",False,211.18,211.18,False,,209.65,False,,0.0
2022-01,"Snacks, chips y frituras a base de cereal",False,214.53,214.53,False,,211.18,False,,0.0
2022-02,"Snacks, chips y frituras a base de cereal",False,217.65,217.65,False,,214.53,False,,0.0
2022-03,"Snacks, chips y frituras a base de cereal",False,224.99,224.99,False,,217.65,False,,0.0
2022-04,"Snacks, chips y frituras a base de cereal",False,229.99,229.99,False,,224.99,False,,0.0
2022-05,"Snacks, chips y frituras a base de cereal",False,234.09,234.09,False,,229.99,False,,0.0
2022-06,"Snacks, chips y frituras a base de cereal",False,237.21,237.21,False,,234.09,False,,0.0
2022-07,"Snacks, chips y frituras a base de cereal",False,241.24,241.24,False,,237.21,False,,0.0
2022-08,"Snacks, chips y frituras a base de cereal",False,245.84,245.84,False,,241.24,False,,0.0
2022-09,"Snacks, chips y frituras a base de cereal",False,250.56,250.56,False,,245.84,False,,0.0
2022-10,"Snacks, chips y frituras a base de cereal",False,252.61,252.61,False,,250.56,False,,0.0
2022-11,"Snacks, chips y frituras a base de cereal",False,256.57,256.57,False,,252.61,False,,0.0
2022-12,"Snacks, chips y frituras a base de cereal",False,259.19,259.19,False,,256.57,False,,0.0
2023-01,"Snacks, chips y frituras a base de cereal",False,261.82,261.82,False,,259.19,False,,0.0
2023-02,"Snacks, chips y frituras a base de cereal",False,261.93,261.93,False,,261.82,False,,0.0
2023-03,"Snacks, chips y frituras a base de cereal",False,263.14,263.14,False,,261.93,False,,0.0
2023-04,"Snacks, chips y frituras a base de cereal",False,263.44,263.44,False,,263.14,False,,0.0
2023-05,"Snacks, chips y frituras a base de cereal",False,263.97,263.97,False,,263.44,False,,0.0
2023-06,"Snacks, chips y frituras a base de cereal",False,264.96,264.96,False,,263.97,False,,0.0
2023-07,"Snacks, chips y frituras a base de cereal",False,267.74,267.74,False,,264.96,False,,0.0
2023-08,"Snacks, chips y frituras a base de cereal",False,268.71,268.71,False,,267.74,False,,0.0
2023-09,"Snacks, chips y frituras a base de cereal",False,271.21,271.21,False,,268.71,False,,0.0
2023-10,"Snacks, chips y frituras a base de cereal",False,273.32,273.32,False,,271.21,False,,0.0
2023-11,"Snacks, chips y frituras a base de cereal",False,275.62,275.62,False,,273.32,False,,0.0
2023-12,"Snacks, chips y frituras a base de cereal",False,274.44,274.44,False,,275.62,False,,0.0
2024-01,"Snacks, chips y frituras a base de cereal",False,276.84,276.84,False,,274.44,False,,0.0
2024-02,"Snacks, chips y frituras a base de cereal",False,277.89,277.89,False,,276.84,False,,0.0
2024-03,"Snacks, chips y frituras a base de cereal",False,276.31,276.31,False,,277.89,False,,0.0
2024-04,"Snacks, chips y frituras a base de cereal",False,278.32,278.32,False,,276.31,False,,0.0
2024-05,"Snacks, chips y frituras a base de cereal",False,278.79,278.79,False,,278.32,False,,0.0
2024-06,"Snacks, chips y frituras a base de cereal",False,282.04,282.04,False,,278.79,False,,0.0
2024-07,"Snacks, chips y frituras a base de cereal",False,282.45,282.45,False,,282.04,False,,0.0
2024-08,"Snacks, chips y frituras a base de cereal",False,283.93,283.93,False,,282.45,False,,0.0
2024-09,"Snacks, chips y frituras a base de cereal",False,283.07,283.07,False,,283.93,False,,0.0
2024-10,"Snacks, chips y frituras a base de cereal",False,288.36,288.36,False,,283.07,False,,0.0
2024-11,"Snacks, chips y frituras a base de cereal",False,288.11,288.11,False,,288.36,False,,0.0
2024-12,"Snacks, chips y frituras a base de cereal",False,286.53,286.53,False,,288.11,False,,0.0
2025-01,"Snacks, chips y frituras a base de cereal",False,287.82,287.82,False,,286.53,False,,0.0
2025-02,"Snacks, chips y frituras a base de cereal",False,288.53,288.53,False,,287.82,False,,0.0
2025-03,"Snacks, chips y frituras a base de cereal",False,291.53,291.53,False,,288.53,False,,0.0
2025-04,"Snacks, chips y frituras a base de cereal",False,291.83,291.83,False,,291.53,False,,0.0
2025-05,"Snacks, chips y frituras a base de cereal",False,292.69,292.69,False,,291.83,False,,0.0
2025-06,"Snacks, chips y frituras a base de cereal",False,291.03,291.03,False,,292.69,False,,0.0
2025-07,"Snacks, chips y frituras a base de cereal",False,293.23,293.23,False,,291.03,False,,0.0
2025-08,"Snacks, chips y frituras a base de cereal",False,295.59,295.59,False,,293.23,False,,0.0
2025-09,"Snacks, chips y frituras a base de cereal",False,298.05,298.05,False,,295.59,False,,0.0
2025-10,"Snacks, chips y frituras a base de cereal",False,299.45,299.45,False,,298.05,False,,0.0
2025-11,"Snacks, chips y frituras a base de cereal",False,300.45,300.45,False,,299.45,False,,0.0
2025-12,"Snacks, chips y frituras a base de cereal",False,300.11,300.11,False,,300.45,False,,0.0
2026-01,"Snacks, chips y frituras a base de cereal",False,301.25,301.25,False,,300.11,False,,0.0
2026-02,"Snacks, chips y frituras a base de cereal",False,301.92,301.92,False,,301.25,False,,0.0
2026-03,"Snacks, chips y frituras a base de cereal",False,303.57,303.57,False,,301.92,False,,0.0
2026-04,"Snacks, chips y frituras a base de cereal",False,303.99,303.99,False,,303.57,False,,0.0
2026-05,"Snacks, chips y frituras a base de cereal",False,302.68,302.68,False,,303.99,False,,0.0
2026-06,"Snacks, chips y frituras a base de cereal",False,304.91,304.91,False,,302.68,False,,0.0
2026-07,"Snacks, chips y frituras a base de cereal",False,306.8,306.8,False,,304.91,False,,0.0
2026-08,"Snacks, chips y frituras a base de cereal",False,310.52,310.52,False,,306.8,False,,0.0
2019-01,Carne de vacuno corte posta,True,882.49,471.78,True,5824.46,471.78,True,5824.46,-410.71
2019-02,Carne de vacuno corte posta,True,880.76,472.3,True,5830.91,472.3,True,5830.91,-408.45
2019-03,Carne de vacuno corte posta,True,887.06,476.91,True,5887.83,476.91,True,5887.83,-410.14
2019-04,Carne de vacuno corte posta,True,890.6,484.33,True,5979.35,484.33,True,5979.35,-406.28
2019-05,Carne de vacuno corte posta,True,891.13,484.71,True,5984.02,484.71,True,5984.02,-406.42
2019-06,Carne de vacuno corte posta,True,894.59,486.44,True,6005.45,486.44,True,6005.45,-408.15
2019-07,Carne de vacuno corte posta,True,896.54,489.36,True,6041.45,489.36,True,6041.45,-407.19
2019-08,Carne de vacuno corte posta,True,901.56,490.29,True,6052.92,490.29,True,6052.92,-411.27
2019-09,Carne de vacuno corte posta,True,901.77,478.26,True,5904.41,478.26,True,5904.41,-423.51
2019-10,Carne de vacuno corte posta,True,908.47,495.1,True,6112.36,495.1,True,6112.36,-413.37
2019-11,Carne de vacuno corte posta,True,917.5,508.49,True,6277.66,508.49,True,6277.66,-409.01
2019-12,Carne de vacuno corte posta,True,914.74,514.7,True,6354.38,514.7,True,6354.38,-400.03
2020-01,Carne de vacuno corte posta,True,922.62,528.78,True,6528.11,528.78,True,6528.11,-393.84
2020-02,Carne de vacuno corte posta,True,929.15,534.49,True,6598.61,534.49,True,6598.61,-394.66
2020-03,Carne de vacuno corte posta,True,935.24,540.51,True,6672.97,540.51,True,6672.97,-394.73
2020-04,Carne de vacuno corte posta,True,942.34,532.34,True,6572.05,532.34,True,6572.05,-410.0
2020-05,Carne de vacuno corte posta,True,942.03,541.89,True,6689.97,541.89,True,6689.97,-400.14
2020-06,Carne de vacuno corte posta,True,944.47,544.5,True,6722.23,544.5,True,6722.23,-399.97
2020-07,Carne de vacuno corte posta,True,948.59,549.12,True,6779.22,549.12,True,6779.22,-399.47
2020-08,Carne de vacuno corte posta,True,950.35,549.78,True,6787.36,549.78,True,6787.36,-400.57
2020-09,Carne de vacuno corte posta,True,964.17,560.09,True,6914.68,560.09,True,6914.68,-404.08
2020-10,Carne de vacuno corte posta,True,971.3,568.47,True,7018.12,568.47,True,7018.12,-402.84
2020-11,Carne de vacuno corte posta,True,972.65,572.11,True,7063.1,572.11,True,7063.1,-400.54
2020-12,Carne de vacuno corte posta,True,974.92,568.64,True,7020.21,568.64,True,7020.21,-406.29
2021-01,Carne de vacuno corte posta,True,985.98,565.24,True,6978.3,565.24,True,6978.3,-420.74
2021-02,Carne de vacuno corte posta,True,982.19,576.37,True,7115.7,576.37,True,7115.7,-405.82
2021-03,Carne de vacuno corte posta,True,979.54,580.14,True,7162.22,580.14,True,7162.22,-399.4
2021-04,Carne de vacuno corte posta,True,986.39,571.95,True,7061.05,571.95,True,7061.05,-414.44
2021-05,Carne de vacuno corte posta,True,984.83,568.52,True,7018.79,568.52,True,7018.79,-416.31
2021-06,Carne de vacuno corte posta,True,985.35,575.67,True,7107.08,575.67,True,7107.08,-409.68
2021-07,Carne de vacuno corte posta,True,995.4,594.95,True,7345.06,594.95,True,7345.06,-400.45
2021-08,Carne de vacuno corte posta,True,1000.11,621.9,True,7677.77,621.9,True,7677.77,-378.21
2021-09,Carne de vacuno corte posta,True,1018.33,659.74,True,8144.91,659.74,True,8144.91,-358.6
2021-10,Carne de vacuno corte posta,True,1028.74,665.13,True,8211.43,665.13,True,8211.43,-363.61
2021-11,Carne de vacuno corte posta,True,1031.5,660.52,True,8154.61,660.52,True,8154.61,-370.97
2021-12,Carne de vacuno corte posta,True,1039.01,670.48,True,8277.49,670.48,True,8277.49,-368.53
2022-01,Carne de vacuno corte posta,True,1055.48,672.0,True,8296.29,672.0,True,8296.29,-383.48
2022-02,Carne de vacuno corte posta,True,1070.86,691.57,True,8537.9,691.57,True,8537.9,-379.29
2022-03,Carne de vacuno corte posta,True,1106.95,709.17,True,8755.15,709.17,True,8755.15,-397.78
2022-04,Carne de vacuno corte posta,True,1131.57,711.92,True,8789.14,711.92,True,8789.14,-419.65
2022-05,Carne de vacuno corte posta,True,1151.75,719.14,True,8878.32,719.14,True,8878.32,-432.6
2022-06,Carne de vacuno corte posta,True,1167.09,721.01,True,8901.33,721.01,True,8901.33,-446.09
2022-07,Carne de vacuno corte posta,True,1186.9,739.89,True,9134.47,739.89,True,9134.47,-447.01
2022-08,Carne de vacuno corte posta,True,1209.52,760.59,True,9390.02,760.59,True,9390.02,-448.93
2022-09,Carne de vacuno corte posta,True,1232.75,768.53,True,9488.03,768.53,True,9488.03,-464.22
2022-10,Carne de vacuno corte posta,True,1242.84,763.11,True,9421.09,763.11,True,9421.09,-479.73
2022-11,Carne de vacuno corte posta,True,1262.35,765.84,True,9454.81,765.84,True,9454.81,-496.51
2022-12,Carne de vacuno corte posta,True,1275.19,753.28,True,9299.7,753.28,True,9299.7,-521.92
2023-01,Carne de vacuno corte posta,True,1288.18,742.7,True,9169.13,742.7,True,9169.13,-545.48
2023-02,Carne de vacuno corte posta,True,1288.7,739.01,True,9123.52,739.01,True,9123.52,-549.7
2023-03,Carne de vacuno corte posta,True,1294.63,735.66,True,9082.26,735.66,True,9082.26,-558.97
2023-04,Carne de vacuno corte posta,True,1296.14,739.15,True,9125.35,739.15,True,9125.35,-556.99
2023-05,Carne de vacuno corte posta,True,1298.73,727.57,True,8982.31,727.57,True,8982.31,-571.16
2023-06,Carne de vacuno corte posta,True,1303.59,742.19,True,9162.87,742.19,True,9162.87,-561.4
2023-07,Carne de vacuno corte posta,True,1317.29,738.35,True,9115.37,738.35,True,9115.37,-578.94
2023-08,Carne de vacuno corte posta,True,1322.03,744.82,True,9195.36,744.82,True,9195.36,-577.21
2023-09,Carne de vacuno corte posta,True,1334.33,741.77,True,9157.68,741.77,True,9157.68,-592.56
2023-10,Carne de vacuno corte posta,True,1344.75,755.84,True,9331.3,755.84,True,9331.3,-588.91
2023-11,Carne de vacuno corte posta,True,1356.03,754.79,True,9318.37,754.79,True,9318.37,-601.24
2023-12,Carne de vacuno corte posta,True,1350.24,738.14,True,9112.81,738.14,True,9112.81,-612.1
2024-01,Carne de vacuno corte posta,True,1362.05,750.8,True,9269.13,750.8,True,9269.13,-611.25
2024-02,Carne de vacuno corte posta,True,1367.2,784.04,True,9679.52,784.04,True,9679.52,-583.16
2024-03,Carne de vacuno corte posta,True,1359.47,775.49,True,9573.92,775.49,True,9573.92,-583.98
2024-04,Carne de vacuno corte posta,True,1369.36,772.08,True,9531.86,772.08,True,9531.86,-597.28
2024-05,Carne de vacuno corte posta,True,1371.63,787.63,True,9723.77,787.63,True,9723.77,-584.0
2024-06,Carne de vacuno corte posta,True,1387.62,780.38,True,9634.33,780.38,True,9634.33,-607.24
2024-07,Carne de vacuno corte posta,True,1389.63,782.49,True,9660.35,782.49,True,9660.35,-607.14
2024-08,Carne de vacuno corte posta,True,1396.94,780.78,True,9639.25,780.78,True,9639.25,-616.16
2024-09,Carne de vacuno corte posta,True,1392.71,765.51,True,9450.72,765.51,True,9450.72,-627.2
2024-10,Carne de vacuno corte posta,True,1418.75,769.82,True,9503.96,769.82,True,9503.96,-648.93
2024-11,Carne de vacuno corte posta,True,1417.5,778.8,True,9614.83,778.8,True,9614.83,-638.7
2024-12,Carne de vacuno corte posta,True,1409.72,801.95,True,9900.61,801.95,True,9900.61,-607.77
2025-01,Carne de vacuno corte posta,True,1416.07,833.96,True,10295.82,833.96,True,10295.82,-582.11
2025-02,Carne de vacuno corte posta,True,1419.56,852.16,True,10520.51,852.16,True,10520.51,-567.4
2025-03,Carne de vacuno corte posta,True,1434.31,846.98,True,10456.55,846.98,True,10456.55,-587.33
2025-04,Carne de vacuno corte posta,True,1435.8,856.82,True,10578.02,856.82,True,10578.02,-578.98
2025-05,Carne de vacuno corte posta,True,1440.04,858.73,True,10601.57,858.73,True,10601.57,-581.31
2025-06,Carne de vacuno corte posta,True,1431.89,865.2,True,10681.48,865.2,True,10681.48,-566.69
2025-07,Carne de vacuno corte posta,True,1442.69,867.84,True,10714.11,867.84,True,10714.11,-574.85
2025-08,Carne de vacuno corte posta,True,1454.31,886.72,True,10947.12,886.72,True,10947.12,-567.6
2025-09,Carne de vacuno corte posta,True,1466.39,880.04,True,10864.69,880.04,True,10864.69,-586.35
2025-10,Carne de vacuno corte posta,True,1473.29,901.84,True,11133.82,901.84,True,11133.82,-571.45
2025-11,Carne de vacuno corte posta,True,1478.23,920.18,True,11360.27,920.18,True,11360.27,-558.05
2025-12,Carne de vacuno corte posta,True,1476.56,919.01,True,11345.76,919.01,True,11345.76,-557.55
2026-01,Carne de vacuno corte posta,True,1482.14,919.09,True,11346.76,919.09,True,11346.76,-563.06
2026-02,Carne de vacuno corte posta,True,1485.44,922.59,True,11389.97,922.59,True,11389.97,-562.85
2026-03,Carne de vacuno corte posta,True,1493.58,920.5,True,11364.21,920.5,True,11364.21,-573.08
2026-04,Carne de vacuno corte posta,True,1495.61,922.99,True,11394.99,922.99,True,11394.99,-572.62
2026-05,Carne de vacuno corte posta,True,1489.18,938.93,True,11591.72,938.93,True,11591.72,-550.25
2026-06,Carne de vacuno corte posta,True,1500.15,952.97,True,11765.05,952.97,True,11765.05,-547.18
2026-07,Carne de vacuno corte posta,True,1509.45,948.76,True,11713.11,948.76,True,11713.11,-560.69
2026-08,Carne de vacuno corte posta,True,1527.77,982.5,True,12129.6,982.5,True,12129.6,-545.27
2019-01,Carne de vacuno molida,False,1437.34,1437.34,False,,1438.83,False,,0.0
2019-02,Carne de vacuno molida,False,1434.51,1434.51,False,,1437.34,False,,0.0
2019-03,Carne de vacuno molida,False,1444.77,1444.77,False,,1434.51,False,,0.0
2019-04,Carne de vacuno molida,False,1450.55,1450.55,False,,1444.77,False,,0.0
2019-05,Carne de vacuno molida,False,1451.41,1451.41,False,,1450.55,False,,0.0
2019-06,Carne de vacuno molida,False,1457.05,1457.05,False,,1451.41,False,,0.0
2019-07,Carne de vacuno molida,False,1460.23,1460.23,False,,1457.05,False,,0.0
2019-08,Carne de vacuno molida,False,1468.4,1468.4,False,,1460.23,False,,0.0
2019-09,Carne de vacuno molida,False,1468.73,1468.73,False,,1468.4,False,,0.0
2019-10,Carne de vacuno molida,False,1479.65,1479.65,False,,1468.73,False,,0.0
2019-11,Carne de vacuno molida,False,1494.36,1494.36,False,,1479.65,False,,0.0
2019-12,Carne de vacuno molida,False,1489.86,1489.86,False,,1494.36,False,,0.0
2020-01,Carne de vacuno molida,False,1502.69,1502.69,False,,1489.86,False,,0.0
2020-02,Carne de vacuno molida,False,1513.33,1513.33,False,,1502.69,False,,0.0
2020-03,Carne de vacuno molida,False,1523.25,1523.25,False,,1513.33,False,,0.0
2020-04,Carne de vacuno molida,False,1534.81,1534.81,False,,1523.25,False,,0.0
2020-05,Carne de vacuno molida,False,1534.31,1534.31,False,,1534.81,False,,0.0
2020-06,Carne de vacuno molida,False,1538.28,1538.28,False,,1534.31,False,,0.0
2020-07,Carne de vacuno molida,False,1544.99,1544.99,False,,1538.28,False,,0.0
2020-08,Carne de vacuno molida,False,1547.86,1547.86,False,,1544.99,False,,0.0
2020-09,Carne de vacuno molida,False,1570.37,1570.37,False,,1547.86,False,,0.0
2020-10,Carne de vacuno molida,False,1581.99,1581.99,False,,1570.37,False,,0.0
2020-11,Carne de vacuno molida,False,1584.18,1584.18,False,,1581.99,False,,0.0
2020-12,Carne de vacuno molida,False,1587.88,1587.88,False,,1584.18,False,,0.0
2021-01,Carne de vacuno molida,False,1605.9,1605.9,False,,1587.88,False,,0.0
2021-02,Carne de vacuno molida,False,1599.72,1599.72,False,,1605.9,False,,0.0
2021-03,Carne de vacuno molida,False,1595.4,1595.4,False,,1599.72,False,,0.0
2021-04,Carne de vacuno molida,False,1606.56,1606.56,False,,1595.4,False,,0.0
2021-05,Carne de vacuno molida,False,1604.02,1604.02,False,,1606.56,False,,0.0
2021-06,Carne de vacuno molida,False,1604.87,1604.87,False,,1604.02,False,,0.0
2021-07,Carne de vacuno molida,False,1621.24,1621.24,False,,1604.87,False,,0.0
2021-08,Carne de vacuno molida,False,1628.9,1628.9,False,,1621.24,False,,0.0
2021-09,Carne de vacuno molida,False,1658.59,1658.59,False,,1628.9,False,,0.0
2021-10,Carne de vacuno molida,False,1675.53,1675.53,False,,1658.59,False,,0.0
2021-11,Carne de vacuno molida,False,1680.03,1680.03,False,,1675.53,False,,0.0
2021-12,Carne de vacuno molida,False,1692.26,1692.26,False,,1680.03,False,,0.0
2022-01,Carne de vacuno molida,False,1719.1,1719.1,False,,1692.26,False,,0.0
2022-02,Carne de vacuno molida,False,1744.14,1744.14,False,,1719.1,False,,0.0
2022-03,Carne de vacuno molida,False,1802.92,1802.92,False,,1744.14,False,,0.0
2022-04,Carne de vacuno molida,False,1843.01,1843.01,False,,1802.92,False,,0.0
2022-05,Carne de vacuno molida,False,1875.88,1875.88,False,,1843.01,False,,0.0
2022-06,Carne de vacuno molida,False,1900.88,1900.88,False,,1875.88,False,,0.0
2022-07,Carne de vacuno molida,False,1933.14,1933.14,False,,1900.88,False,,0.0
2022-08,Carne de vacuno molida,False,1969.97,1969.97,False,,1933.14,False,,0.0
2022-09,Carne de vacuno molida,False,2007.81,2007.81,False,,1969.97,False,,0.0
2022-10,Carne de vacuno molida,False,2024.25,2024.25,False,,2007.81,False,,0.0
2022-11,Carne de vacuno molida,False,2056.02,2056.02,False,,2024.25,False,,0.0
2022-12,Carne de vacuno molida,False,2076.94,2076.94,False,,2056.02,False,,0.0
2023-01,Carne de vacuno molida,False,2098.09,2098.09,False,,2076.94,False,,0.0
2023-02,Carne de vacuno molida,False,2098.94,2098.94,False,,2098.09,False,,0.0
2023-03,Carne de vacuno molida,False,2108.6,2108.6,False,,2098.94,False,,0.0
2023-04,Carne de vacuno molida,False,2111.05,2111.05,False,,2108.6,False,,0.0
2023-05,Carne de vacuno molida,False,2115.27,2115.27,False,,2111.05,False,,0.0
2023-06,Carne de vacuno molida,False,2123.19,2123.19,False,,2115.27,False,,0.0
2023-07,Carne de vacuno molida,False,2145.5,2145.5,False,,2123.19,False,,0.0
2023-08,Carne de vacuno molida,False,2153.23,2153.23,False,,2145.5,False,,0.0
2023-09,Carne de vacuno molida,False,2173.26,2173.26,False,,2153.23,False,,0.0
2023-10,Carne de vacuno molida,False,2190.23,2190.23,False,,2173.26,False,,0.0
2023-11,Carne de vacuno molida,False,2208.6,2208.6,False,,2190.23,False,,0.0
2023-12,Carne de vacuno molida,False,2199.17,2199.17,False,,2208.6,False,,0.0
2024-01,Carne de vacuno molida,False,2218.4,2218.4,False,,2199.17,False,,0.0
2024-02,Carne de vacuno molida,False,2226.79,2226.79,False,,2218.4,False,,0.0
2024-03,Carne de vacuno molida,False,2214.2,2214.2,False,,2226.79,False,,0.0
2024-04,Carne de vacuno molida,False,2230.31,2230.31,False,,2214.2,False,,0.0
2024-05,Carne de vacuno molida,False,2234.01,2234.01,False,,2230.31,False,,0.0
2024-06,Carne de vacuno molida,False,2260.06,2260.06,False,,2234.01,False,,0.0
2024-07,Carne de vacuno molida,False,2263.33,2263.33,False,,2260.06,False,,0.0
2024-08,Carne de vacuno molida,False,2275.23,2275.23,False,,2263.33,False,,0.0
2024-09,Carne de vacuno molida,False,2268.34,2268.34,False,,2275.23,False,,0.0
2024-10,Carne de vacuno molida,False,2310.76,2310.76,False,,2268.34,False,,0.0
2024-11,Carne de vacuno molida,False,2308.72,2308.72,False,,2310.76,False,,0.0
2024-12,Carne de vacuno molida,False,2296.04,2296.04,False,,2308.72,False,,0.0
2025-01,Carne de vacuno molida,False,2306.4,2306.4,False,,2296.04,False,,0.0
2025-02,Carne de vacuno molida,False,2312.08,2312.08,False,,2306.4,False,,0.0
2025-03,Carne de vacuno molida,False,2336.1,2336.1,False,,2312.08,False,,0.0
2025-04,Carne de vacuno molida,False,2338.52,2338.52,False,,2336.1,False,,0.0
2025-05,Carne de vacuno molida,False,2345.43,2345.43,False,,2338.52,False,,0.0
2025-06,Carne de vacuno molida,False,2332.16,2332.16,False,,2345.43,False,,0.0
2025-07,Carne de vacuno molida,False,2349.75,2349.75,False,,2332.16,False,,0.0
2025-08,Carne de vacuno molida,False,2368.68,2368.68,False,,2349.75,False,,0.0
2025-09,Carne de vacuno molida,False,2388.34,2388.34,False,,2368.68,False,,0.0
2025-10,Carne de vacuno molida,False,2399.59,2399.59,False,,2388.34,False,,0.0
2025-11,Carne de vacuno molida,False,2407.63,2407.63,False,,2399.59,False,,0.0
2025-12,Carne de vacuno molida,False,2404.91,2404.91,False,,2407.63,False,,0.0
2026-01,Carne de vacuno molida,False,2414.01,2414.01,False,,2404.91,False,,0.0
2026-02,Carne de vacuno molida,False,2419.37,2419.37,False,,2414.01,False,,0.0
2026-03,Carne de vacuno molida,False,2432.63,2432.63,False,,2419.37,False,,0.0
2026-04,Carne de vacuno molida,False,2435.95,2435.95,False,,2432.63,False,,0.0
2026-05,Carne de vacuno molida,False,2425.46,2425.46,False,,2435.95,False,,0.0
2026-06,Carne de vacuno molida,False,2443.33,2443.33,False,,2425.46,False,,0.0
2026-07,Carne de vacuno molida,False,2458.48,2458.48,False,,2443.33,False,,0.0
2026-08,Carne de vacuno molida,False,2488.31,2488.31,False,,2458.48,False,,0.0
2019-01,Otros cortes de carne de vacuno,True,1401.47,1219.49,True,5834.87,1219.49,True,5834.87,-181.98
2019-02,Otros cortes de carne de vacuno,True,1398.71,1192.32,True,5704.89,1192.32,True,5704.89,-206.38
2019-03,Otros cortes de carne de vacuno,True,1408.72,1206.64,True,5773.4,1206.64,True,5773.4,-202.07
2019-04,Otros cortes de carne de vacuno,True,1414.35,1204.45,True,5762.9,1204.45,True,5762.9,-209.9
2019-05,Otros cortes de carne de vacuno,True,1415.18,1222.17,True,5847.72,1222.17,True,5847.72,-193.01
2019-06,Otros cortes de carne de vacuno,True,1420.68,1235.13,True,5909.7,1235.13,True,5909.7,-185.56
2019-07,Otros cortes de carne de vacuno,True,1423.78,1232.53,True,5897.27,1232.53,True,5897.27,-191.25
2019-08,Otros cortes de carne de vacuno,True,1431.75,1230.47,True,5887.42,1230.47,True,5887.42,-201.28
2019-09,Otros cortes de carne de vacuno,True,1432.08,1214.82,True,5812.51,1214.82,True,5812.51,-217.26
2019-10,Otros cortes de carne de vacuno,True,1442.72,1248.11,True,5971.84,1248.11,True,5971.84,-194.6
2019-11,Otros cortes de carne de vacuno,True,1457.06,1278.43,True,6116.91,1278.43,True,6116.91,-178.63
2019-12,Otros cortes de carne de vacuno,True,1452.67,1288.42,True,6164.69,1288.42,True,6164.69,-164.25
2020-01,Otros cortes de carne de vacuno,True,1465.18,1306.02,True,6248.9,1306.02,True,6248.9,-159.16
2020-02,Otros cortes de carne de vacuno,True,1475.56,1329.77,True,6362.54,1329.77,True,6362.54,-145.79
2020-03,Otros cortes de carne de vacuno,True,1485.23,1322.62,True,6328.33,1322.62,True,6328.33,-162.61
2020-04,Otros cortes de carne de vacuno,True,1496.5,1324.02,True,6335.03,1324.02,True,6335.03,-172.48
2020-05,Otros cortes de carne de vacuno,True,1496.01,1335.83,True,6391.54,1335.83,True,6391.54,-160.18
2020-06,Otros cortes de carne de vacuno,True,1499.88,1342.11,True,6421.59,1342.11,True,6421.59,-157.77
2020-07,Otros cortes de carne de vacuno,True,1506.43,1360.28,True,6508.53,1360.28,True,6508.53,-146.15
2020-08,Otros cortes de carne de vacuno,True,1509.23,1372.64,True,6567.63,1372.64,True,6567.63,-136.59
2020-09,Otros cortes de carne de vacuno,True,1531.17,1418.71,True,6788.08,1418.71,True,6788.08,-112.46
2020-10,Otros cortes de carne de vacuno,True,1542.5,1463.97,True,7004.63,1463.97,True,7004.63,-78.54
2020-11,Otros cortes de carne de vacuno,True,1544.64,1456.69,True,6969.79,1456.69,True,6969.79,-87.96
2020-12,Otros cortes de carne de vacuno,True,1548.25,1443.65,True,6907.43,1443.65,True,6907.43,-104.6
2021-01,Otros cortes de carne de vacuno,True,1565.82,1462.85,True,6999.28,1462.85,True,6999.28,-102.97
2021-02,Otros cortes de carne de vacuno,True,1559.8,1459.94,True,6985.34,1459.94,True,6985.34,-99.86
2021-03,Otros cortes de carne de vacuno,True,1555.58,1463.38,True,7001.82,1463.38,True,7001.82,-92.21
2021-04,Otros cortes de carne de vacuno,True,1566.46,1455.75,True,6965.3,1455.75,True,6965.3,-110.71
2021-05,Otros cortes de carne de vacuno,True,1563.99,1467.21,True,7020.14,1467.21,True,7020.14,-96.78
2021-06,Otros cortes de carne de vacuno,True,1564.81,1491.55,True,7136.62,1491.55,True,7136.62,-73.26
2021-07,Otros cortes de carne de vacuno,True,1580.77,1532.42,True,7332.14,1532.42,True,7332.14,-48.36
2021-08,Otros cortes de carne de vacuno,True,1588.24,1620.75,True,7754.77,1620.75,True,7754.77,32.5
2021-09,Otros cortes de carne de vacuno,True,1617.19,1707.18,True,8168.33,1707.18,True,8168.33,89.99
2021-10,Otros cortes de carne de vacuno,True,1633.71,1750.72,True,8376.66,1750.72,True,8376.66,117.01
2021-11,Otros cortes de carne de vacuno,True,1638.1,1744.35,True,8346.17,1744.35,True,8346.17,106.25
2021-12,Otros cortes de carne de vacuno,True,1650.03,1754.53,True,8394.89,1754.53,True,8394.89,104.5
2022-01,Otros cortes de carne de vacuno,True,1676.19,1782.49,True,8528.64,1782.49,True,8528.64,106.3
2022-02,Otros cortes de carne de vacuno,True,1700.61,1807.25,True,8647.14,1807.25,True,8647.14,106.64
2022-03,Otros cortes de carne de vacuno,True,1757.92,1822.18,True,8718.57,1822.18,True,8718.57,64.26
2022-04,Otros cortes de carne de vacuno,True,1797.01,1835.39,True,8781.78,1835.39,True,8781.78,38.38
2022-05,Otros cortes de carne de vacuno,True,1829.06,1832.16,True,8766.34,1832.16,True,8766.34,3.1
2022-06,Otros cortes de carne de vacuno,True,1853.43,1867.76,True,8936.67,1867.76,True,8936.67,14.33
2022-07,Otros cortes de carne de vacuno,True,1884.9,1905.78,True,9118.56,1905.78,True,9118.56,20.88
2022-08,Otros cortes de carne de vacuno,True,1920.81,1965.05,True,9402.18,1965.05,True,9402.18,44.25
2022-09,Otros cortes de carne de vacuno,True,1957.7,1982.97,True,9487.91,1982.97,True,9487.91,25.28
2022-10,Otros cortes de carne de vacuno,True,1973.73,1976.11,True,9455.05,1976.11,True,9455.05,2.38
2022-11,Otros cortes de carne de vacuno,True,2004.71,1989.7,True,9520.09,1989.7,True,9520.09,-15.01
2022-12,Otros cortes de carne de vacuno,True,2025.1,1968.98,True,9420.94,1968.98,True,9420.94,-56.13
2023-01,Otros cortes de carne de vacuno,True,2045.73,1973.36,True,9441.92,1973.36,True,9441.92,-72.36
2023-02,Otros cortes de carne de vacuno,True,2046.55,1913.02,True,9153.2,1913.02,True,9153.2,-133.54
2023-03,Otros cortes de carne de vacuno,True,2055.97,1916.26,True,9168.72,1916.26,True,9168.72,-139.71
2023-04,Otros cortes de carne de vacuno,True,2058.37,1878.91,True,8990.02,1878.91,True,8990.02,-179.45
2023-05,Otros cortes de carne de vacuno,True,2062.48,1898.9,True,9085.66,1898.9,True,9085.66,-163.57
2023-06,Otros cortes de carne de vacuno,True,2070.2,1915.68,True,9165.93,1915.68,True,9165.93,-154.52
2023-07,Otros cortes de carne de vacuno,True,2091.95,1914.37,True,9159.65,1914.37,True,9159.65,-177.58
2023-08,Otros cortes de carne de vacuno,True,2099.49,1902.14,True,9101.16,1902.14,True,9101.16,-197.35
2023-09,Otros cortes de carne de vacuno,True,2119.02,1873.95,True,8966.26,1873.95,True,8966.26,-245.07
2023-10,Otros cortes de carne de vacuno,True,2135.56,1916.4,True,9169.39,1916.4,True,9169.39,-219.16
2023-11,Otros cortes de carne de vacuno,True,2153.48,1943.4,True,9298.58,1943.4,True,9298.58,-210.08
2023-12,Otros cortes de carne de vacuno,True,2144.29,1907.98,True,9129.1,1907.98,True,9129.1,-236.3
2024-01,Otros cortes de carne de vacuno,True,2163.03,1952.43,True,9341.79,1952.43,True,9341.79,-210.6
2024-02,Otros cortes de carne de vacuno,True,2171.21,1959.33,True,9374.78,1959.33,True,9374.78,-211.88
2024-03,Otros cortes de carne de vacuno,True,2158.94,1979.38,True,9470.72,1979.38,True,9470.72,-179.56
2024-04,Otros cortes de carne de vacuno,True,2174.64,1983.17,True,9488.84,1983.17,True,9488.84,-191.48
2024-05,Otros cortes de carne de vacuno,True,2178.25,1990.17,True,9522.34,1990.17,True,9522.34,-188.08
2024-06,Otros cortes de carne de vacuno,True,2203.65,1946.54,True,9313.6,1946.54,True,9313.6,-257.11
2024-07,Otros cortes de carne de vacuno,True,2206.84,1964.29,True,9398.54,1964.29,True,9398.54,-242.55
2024-08,Otros cortes de carne de vacuno,True,2218.44,1994.19,True,9541.6,1994.19,True,9541.6,-224.25
2024-09,Otros cortes de carne de vacuno,True,2211.72,1953.7,True,9347.87,1953.7,True,9347.87,-258.02
2024-10,Otros cortes de carne de vacuno,True,2253.09,1992.24,True,9532.24,1992.24,True,9532.24,-260.85
2024-11,Otros cortes de carne de vacuno,True,2251.1,2044.08,True,9780.29,2044.08,True,9780.29,-207.01
2024-12,Otros cortes de carne de vacuno,True,2238.74,2077.07,True,9938.12,2077.07,True,9938.12,-161.67
2025-01,Otros cortes de carne de vacuno,True,2248.83,2148.13,True,10278.15,2148.13,True,10278.15,-100.7
2025-02,Otros cortes de carne de vacuno,True,2254.37,2146.04,True,10268.14,2146.04,True,10268.14,-108.33
2025-03,Otros cortes de carne de vacuno,True,2277.79,2167.74,True,10371.98,2167.74,True,10371.98,-110.05
2025-04,Otros cortes de carne de vacuno,True,2280.15,2176.81,True,10415.38,2176.81,True,10415.38,-103.34
2025-05,Otros cortes de carne de vacuno,True,2286.9,2170.84,True,10386.77,2170.84,True,10386.77,-116.06
2025-06,Otros cortes de carne de vacuno,True,2273.95,2199.87,True,10525.68,2199.87,True,10525.68,-74.08
2025-07,Otros cortes de carne de vacuno,True,2291.1,2208.86,True,10568.72,2208.86,True,10568.72,-82.24
2025-08,Otros cortes de carne de vacuno,True,2309.56,2251.12,True,10770.91,2251.12,True,10770.91,-58.44
2025-09,Otros cortes de carne de vacuno,True,2328.73,2260.4,True,10815.32,2260.4,True,10815.32,-68.33
2025-10,Otros cortes de carne de vacuno,True,2339.7,2270.29,True,10862.62,2270.29,True,10862.62,-69.42
2025-11,Otros cortes de carne de vacuno,True,2347.54,2302.95,True,11018.88,2302.95,True,11018.88,-44.6
2025-12,Otros cortes de carne de vacuno,True,2344.89,2299.69,True,11003.3,2299.69,True,11003.3,-45.2
2026-01,Otros cortes de carne de vacuno,True,2353.76,2350.05,True,11244.25,2350.05,True,11244.25,-3.71
2026-02,Otros cortes de carne de vacuno,True,2358.99,2363.2,True,11307.17,2363.2,True,11307.17,4.21
2026-03,Otros cortes de carne de vacuno,True,2371.92,2366.76,True,11324.19,2366.76,True,11324.19,-5.16
2026-04,Otros cortes de carne de vacuno,True,2375.15,2378.65,True,11381.11,2378.65,True,11381.11,3.5
2026-05,Otros cortes de carne de vacuno,True,2364.93,2388.09,True,11426.26,2388.09,True,11426.26,23.16
2026-06,Otros cortes de carne de vacuno,True,2382.35,2390.98,True,11440.1,2390.98,True,11440.1,8.63
2026-07,Otros cortes de carne de vacuno,True,2397.12,2407.17,True,11517.57,2407.17,True,11517.57,10.05
2026-08,Otros cortes de carne de vacuno,True,2426.21,2457.68,True,11759.22,2457.68,True,11759.22,31.47
2019-01,Cortes de carne de vacuno no identificados,True,1305.8,1289.51,True,6321.14,1289.51,True,6321.14,-16.29
2019-02,Cortes de carne de vacuno no identificados,True,1303.23,1268.06,True,6215.97,1268.06,True,6215.97,-35.17
2019-03,Cortes de carne de vacuno no identificados,True,1312.56,1280.88,True,6278.81,1280.88,True,6278.81,-31.68
2019-04,Cortes de carne de vacuno no identificados,True,1317.81,1282.52,True,6286.88,1282.52,True,6286.88,-35.28
2019-05,Cortes de carne de vacuno no identificados,True,1318.58,1296.94,True,6357.53,1296.94,True,6357.53,-21.64
2019-06,Cortes de carne de vacuno no identificados,True,1323.71,1310.77,True,6425.33,1310.77,True,6425.33,-12.94
2019-07,Cortes de carne de vacuno no identificados,True,1326.59,1306.75,True,6405.62,1306.75,True,6405.62,-19.85
2019-08,Cortes de carne de vacuno no identificados,True,1334.02,1303.63,True,6390.36,1303.63,True,6390.36,-30.39
2019-09,Cortes de carne de vacuno no identificados,True,1334.32,1285.65,True,6302.22,1285.65,True,6302.22,-48.67
2019-10,Cortes de carne de vacuno no identificados,True,1344.24,1318.72,True,6464.3,1318.72,True,6464.3,-25.52
2019-11,Cortes de carne de vacuno no identificados,True,1357.6,1350.84,True,6621.74,1350.84,True,6621.74,-6.77
2019-12,Cortes de carne de vacuno no identificados,True,1353.51,1368.83,True,6709.96,1368.83,True,6709.96,15.32
2020-01,Cortes de carne de vacuno no identificados,True,1365.17,1390.95,True,6818.37,1390.95,True,6818.37,25.78
2020-02,Cortes de carne de vacuno no identificados,True,1374.84,1415.48,True,6938.63,1415.48,True,6938.63,40.64
2020-03,Cortes de carne de vacuno no identificados,True,1383.85,1414.03,True,6931.53,1414.03,True,6931.53,30.18
2020-04,Cortes de carne de vacuno no identificados,True,1394.35,1394.34,True,6834.98,1394.34,True,6834.98,-0.02
2020-05,Cortes de carne de vacuno no identificados,True,1393.89,1419.18,True,6956.79,1419.18,True,6956.79,25.29
2020-06,Cortes de carne de vacuno no identificados,True,1397.5,1424.78,True,6984.19,1424.78,True,6984.19,27.27
2020-07,Cortes de carne de vacuno no identificados,True,1403.61,1439.56,True,7056.65,1439.56,True,7056.65,35.95
2020-08,Cortes de carne de vacuno no identificados,True,1406.21,1455.58,True,7135.19,1455.58,True,7135.19,49.37
2020-09,Cortes de carne de vacuno no identificados,True,1426.66,1504.14,True,7373.25,1504.14,True,7373.25,77.49
2020-10,Cortes de carne de vacuno no identificados,True,1437.21,1541.71,True,7557.39,1541.71,True,7557.39,104.49
2020-11,Cortes de carne de vacuno no identificados,True,1439.21,1535.96,True,7529.22,1535.96,True,7529.22,96.75
2020-12,Cortes de carne de vacuno no identificados,True,1442.57,1525.83,True,7479.57,1525.83,True,7479.57,83.26
2021-01,Cortes de carne de vacuno no identificados,True,1458.94,1544.62,True,7571.65,1544.62,True,7571.65,85.68
2021-02,Cortes de carne de vacuno no identificados,True,1453.33,1542.89,True,7563.17,1542.89,True,7563.17,89.56
2021-03,Cortes de carne de vacuno no identificados,True,1449.4,1549.12,True,7593.73,1549.12,True,7593.73,99.72
2021-04,Cortes de carne de vacuno no identificados,True,1459.53,1536.15,True,7530.12,1536.15,True,7530.12,76.61
2021-05,Cortes de carne de vacuno no identificados,True,1457.23,1546.3,True,7579.89,1546.3,True,7579.89,89.07
2021-06,Cortes de carne de vacuno no identificados,True,1458.0,1570.3,True,7697.54,1570.3,True,7697.54,112.3
2021-07,Cortes de carne de vacuno no identificados,True,1472.87,1614.93,True,7916.31,1614.93,True,7916.31,142.05
2021-08,Cortes de carne de vacuno no identificados,True,1479.83,1706.91,True,8367.18,1706.91,True,8367.18,227.07
2021-09,Cortes de carne de vacuno no identificados,True,1506.8,1807.18,True,8858.74,1807.18,True,8858.74,300.38
2021-10,Cortes de carne de vacuno no identificados,True,1522.2,1845.29,True,9045.56,1845.29,True,9045.56,323.1
2021-11,Cortes de carne de vacuno no identificados,True,1526.28,1835.26,True,8996.39,1835.26,True,8996.39,308.98
2021-12,Cortes de carne de vacuno no identificados,True,1537.4,1853.64,True,9086.46,1853.64,True,9086.46,316.24
2022-01,Cortes de carne de vacuno no identificados,True,1561.77,1880.92,True,9220.2,1880.92,True,9220.2,319.15
2022-02,Cortes de carne de vacuno no identificados,True,1584.53,1909.58,True,9360.66,1909.58,True,9360.66,325.05
2022-03,Cortes de carne de vacuno no identificados,True,1637.93,1930.05,True,9461.03,1930.05,True,9461.03,292.12
2022-04,Cortes de carne de vacuno no identificados,True,1674.35,1940.13,True,9510.46,1940.13,True,9510.46,265.78
2022-05,Cortes de carne de vacuno no identificados,True,1704.21,1938.6,True,9502.94,1938.6,True,9502.94,234.39
2022-06,Cortes de carne de vacuno no identificados,True,1726.92,1968.78,True,9650.86,1968.78,True,9650.86,241.86
2022-07,Cortes de carne de vacuno no identificados,True,1756.23,2009.35,True,9849.76,2009.35,True,9849.76,253.12
2022-08,Cortes de carne de vacuno no identificados,True,1789.69,2069.78,True,10145.98,2069.78,True,10145.98,280.09
2022-09,Cortes de carne de vacuno no identificados,True,1824.07,2093.75,True,10263.49,2093.75,True,10263.49,269.69
2022-10,Cortes de carne de vacuno no identificados,True,1839.0,2086.21,True,10226.53,2086.21,True,10226.53,247.21
2022-11,Cortes de carne de vacuno no identificados,True,1867.87,2096.96,True,10279.24,2096.96,True,10279.24,229.1
2022-12,Cortes de carne de vacuno no identificados,True,1886.87,2073.39,True,10163.68,2073.39,True,10163.68,186.52
2023-01,Cortes de carne de vacuno no identificados,True,1906.09,2073.59,True,10164.63,2073.59,True,10164.63,167.5
2023-02,Cortes de carne de vacuno no identificados,True,1906.86,2019.43,True,9899.18,2019.43,True,9899.18,112.57
2023-03,Cortes de carne de vacuno no identificados,True,1915.63,2017.18,True,9888.15,2017.18,True,9888.15,101.55
2023-04,Cortes de carne de vacuno no identificados,True,1917.86,1987.26,True,9741.49,1987.26,True,9741.49,69.4
2023-05,Cortes de carne de vacuno no identificados,True,1921.69,1996.07,True,9784.68,1996.07,True,9784.68,74.38
2023-06,Cortes de carne de vacuno no identificados,True,1928.89,2006.65,True,9836.54,2006.65,True,9836.54,77.76
2023-07,Cortes de carne de vacuno no identificados,True,1949.15,2006.14,True,9834.02,2006.14,True,9834.02,56.98
2023-08,Cortes de carne de vacuno no identificados,True,1956.18,1998.83,True,9798.16,1998.83,True,9798.16,42.65
2023-09,Cortes de carne de vacuno no identificados,True,1974.38,1980.52,True,9708.45,1980.52,True,9708.45,6.15
2023-10,Cortes de carne de vacuno no identificados,True,1989.79,2019.1,True,9897.57,2019.1,True,9897.57,29.31
2023-11,Cortes de carne de vacuno no identificados,True,2006.49,2043.36,True,10016.49,2043.36,True,10016.49,36.88
2023-12,Cortes de carne de vacuno no identificados,True,1997.92,2010.61,True,9855.95,2010.61,True,9855.95,12.7
2024-01,Cortes de carne de vacuno no identificados,True,2015.38,2055.46,True,10075.79,2055.46,True,10075.79,40.08
2024-02,Cortes de carne de vacuno no identificados,True,2023.01,2072.39,True,10158.78,2072.39,True,10158.78,49.38
2024-03,Cortes de carne de vacuno no identificados,True,2011.57,2084.88,True,10219.98,2084.88,True,10219.98,73.3
2024-04,Cortes de carne de vacuno no identificados,True,2026.2,2088.24,True,10236.49,2088.24,True,10236.49,62.04
2024-05,Cortes de carne de vacuno no identificados,True,2029.57,2098.99,True,10289.17,2098.99,True,10289.17,69.42
2024-06,Cortes de carne de vacuno no identificados,True,2053.23,2056.23,True,10079.58,2056.23,True,10079.58,3.0
2024-07,Cortes de carne de vacuno no identificados,True,2056.2,2069.56,True,10144.92,2069.56,True,10144.92,13.36
2024-08,Cortes de carne de vacuno no identificados,True,2067.01,2098.35,True,10286.05,2098.35,True,10286.05,31.34
2024-09,Cortes de carne de vacuno no identificados,True,2060.75,2065.27,True,10123.89,2065.27,True,10123.89,4.52
2024-10,Cortes de carne de vacuno no identificados,True,2099.29,2106.63,True,10326.59,2106.63,True,10326.59,7.33
2024-11,Cortes de carne de vacuno no identificados,True,2097.44,2149.0,True,10534.32,2149.0,True,10534.32,51.56
2024-12,Cortes de carne de vacuno no identificados,True,2085.92,2192.17,True,10745.94,2192.17,True,10745.94,106.25
2025-01,Cortes de carne de vacuno no identificados,True,2095.33,2272.2,True,11138.23,2272.2,True,11138.23,176.87
2025-02,Cortes de carne de vacuno no identificados,True,2100.49,2275.22,True,11153.03,2275.22,True,11153.03,174.73
2025-03,Cortes de carne de vacuno no identificados,True,2122.31,2292.4,True,11237.27,2292.4,True,11237.27,170.09
2025-04,Cortes de carne de vacuno no identificados,True,2124.51,2296.61,True,11257.88,2296.61,True,11257.88,172.1
2025-05,Cortes de carne de vacuno no identificados,True,2130.79,2290.4,True,11227.43,2290.4,True,11227.43,159.6
2025-06,Cortes de carne de vacuno no identificados,True,2118.73,2314.9,True,11347.53,2314.9,True,11347.53,196.16
2025-07,Cortes de carne de vacuno no identificados,True,2134.71,2332.52,True,11433.93,2332.52,True,11433.93,197.81
2025-08,Cortes de carne de vacuno no identificados,True,2151.91,2370.17,True,11618.5,2370.17,True,11618.5,218.26
2025-09,Cortes de carne de vacuno no identificados,True,2169.78,2378.29,True,11658.28,2378.29,True,11658.28,208.51
2025-10,Cortes de carne de vacuno no identificados,True,2180.0,2391.65,True,11723.79,2391.65,True,11723.79,211.66
2025-11,Cortes de carne de vacuno no identificados,True,2187.3,2433.29,True,11927.91,2433.29,True,11927.91,245.99
2025-12,Cortes de carne de vacuno no identificados,True,2184.83,2429.88,True,11911.17,2429.88,True,11911.17,245.05
2026-01,Cortes de carne de vacuno no identificados,True,2193.09,2481.63,True,12164.85,2481.63,True,12164.85,288.54
2026-02,Cortes de carne de vacuno no identificados,True,2197.96,2489.18,True,12201.86,2489.18,True,12201.86,291.21
2026-03,Cortes de carne de vacuno no identificados,True,2210.01,2491.12,True,12211.38,2491.12,True,12211.38,281.11
2026-04,Cortes de carne de vacuno no identificados,True,2213.02,2499.35,True,12251.74,2499.35,True,12251.74,286.33
2026-05,Cortes de carne de vacuno no identificados,True,2203.5,2511.8,True,12312.74,2511.8,True,12312.74,308.3
2026-06,Cortes de carne de vacuno no identificados,True,2219.73,2522.9,True,12367.13,2522.9,True,12367.13,303.16
2026-07,Cortes de carne de vacuno no identificados,True,2233.49,2535.44,True,12428.63,2535.44,True,12428.63,301.95
2026-08,Cortes de carne de vacuno no identificados,True,2260.6,2591.3,True,12702.46,2591.3,True,12702.46,330.71
2019-01,Carne de cerdo corte chuleta,True,605.07,344.53,True,3626.59,344.53,True,3626.59,-260.54
2019-02,Carne de cerdo corte chuleta,True,603.88,319.15,True,3359.53,319.15,True,3359.53,-284.72
2019-03,Carne de cerdo corte chuleta,True,608.2,340.71,True,3586.45,340.71,True,3586.45,-267.49
2019-04,Carne de cerdo corte chuleta,True,610.63,339.58,True,3574.57,339.58,True,3574.57,-271.05
2019-05,Carne de cerdo corte chuleta,True,610.99,342.19,True,3602.0,342.19,True,3602.0,-268.8
2019-06,Carne de cerdo corte chuleta,True,613.37,361.68,True,3807.11,361.68,True,3807.11,-251.69
2019-07,Carne de cerdo corte chuleta,True,614.7,369.38,True,3888.24,369.38,True,3888.24,-245.32
2019-08,Carne de cerdo corte chuleta,True,618.14,377.95,True,3978.43,377.95,True,3978.43,-240.19
2019-09,Carne de cerdo corte chuleta,True,618.29,371.9,True,3914.69,371.9,True,3914.69,-246.39
2019-10,Carne de cerdo corte chuleta,True,622.88,385.27,True,4055.44,385.27,True,4055.44,-237.61
2019-11,Carne de cerdo corte chuleta,True,629.07,396.01,True,4168.5,396.01,True,4168.5,-233.06
2019-12,Carne de cerdo corte chuleta,True,627.18,397.51,True,4184.35,397.51,True,4184.35,-229.66
2020-01,Carne de cerdo corte chuleta,True,632.58,408.28,True,4297.66,408.28,True,4297.66,-224.3
2020-02,Carne de cerdo corte chuleta,True,637.06,404.77,True,4260.75,404.77,True,4260.75,-232.29
2020-03,Carne de cerdo corte chuleta,True,641.24,397.48,True,4183.98,397.48,True,4183.98,-243.76
2020-04,Carne de cerdo corte chuleta,True,646.1,396.74,True,4176.23,396.74,True,4176.23,-249.36
2020-05,Carne de cerdo corte chuleta,True,645.89,398.98,True,4199.77,398.98,True,4199.77,-246.91
2020-06,Carne de cerdo corte chuleta,True,647.56,389.28,True,4097.7,389.28,True,4097.7,-258.28
2020-07,Carne de cerdo corte chuleta,True,650.39,393.0,True,4136.87,393.0,True,4136.87,-257.39
2020-08,Carne de cerdo corte chuleta,True,651.59,396.99,True,4178.89,396.99,True,4178.89,-254.6
2020-09,Carne de cerdo corte chuleta,True,661.07,403.45,True,4246.81,403.45,True,4246.81,-257.62
2020-10,Carne de cerdo corte chuleta,True,665.96,408.64,True,4301.48,408.64,True,4301.48,-257.32
2020-11,Carne de cerdo corte chuleta,True,666.89,429.23,True,4518.25,429.23,True,4518.25,-237.65
2020-12,Carne de cerdo corte chuleta,True,668.44,440.09,True,4632.54,440.09,True,4632.54,-228.35
2021-01,Carne de cerdo corte chuleta,True,676.03,434.9,True,4577.88,434.9,True,4577.88,-241.13
2021-02,Carne de cerdo corte chuleta,True,673.43,430.52,True,4531.76,430.52,True,4531.76,-242.91
2021-03,Carne de cerdo corte chuleta,True,671.61,433.11,True,4559.05,433.11,True,4559.05,-238.5
2021-04,Carne de cerdo corte chuleta,True,676.3,433.01,True,4557.97,433.01,True,4557.97,-243.3
2021-05,Carne de cerdo corte chuleta,True,675.24,421.36,True,4435.37,421.36,True,4435.37,-253.88
2021-06,Carne de cerdo corte chuleta,True,675.59,425.63,True,4480.26,425.63,True,4480.26,-249.97
2021-07,Carne de cerdo corte chuleta,True,682.48,430.02,True,4526.48,430.02,True,4526.48,-252.47
2021-08,Carne de cerdo corte chuleta,True,685.71,424.21,True,4465.4,424.21,True,4465.4,-261.5
2021-09,Carne de cerdo corte chuleta,True,698.21,431.16,True,4538.56,431.16,True,4538.56,-267.04
2021-10,Carne de cerdo corte chuleta,True,705.34,421.25,True,4434.24,421.25,True,4434.24,-284.09
2021-11,Carne de cerdo corte chuleta,True,707.23,418.79,True,4408.35,418.79,True,4408.35,-288.44
2021-12,Carne de cerdo corte chuleta,True,712.38,418.66,True,4406.94,418.66,True,4406.94,-293.72
2022-01,Carne de cerdo corte chuleta,True,723.68,421.57,True,4437.54,421.57,True,4437.54,-302.11
2022-02,Carne de cerdo corte chuleta,True,734.22,415.23,True,4370.88,415.23,True,4370.88,-318.99
2022-03,Carne de cerdo corte chuleta,True,758.97,401.32,True,4224.44,401.32,True,4224.44,-357.64
2022-04,Carne de cerdo corte chuleta,True,775.84,403.37,True,4246.01,403.37,True,4246.01,-372.47
2022-05,Carne de cerdo corte chuleta,True,789.68,431.22,True,4539.2,431.22,True,4539.2,-358.46
2022-06,Carne de cerdo corte chuleta,True,800.2,438.29,True,4613.58,438.29,True,4613.58,-361.91
2022-07,Carne de cerdo corte chuleta,True,813.79,453.11,True,4769.56,453.11,True,4769.56,-360.68
2022-08,Carne de cerdo corte chuleta,True,829.29,476.02,True,5010.73,476.02,True,5010.73,-353.27
2022-09,Carne de cerdo corte chuleta,True,845.22,496.3,True,5224.24,496.3,True,5224.24,-348.92
2022-10,Carne de cerdo corte chuleta,True,852.14,504.48,True,5310.3,504.48,True,5310.3,-347.66
2022-11,Carne de cerdo corte chuleta,True,865.51,499.53,True,5258.26,499.53,True,5258.26,-365.98
2022-12,Carne de cerdo corte chuleta,True,874.32,500.85,True,5272.15,500.85,True,5272.15,-373.46
2023-01,Carne de cerdo corte chuleta,True,883.22,511.53,True,5384.5,511.53,True,5384.5,-371.7
2023-02,Carne de cerdo corte chuleta,True,883.58,480.46,True,5057.42,480.46,True,5057.42,-403.13
2023-03,Carne de cerdo corte chuleta,True,887.65,472.35,True,4972.11,472.35,True,4972.11,-415.3
2023-04,Carne de cerdo corte chuleta,True,888.68,461.0,True,4852.62,461.0,True,4852.62,-427.68
2023-05,Carne de cerdo corte chuleta,True,890.45,457.12,True,4811.83,457.12,True,4811.83,-433.33
2023-06,Carne de cerdo corte chuleta,True,893.79,460.36,True,4845.92,460.36,True,4845.92,-433.43
2023-07,Carne de cerdo corte chuleta,True,903.18,455.12,True,4790.76,455.12,True,4790.76,-448.06
2023-08,Carne de cerdo corte chuleta,True,906.43,457.44,True,4815.15,457.44,True,4815.15,-449.0
2023-09,Carne de cerdo corte chuleta,True,914.87,471.07,True,4958.64,471.07,True,4958.64,-443.8
2023-10,Carne de cerdo corte chuleta,True,922.01,469.26,True,4939.62,469.26,True,4939.62,-452.75
2023-11,Carne de cerdo corte chuleta,True,929.74,475.18,True,5001.85,475.18,True,5001.85,-454.57
2023-12,Carne de cerdo corte chuleta,True,925.78,485.57,True,5111.24,485.57,True,5111.24,-440.21
2024-01,Carne de cerdo corte chuleta,True,933.87,483.15,True,5085.82,483.15,True,5085.82,-450.72
2024-02,Carne de cerdo corte chuleta,True,937.4,481.82,True,5071.83,481.82,True,5071.83,-455.58
2024-03,Carne de cerdo corte chuleta,True,932.1,494.69,True,5207.26,494.69,True,5207.26,-437.41
2024-04,Carne de cerdo corte chuleta,True,938.88,486.75,True,5123.65,486.75,True,5123.65,-452.13
2024-05,Carne de cerdo corte chuleta,True,940.44,492.33,True,5182.39,492.33,True,5182.39,-448.11
2024-06,Carne de cerdo corte chuleta,True,951.41,470.92,True,4957.02,470.92,True,4957.02,-480.49
2024-07,Carne de cerdo corte chuleta,True,952.78,489.33,True,5150.89,489.33,True,5150.89,-463.45
2024-08,Carne de cerdo corte chuleta,True,957.79,493.94,True,5199.4,493.94,True,5199.4,-463.85
2024-09,Carne de cerdo corte chuleta,True,954.89,493.83,True,5198.17,493.83,True,5198.17,-461.06
2024-10,Carne de cerdo corte chuleta,True,972.75,498.74,True,5249.86,498.74,True,5249.86,-474.01
2024-11,Carne de cerdo corte chuleta,True,971.89,505.06,True,5316.41,505.06,True,5316.41,-466.83
2024-12,Carne de cerdo corte chuleta,True,966.55,515.81,True,5429.62,515.81,True,5429.62,-450.74
2025-01,Carne de cerdo corte chuleta,True,970.91,524.95,True,5525.82,524.95,True,5525.82,-445.96
2025-02,Carne de cerdo corte chuleta,True,973.3,517.27,True,5444.94,517.27,True,5444.94,-456.03
2025-03,Carne de cerdo corte chuleta,True,983.42,514.54,True,5416.22,514.54,True,5416.22,-468.88
2025-04,Carne de cerdo corte chuleta,True,984.43,515.07,True,5421.82,515.07,True,5421.82,-469.36
2025-05,Carne de cerdo corte chuleta,True,987.35,506.63,True,5332.98,506.63,True,5332.98,-480.71
2025-06,Carne de cerdo corte chuleta,True,981.76,511.78,True,5387.16,511.78,True,5387.16,-469.98
2025-07,Carne de cerdo corte chuleta,True,989.16,510.69,True,5375.64,510.69,True,5375.64,-478.48
2025-08,Carne de cerdo corte chuleta,True,997.13,520.59,True,5479.88,520.59,True,5479.88,-476.54
2025-09,Carne de cerdo corte chuleta,True,1005.41,522.43,True,5499.31,522.43,True,5499.31,-482.97
2025-10,Carne de cerdo corte chuleta,True,1010.14,504.89,True,5314.58,504.89,True,5314.58,-505.26
2025-11,Carne de cerdo corte chuleta,True,1013.53,505.32,True,5319.14,505.32,True,5319.14,-508.21
2025-12,Carne de cerdo corte chuleta,True,1012.38,500.51,True,5268.5,500.51,True,5268.5,-511.88
2026-01,Carne de cerdo corte chuleta,True,1016.21,506.88,True,5335.62,506.88,True,5335.62,-509.33
2026-02,Carne de cerdo corte chuleta,True,1018.47,507.91,True,5346.44,507.91,True,5346.44,-510.56
2026-03,Carne de cerdo corte chuleta,True,1024.05,523.4,True,5509.42,523.4,True,5509.42,-500.66
2026-04,Carne de cerdo corte chuleta,True,1025.45,508.74,True,5355.11,508.74,True,5355.11,-516.71
2026-05,Carne de cerdo corte chuleta,True,1021.03,504.85,True,5314.23,504.85,True,5314.23,-516.18
2026-06,Carne de cerdo corte chuleta,True,1028.56,505.48,True,5320.82,505.48,True,5320.82,-523.08
2026-07,Carne de cerdo corte chuleta,True,1034.93,519.67,True,5470.18,519.67,True,5470.18,-515.27
2026-08,Carne de cerdo corte chuleta,True,1047.49,513.06,True,5400.59,513.06,True,5400.59,-534.44
2019-01,Pechuga de pollo,True,1121.65,577.33,True,2858.07,577.33,True,2858.07,-544.32
2019-02,Pechuga de pollo,True,1119.44,570.39,True,2823.74,570.39,True,2823.74,-549.05
2019-03,Pechuga de pollo,True,1127.45,590.44,True,2922.99,590.44,True,2922.99,-537.01
2019-04,Pechuga de pollo,True,1131.96,591.7,True,2929.22,591.7,True,2929.22,-540.26
2019-05,Pechuga de pollo,True,1132.63,601.37,True,2977.09,601.37,True,2977.09,-531.25
2019-06,Pechuga de pollo,True,1137.03,623.51,True,3086.7,623.51,True,3086.7,-513.52
2019-07,Pechuga de pollo,True,1139.51,630.3,True,3120.29,630.3,True,3120.29,-509.21
2019-08,Pechuga de pollo,True,1145.89,632.94,True,3133.35,632.94,True,3133.35,-512.95
2019-09,Pechuga de pollo,True,1146.15,637.23,True,3154.62,637.23,True,3154.62,-508.92
2019-10,Pechuga de pollo,True,1154.67,641.9,True,3177.7,641.9,True,3177.7,-512.77
2019-11,Pechuga de pollo,True,1166.15,652.4,True,3229.69,652.4,True,3229.69,-513.75
2019-12,Pechuga de pollo,True,1162.63,647.79,True,3206.89,647.79,True,3206.89,-514.84
2020-01,Pechuga de pollo,True,1172.65,656.68,True,3250.88,656.68,True,3250.88,-515.97
2020-02,Pechuga de pollo,True,1180.95,648.17,True,3208.78,648.17,True,3208.78,-532.78
2020-03,Pechuga de pollo,True,1188.69,646.73,True,3201.63,646.73,True,3201.63,-541.96
2020-04,Pechuga de pollo,True,1197.71,628.77,True,3112.72,628.77,True,3112.72,-568.94
2020-05,Pechuga de pollo,True,1197.32,662.2,True,3278.2,662.2,True,3278.2,-535.12
2020-06,Pechuga de pollo,True,1200.42,652.84,True,3231.87,652.84,True,3231.87,-547.58
2020-07,Pechuga de pollo,True,1205.66,640.21,True,3169.35,640.21,True,3169.35,-565.45
2020-08,Pechuga de pollo,True,1207.9,633.75,True,3137.37,633.75,True,3137.37,-574.15
2020-09,Pechuga de pollo,True,1225.46,628.81,True,3112.92,628.81,True,3112.92,-596.65
2020-10,Pechuga de pollo,True,1234.53,649.44,True,3215.07,649.44,True,3215.07,-585.09
2020-11,Pechuga de pollo,True,1236.24,645.16,True,3193.85,645.16,True,3193.85,-591.09
2020-12,Pechuga de pollo,True,1239.13,641.0,True,3173.25,641.0,True,3173.25,-598.13
2021-01,Pechuga de pollo,True,1253.19,668.01,True,3306.96,668.01,True,3306.96,-585.18
2021-02,Pechuga de pollo,True,1248.37,637.6,True,3156.44,637.6,True,3156.44,-610.77
2021-03,Pechuga de pollo,True,1245.0,645.18,True,3193.97,645.18,True,3193.97,-599.82
2021-04,Pechuga de pollo,True,1253.7,657.85,True,3256.68,657.85,True,3256.68,-595.85
2021-05,Pechuga de pollo,True,1251.72,649.46,True,3215.14,649.46,True,3215.14,-602.26
2021-06,Pechuga de pollo,True,1252.38,670.92,True,3321.36,670.92,True,3321.36,-581.47
2021-07,Pechuga de pollo,True,1265.16,676.08,True,3346.93,676.08,True,3346.93,-589.08
2021-08,Pechuga de pollo,True,1271.14,679.61,True,3364.39,679.61,True,3364.39,-591.53
2021-09,Pechuga de pollo,True,1294.31,696.22,True,3446.61,696.22,True,3446.61,-598.09
2021-10,Pechuga de pollo,True,1307.53,718.01,True,3554.53,718.01,True,3554.53,-589.51
2021-11,Pechuga de pollo,True,1311.04,739.0,True,3658.4,739.0,True,3658.4,-572.04
2021-12,Pechuga de pollo,True,1320.59,793.61,True,3928.77,793.61,True,3928.77,-526.97
2022-01,Pechuga de pollo,True,1341.52,823.99,True,4079.13,823.99,True,4079.13,-517.54
2022-02,Pechuga de pollo,True,1361.07,855.83,True,4236.76,855.83,True,4236.76,-505.24
2022-03,Pechuga de pollo,True,1406.94,878.2,True,4347.5,878.2,True,4347.5,-528.74
2022-04,Pechuga de pollo,True,1438.22,905.12,True,4480.78,905.12,True,4480.78,-533.11
2022-05,Pechuga de pollo,True,1463.87,946.22,True,4684.28,946.22,True,4684.28,-517.65
2022-06,Pechuga de pollo,True,1483.38,987.39,True,4888.05,987.39,True,4888.05,-495.99
2022-07,Pechuga de pollo,True,1508.56,1043.47,True,5165.7,1043.47,True,5165.7,-465.09
2022-08,Pechuga de pollo,True,1537.3,1091.36,True,5402.79,1091.36,True,5402.79,-445.94
2022-09,Pechuga de pollo,True,1566.83,1117.17,True,5530.53,1117.17,True,5530.53,-449.66
2022-10,Pechuga de pollo,True,1579.65,1089.7,True,5394.53,1089.7,True,5394.53,-489.96
2022-11,Pechuga de pollo,True,1604.45,1069.06,True,5292.37,1069.06,True,5292.37,-535.39
2022-12,Pechuga de pollo,True,1620.77,1055.99,True,5227.68,1055.99,True,5227.68,-564.78
2023-01,Pechuga de pollo,True,1637.28,1020.27,True,5050.82,1020.27,True,5050.82,-617.01
2023-02,Pechuga de pollo,True,1637.94,978.9,True,4846.03,978.9,True,4846.03,-659.04
2023-03,Pechuga de pollo,True,1645.48,973.64,True,4819.99,973.64,True,4819.99,-671.84
2023-04,Pechuga de pollo,True,1647.4,912.17,True,4515.68,912.17,True,4515.68,-735.23
2023-05,Pechuga de pollo,True,1650.68,919.13,True,4550.13,919.13,True,4550.13,-731.56
2023-06,Pechuga de pollo,True,1656.87,883.0,True,4371.27,883.0,True,4371.27,-773.87
2023-07,Pechuga de pollo,True,1674.27,867.66,True,4295.36,867.66,True,4295.36,-806.61
2023-08,Pechuga de pollo,True,1680.31,870.77,True,4310.74,870.77,True,4310.74,-809.54
2023-09,Pechuga de pollo,True,1695.94,901.05,True,4460.65,901.05,True,4460.65,-794.89
2023-10,Pechuga de pollo,True,1709.18,899.78,True,4454.34,899.78,True,4454.34,-809.4
2023-11,Pechuga de pollo,True,1723.52,915.54,True,4532.39,915.54,True,4532.39,-807.98
2023-12,Pechuga de pollo,True,1716.16,935.18,True,4629.62,935.18,True,4629.62,-780.98
2024-01,Pechuga de pollo,True,1731.16,964.06,True,4772.57,964.06,True,4772.57,-767.1
2024-02,Pechuga de pollo,True,1737.71,970.73,True,4805.57,970.73,True,4805.57,-766.99
2024-03,Pechuga de pollo,True,1727.89,1007.52,True,4987.74,1007.52,True,4987.74,-720.37
2024-04,Pechuga de pollo,True,1740.46,1025.12,True,5074.85,1025.12,True,5074.85,-715.34
2024-05,Pechuga de pollo,True,1743.35,1025.53,True,5076.88,1025.53,True,5076.88,-717.82
2024-06,Pechuga de pollo,True,1763.67,1023.05,True,5064.6,1023.05,True,5064.6,-740.62
2024-07,Pechuga de pollo,True,1766.23,1030.64,True,5102.16,1030.64,True,5102.16,-735.59
2024-08,Pechuga de pollo,True,1775.51,1057.3,True,5234.17,1057.3,True,5234.17,-718.21
2024-09,Pechuga de pollo,True,1770.13,1060.55,True,5250.26,1060.55,True,5250.26,-709.58
2024-10,Pechuga de pollo,True,1803.24,1105.1,True,5470.8,1105.1,True,5470.8,-698.14
2024-11,Pechuga de pollo,True,1801.64,1098.01,True,5435.7,1098.01,True,5435.7,-703.63
2024-12,Pechuga de pollo,True,1791.76,1114.74,True,5518.53,1114.74,True,5518.53,-677.01
2025-01,Pechuga de pollo,True,1799.83,1121.33,True,5551.12,1121.33,True,5551.12,-678.51
2025-02,Pechuga de pollo,True,1804.27,1113.65,True,5513.12,1113.65,True,5513.12,-690.61
2025-03,Pechuga de pollo,True,1823.01,1118.16,True,5535.43,1118.16,True,5535.43,-704.86
2025-04,Pechuga de pollo,True,1824.9,1131.27,True,5600.35,1131.27,True,5600.35,-693.63
2025-05,Pechuga de pollo,True,1830.3,1144.99,True,5668.29,1144.99,True,5668.29,-685.3
2025-06,Pechuga de pollo,True,1819.94,1271.94,True,6296.73,1271.94,True,6296.73,-548.0
2025-07,Pechuga de pollo,True,1833.66,1358.18,True,6723.67,1358.18,True,6723.67,-475.48
2025-08,Pechuga de pollo,True,1848.44,1430.52,True,7081.8,1430.52,True,7081.8,-417.91
2025-09,Pechuga de pollo,True,1863.78,1413.85,True,6999.24,1413.85,True,6999.24,-449.94
2025-10,Pechuga de pollo,True,1872.56,1262.59,True,6250.47,1262.59,True,6250.47,-609.97
2025-11,Pechuga de pollo,True,1878.84,1200.66,True,5943.88,1200.66,True,5943.88,-678.17
2025-12,Pechuga de pollo,True,1876.71,1168.29,True,5783.59,1168.29,True,5783.59,-708.43
2026-01,Pechuga de pollo,True,1883.81,1153.99,True,5712.82,1153.99,True,5712.82,-729.82
2026-02,Pechuga de pollo,True,1888.0,1123.07,True,5559.73,1123.07,True,5559.73,-764.93
2026-03,Pechuga de pollo,True,1898.34,1119.22,True,5540.69,1119.22,True,5540.69,-779.12
2026-04,Pechuga de pollo,True,1900.93,1092.83,True,5410.06,1092.83,True,5410.06,-808.1
2026-05,Pechuga de pollo,True,1892.75,1054.3,True,5219.32,1054.3,True,5219.32,-838.45
2026-06,Pechuga de pollo,True,1906.69,1061.95,True,5257.2,1061.95,True,5257.2,-844.74
2026-07,Pechuga de pollo,True,1918.51,1081.58,True,5354.34,1081.58,True,5354.34,-836.94
2026-08,Pechuga de pollo,True,1941.79,1115.84,True,5523.96,1115.84,True,5523.96,-825.95
2019-01,Trutro de pollo,True,1630.26,906.46,True,1849.92,906.46,True,1849.92,-723.8
2019-02,Trutro de pollo,True,1627.05,878.48,True,1792.82,878.48,True,1792.82,-748.57
2019-03,Trutro de pollo,True,1638.69,889.91,True,1816.13,889.91,True,1816.13,-748.79
2019-04,Trutro de pollo,True,1645.25,902.11,True,1841.04,902.11,True,1841.04,-743.13
2019-05,Trutro de pollo,True,1646.21,937.61,True,1913.49,937.61,True,1913.49,-708.6
2019-06,Trutro de pollo,True,1652.61,946.84,True,1932.33,946.84,True,1932.33,-705.77
2019-07,Trutro de pollo,True,1656.22,964.48,True,1968.32,964.48,True,1968.32,-691.74
2019-08,Trutro de pollo,True,1665.49,967.03,True,1973.54,967.03,True,1973.54,-698.45
2019-09,Trutro de pollo,True,1665.87,953.18,True,1945.26,953.18,True,1945.26,-712.69
2019-10,Trutro de pollo,True,1678.25,961.85,True,1962.97,961.85,True,1962.97,-716.4
2019-11,Trutro de pollo,True,1694.93,997.51,True,2035.74,997.51,True,2035.74,-697.42
2019-12,Trutro de pollo,True,1689.83,999.06,True,2038.89,999.06,True,2038.89,-690.77
2020-01,Trutro de pollo,True,1704.38,994.16,True,2028.91,994.16,True,2028.91,-710.22
2020-02,Trutro de pollo,True,1716.45,975.48,True,1990.78,975.48,True,1990.78,-740.96
2020-03,Trutro de pollo,True,1727.7,988.52,True,2017.38,988.52,True,2017.38,-739.18
2020-04,Trutro de pollo,True,1740.81,963.61,True,1966.55,963.61,True,1966.55,-777.2
2020-05,Trutro de pollo,True,1740.24,994.45,True,2029.5,994.45,True,2029.5,-745.79
2020-06,Trutro de pollo,True,1744.75,971.27,True,1982.18,971.27,True,1982.18,-773.48
2020-07,Trutro de pollo,True,1752.36,968.64,True,1976.81,968.64,True,1976.81,-783.73
2020-08,Trutro de pollo,True,1755.61,952.47,True,1943.81,952.47,True,1943.81,-803.15
2020-09,Trutro de pollo,True,1781.14,997.0,True,2034.69,997.0,True,2034.69,-784.15
2020-10,Trutro de pollo,True,1794.32,1020.63,True,2082.92,1020.63,True,2082.92,-773.69
2020-11,Trutro de pollo,True,1796.81,1035.53,True,2113.32,1035.53,True,2113.32,-761.29
2020-12,Trutro de pollo,True,1801.01,1035.23,True,2112.72,1035.23,True,2112.72,-765.78
2021-01,Trutro de pollo,True,1821.44,1043.41,True,2129.4,1043.41,True,2129.4,-778.04
2021-02,Trutro de pollo,True,1814.44,1038.19,True,2118.76,1038.19,True,2118.76,-776.25
2021-03,Trutro de pollo,True,1809.54,1058.86,True,2160.93,1058.86,True,2160.93,-750.68
2021-04,Trutro de pollo,True,1822.19,1012.84,True,2067.02,1012.84,True,2067.02,-809.35
2021-05,Trutro de pollo,True,1819.31,1029.83,True,2101.7,1029.83,True,2101.7,-789.48
2021-06,Trutro de pollo,True,1820.27,1006.17,True,2053.4,1006.17,True,2053.4,-814.1
2021-07,Trutro de pollo,True,1838.84,1016.83,True,2075.16,1016.83,True,2075.16,-822.01
2021-08,Trutro de pollo,True,1847.53,1005.59,True,2052.22,1005.59,True,2052.22,-841.94
2021-09,Trutro de pollo,True,1881.2,1052.11,True,2147.16,1052.11,True,2147.16,-829.1
2021-10,Trutro de pollo,True,1900.42,1027.88,True,2097.72,1027.88,True,2097.72,-872.54
2021-11,Trutro de pollo,True,1905.52,1100.98,True,2246.91,1100.98,True,2246.91,-804.54
2021-12,Trutro de pollo,True,1919.4,1193.22,True,2435.14,1193.22,True,2435.14,-726.18
2022-01,Trutro de pollo,True,1949.83,1232.01,True,2514.3,1232.01,True,2514.3,-717.83
2022-02,Trutro de pollo,True,1978.24,1243.61,True,2537.97,1243.61,True,2537.97,-734.63
2022-03,Trutro de pollo,True,2044.91,1245.33,True,2541.48,1245.33,True,2541.48,-799.58
2022-04,Trutro de pollo,True,2090.38,1233.35,True,2517.03,1233.35,True,2517.03,-857.04
2022-05,Trutro de pollo,True,2127.66,1254.32,True,2559.84,1254.32,True,2559.84,-873.34
2022-06,Trutro de pollo,True,2156.01,1299.19,True,2651.4,1299.19,True,2651.4,-856.83
2022-07,Trutro de pollo,True,2192.61,1340.04,True,2734.79,1340.04,True,2734.79,-852.57
2022-08,Trutro de pollo,True,2234.38,1388.0,True,2832.65,1388.0,True,2832.65,-846.38
2022-09,Trutro de pollo,True,2277.3,1491.21,True,3043.29,1491.21,True,3043.29,-786.09
2022-10,Trutro de pollo,True,2295.94,1464.39,True,2988.55,1464.39,True,2988.55,-831.55
2022-11,Trutro de pollo,True,2331.98,1458.88,True,2977.31,1458.88,True,2977.31,-873.1
2022-12,Trutro de pollo,True,2355.71,1511.6,True,3084.9,1511.6,True,3084.9,-844.11
2023-01,Trutro de pollo,True,2379.7,1446.97,True,2953.01,1446.97,True,2953.01,-932.72
2023-02,Trutro de pollo,True,2380.66,1400.88,True,2858.93,1400.88,True,2858.93,-979.79
2023-03,Trutro de pollo,True,2391.62,1399.46,True,2856.04,1399.46,True,2856.04,-992.16
2023-04,Trutro de pollo,True,2394.4,1366.63,True,2789.04,1366.63,True,2789.04,-1027.77
2023-05,Trutro de pollo,True,2399.18,1376.78,True,2809.76,1376.78,True,2809.76,-1022.4
2023-06,Trutro de pollo,True,2408.17,1362.84,True,2781.31,1362.84,True,2781.31,-1045.32
2023-07,Trutro de pollo,True,2433.47,1330.0,True,2714.29,1330.0,True,2714.29,-1103.47
2023-08,Trutro de pollo,True,2442.24,1353.82,True,2762.9,1353.82,True,2762.9,-1088.42
2023-09,Trutro de pollo,True,2464.96,1377.08,True,2810.37,1377.08,True,2810.37,-1087.88
2023-10,Trutro de pollo,True,2484.2,1374.17,True,2804.42,1374.17,True,2804.42,-1110.04
2023-11,Trutro de pollo,True,2505.04,1401.22,True,2859.64,1401.22,True,2859.64,-1103.82
2023-12,Trutro de pollo,True,2494.35,1439.22,True,2937.19,1439.22,True,2937.19,-1055.13
2024-01,Trutro de pollo,True,2516.16,1429.88,True,2918.11,1429.88,True,2918.11,-1086.28
2024-02,Trutro de pollo,True,2525.67,1467.92,True,2995.75,1467.92,True,2995.75,-1057.75
2024-03,Trutro de pollo,True,2511.4,1479.25,True,3018.88,1479.25,True,3018.88,-1032.14
2024-04,Trutro de pollo,True,2529.66,1459.05,True,2977.64,1459.05,True,2977.64,-1070.62
2024-05,Trutro de pollo,True,2533.86,1501.75,True,3064.8,1501.75,True,3064.8,-1032.11
2024-06,Trutro de pollo,True,2563.41,1491.15,True,3043.16,1491.15,True,3043.16,-1072.26
2024-07,Trutro de pollo,True,2567.12,1521.39,True,3104.87,1521.39,True,3104.87,-1045.73
2024-08,Trutro de pollo,True,2580.61,1557.33,True,3178.23,1557.33,True,3178.23,-1023.28
2024-09,Trutro de pollo,True,2572.79,1606.67,True,3278.92,1606.67,True,3278.92,-966.12
2024-10,Trutro de pollo,True,2620.91,1623.54,True,3313.34,1623.54,True,3313.34,-997.37
2024-11,Trutro de pollo,True,2618.6,1630.89,True,3328.34,1630.89,True,3328.34,-987.71
2024-12,Trutro de pollo,True,2604.22,1656.81,True,3381.24,1656.81,True,3381.24,-947.41
2025-01,Trutro de pollo,True,2615.96,1659.89,True,3387.53,1659.89,True,3387.53,-956.07
2025-02,Trutro de pollo,True,2622.4,1683.57,True,3435.85,1683.57,True,3435.85,-938.84
2025-03,Trutro de pollo,True,2649.65,1666.42,True,3400.86,1666.42,True,3400.86,-983.23
2025-04,Trutro de pollo,True,2652.4,1625.78,True,3317.91,1625.78,True,3317.91,-1026.62
2025-05,Trutro de pollo,True,2660.24,1662.17,True,3392.18,1662.17,True,3392.18,-998.07
2025-06,Trutro de pollo,True,2645.18,1711.93,True,3493.72,1711.93,True,3493.72,-933.26
2025-07,Trutro de pollo,True,2665.13,1769.08,True,3610.36,1769.08,True,3610.36,-896.06
2025-08,Trutro de pollo,True,2686.6,1823.97,True,3722.38,1823.97,True,3722.38,-862.64
2025-09,Trutro de pollo,True,2708.91,1803.84,True,3681.3,1803.84,True,3681.3,-905.07
2025-10,Trutro de pollo,True,2721.67,1779.51,True,3631.66,1779.51,True,3631.66,-942.15
2025-11,Trutro de pollo,True,2730.79,1737.47,True,3545.85,1737.47,True,3545.85,-993.32
2025-12,Trutro de pollo,True,2727.7,1726.58,True,3523.64,1726.58,True,3523.64,-1001.12
2026-01,Trutro de pollo,True,2738.02,1680.76,True,3430.12,1680.76,True,3430.12,-1057.26
2026-02,Trutro de pollo,True,2744.1,1677.52,True,3423.5,1677.52,True,3423.5,-1066.58
2026-03,Trutro de pollo,True,2759.14,1698.95,True,3467.25,1698.95,True,3467.25,-1060.19
2026-04,Trutro de pollo,True,2762.9,1723.64,True,3517.63,1723.64,True,3517.63,-1039.26
2026-05,Trutro de pollo,True,2751.01,1677.87,True,3424.23,1677.87,True,3424.23,-1073.14
2026-06,Trutro de pollo,True,2771.28,1662.45,True,3392.76,1662.45,True,3392.76,-1108.82
2026-07,Trutro de pollo,True,2788.46,1732.07,True,3534.83,1732.07,True,3534.83,-1056.39
2026-08,Trutro de pollo,True,2822.3,1727.72,True,3525.96,1727.72,True,3525.96,-1094.57
2019-01,Cecinas secas y semisecas,False,121.17,121.17,False,,121.3,False,,0.0
2019-02,Cecinas secas y semisecas,False,120.93,120.93,False,,121.17,False,,0.0
2019-03,Cecinas secas y semisecas,False,121.8,121.8,False,,120.93,False,,0.0
2019-04,Cecinas secas y semisecas,False,122.29,122.29,False,,121.8,False,,0.0
2019-05,Cecinas secas y semisecas,False,122.36,122.36,False,,122.29,False,,0.0
2019-06,Cecinas secas y semisecas,False,122.83,122.83,False,,122.36,False,,0.0
2019-07,Cecinas secas y semisecas,False,123.1,123.1,False,,122.83,False,,0.0
2019-08,Cecinas secas y semisecas,False,123.79,123.79,False,,123.1,False,,0.0
2019-09,Cecinas secas y semisecas,False,123.82,123.82,False,,123.79,False,,0.0
2019-10,Cecinas secas y semisecas,False,124.74,124.74,False,,123.82,False,,0.0
2019-11,Cecinas secas y semisecas,False,125.98,125.98,False,,124.74,False,,0.0
2019-12,Cecinas secas y semisecas,False,125.6,125.6,False,,125.98,False,,0.0
2020-01,Cecinas secas y semisecas,False,126.68,126.68,False,,125.6,False,,0.0
2020-02,Cecinas secas y semisecas,False,127.58,127.58,False,,126.68,False,,0.0
2020-03,Cecinas secas y semisecas,False,128.42,128.42,False,,127.58,False,,0.0
2020-04,Cecinas secas y semisecas,False,129.39,129.39,False,,128.42,False,,0.0
2020-05,Cecinas secas y semisecas,False,129.35,129.35,False,,129.39,False,,0.0
2020-06,Cecinas secas y semisecas,False,129.68,129.68,False,,129.35,False,,0.0
2020-07,Cecinas secas y semisecas,False,130.25,130.25,False,,129.68,False,,0.0
2020-08,Cecinas secas y semisecas,False,130.49,130.49,False,,130.25,False,,0.0
2020-09,Cecinas secas y semisecas,False,132.39,132.39,False,,130.49,False,,0.0
2020-10,Cecinas secas y semisecas,False,133.37,133.37,False,,132.39,False,,0.0
2020-11,Cecinas secas y semisecas,False,133.55,133.55,False,,133.37,False,,0.0
2020-12,Cecinas secas y semisecas,False,133.86,133.86,False,,133.55,False,,0.0
2021-01,Cecinas secas y semisecas,False,135.38,135.38,False,,133.86,False,,0.0
2021-02,Cecinas secas y semisecas,False,134.86,134.86,False,,135.38,False,,0.0
2021-03,Cecinas secas y semisecas,False,134.5,134.5,False,,134.86,False,,0.0
2021-04,Cecinas secas y semisecas,False,135.44,135.44,False,,134.5,False,,0.0
2021-05,Cecinas secas y semisecas,False,135.23,135.23,False,,135.44,False,,0.0
2021-06,Cecinas secas y semisecas,False,135.3,135.3,False,,135.23,False,,0.0
2021-07,Cecinas secas y semisecas,False,136.68,136.68,False,,135.3,False,,0.0
2021-08,Cecinas secas y semisecas,False,137.32,137.32,False,,136.68,False,,0.0
2021-09,Cecinas secas y semisecas,False,139.83,139.83,False,,137.32,False,,0.0
2021-10,Cecinas secas y semisecas,False,141.25,141.25,False,,139.83,False,,0.0
2021-11,Cecinas secas y semisecas,False,141.63,141.63,False,,141.25,False,,0.0
2021-12,Cecinas secas y semisecas,False,142.66,142.66,False,,141.63,False,,0.0
2022-01,Cecinas secas y semisecas,False,144.93,144.93,False,,142.66,False,,0.0
2022-02,Cecinas secas y semisecas,False,147.04,147.04,False,,144.93,False,,0.0
2022-03,Cecinas secas y semisecas,False,151.99,151.99,False,,147.04,False,,0.0
2022-04,Cecinas secas y semisecas,False,155.37,155.37,False,,151.99,False,,0.0
2022-05,Cecinas secas y semisecas,False,158.14,158.14,False,,155.37,False,,0.0
2022-06,Cecinas secas y semisecas,False,160.25,160.25,False,,158.14,False,,0.0
2022-07,Cecinas secas y semisecas,False,162.97,162.97,False,,160.25,False,,0.0
2022-08,Cecinas secas y semisecas,False,166.08,166.08,False,,162.97,False,,0.0
2022-09,Cecinas secas y semisecas,False,169.27,169.27,False,,166.08,False,,0.0
2022-10,Cecinas secas y semisecas,False,170.65,170.65,False,,169.27,False,,0.0
2022-11,Cecinas secas y semisecas,False,173.33,173.33,False,,170.65,False,,0.0
2022-12,Cecinas secas y semisecas,False,175.09,175.09,False,,173.33,False,,0.0
2023-01,Cecinas secas y semisecas,False,176.88,176.88,False,,175.09,False,,0.0
2023-02,Cecinas secas y semisecas,False,176.95,176.95,False,,176.88,False,,0.0
2023-03,Cecinas secas y semisecas,False,177.76,177.76,False,,176.95,False,,0.0
2023-04,Cecinas secas y semisecas,False,177.97,177.97,False,,177.76,False,,0.0
2023-05,Cecinas secas y semisecas,False,178.33,178.33,False,,177.97,False,,0.0
2023-06,Cecinas secas y semisecas,False,178.99,178.99,False,,178.33,False,,0.0
2023-07,Cecinas secas y semisecas,False,180.87,180.87,False,,178.99,False,,0.0
2023-08,Cecinas secas y semisecas,False,181.53,181.53,False,,180.87,False,,0.0
2023-09,Cecinas secas y semisecas,False,183.21,183.21,False,,181.53,False,,0.0
2023-10,Cecinas secas y semisecas,False,184.64,184.64,False,,183.21,False,,0.0
2023-11,Cecinas secas y semisecas,False,186.19,186.19,False,,184.64,False,,0.0
2023-12,Cecinas secas y semisecas,False,185.4,185.4,False,,186.19,False,,0.0
2024-01,Cecinas secas y semisecas,False,187.02,187.02,False,,185.4,False,,0.0
2024-02,Cecinas secas y semisecas,False,187.73,187.73,False,,187.02,False,,0.0
2024-03,Cecinas secas y semisecas,False,186.67,186.67,False,,187.73,False,,0.0
2024-04,Cecinas secas y semisecas,False,188.02,188.02,False,,186.67,False,,0.0
2024-05,Cecinas secas y semisecas,False,188.34,188.34,False,,188.02,False,,0.0
2024-06,Cecinas secas y semisecas,False,190.53,190.53,False,,188.34,False,,0.0
2024-07,Cecinas secas y semisecas,False,190.81,190.81,False,,190.53,False,,0.0
2024-08,Cecinas secas y semisecas,False,191.81,191.81,False,,190.81,False,,0.0
2024-09,Cecinas secas y semisecas,False,191.23,191.23,False,,191.81,False,,0.0
2024-10,Cecinas secas y semisecas,False,194.81,194.81,False,,191.23,False,,0.0
2024-11,Cecinas secas y semisecas,False,194.63,194.63,False,,194.81,False,,0.0
2024-12,Cecinas secas y semisecas,False,193.57,193.57,False,,194.63,False,,0.0
2025-01,Cecinas secas y semisecas,False,194.44,194.44,False,,193.57,False,,0.0
2025-02,Cecinas secas y semisecas,False,194.92,194.92,False,,194.44,False,,0.0
2025-03,Cecinas secas y semisecas,False,196.94,196.94,False,,194.92,False,,0.0
2025-04,Cecinas secas y semisecas,False,197.15,197.15,False,,196.94,False,,0.0
2025-05,Cecinas secas y semisecas,False,197.73,197.73,False,,197.15,False,,0.0
2025-06,Cecinas secas y semisecas,False,196.61,196.61,False,,197.73,False,,0.0
2025-07,Cecinas secas y semisecas,False,198.09,198.09,False,,196.61,False,,0.0
2025-08,Cecinas secas y semisecas,False,199.69,199.69,False,,198.09,False,,0.0
2025-09,Cecinas secas y semisecas,False,201.35,201.35,False,,199.69,False,,0.0
2025-10,Cecinas secas y semisecas,False,202.3,202.3,False,,201.35,False,,0.0
2025-11,Cecinas secas y semisecas,False,202.97,202.97,False,,202.3,False,,0.0
2025-12,Cecinas secas y semisecas,False,202.74,202.74,False,,202.97,False,,0.0
2026-01,Cecinas secas y semisecas,False,203.51,203.51,False,,202.74,False,,0.0
2026-02,Cecinas secas y semisecas,False,203.96,203.96,False,,203.51,False,,0.0
2026-03,Cecinas secas y semisecas,False,205.08,205.08,False,,203.96,False,,0.0
2026-04,Cecinas secas y semisecas,False,205.36,205.36,False,,205.08,False,,0.0
2026-05,Cecinas secas y semisecas,False,204.48,204.48,False,,205.36,False,,0.0
2026-06,Cecinas secas y semisecas,False,205.98,205.98,False,,204.48,False,,0.0
2026-07,Cecinas secas y semisecas,False,207.26,207.26,False,,205.98,False,,0.0
2026-08,Cecinas secas y semisecas,False,209.77,209.77,False,,207.26,False,,0.0
2019-01,Cecinas y fiambres de cerdo cocidos,False,408.16,408.16,False,,408.59,False,,0.0
2019-02,Cecinas y fiambres de cerdo cocidos,False,407.36,407.36,False,,408.16,False,,0.0
2019-03,Cecinas y fiambres de cerdo cocidos,False,410.27,410.27,False,,407.36,False,,0.0
2019-04,Cecinas y fiambres de cerdo cocidos,False,411.91,411.91,False,,410.27,False,,0.0
2019-05,Cecinas y fiambres de cerdo cocidos,False,412.16,412.16,False,,411.91,False,,0.0
2019-06,Cecinas y fiambres de cerdo cocidos,False,413.76,413.76,False,,412.16,False,,0.0
2019-07,Cecinas y fiambres de cerdo cocidos,False,414.66,414.66,False,,413.76,False,,0.0
2019-08,Cecinas y fiambres de cerdo cocidos,False,416.98,416.98,False,,414.66,False,,0.0
2019-09,Cecinas y fiambres de cerdo cocidos,False,417.08,417.08,False,,416.98,False,,0.0
2019-10,Cecinas y fiambres de cerdo cocidos,False,420.18,420.18,False,,417.08,False,,0.0
2019-11,Cecinas y fiambres de cerdo cocidos,False,424.35,424.35,False,,420.18,False,,0.0
2019-12,Cecinas y fiambres de cerdo cocidos,False,423.08,423.08,False,,424.35,False,,0.0
2020-01,Cecinas y fiambres de cerdo cocidos,False,426.72,426.72,False,,423.08,False,,0.0
2020-02,Cecinas y fiambres de cerdo cocidos,False,429.74,429.74,False,,426.72,False,,0.0
2020-03,Cecinas y fiambres de cerdo cocidos,False,432.56,432.56,False,,429.74,False,,0.0
2020-04,Cecinas y fiambres de cerdo cocidos,False,435.84,435.84,False,,432.56,False,,0.0
2020-05,Cecinas y fiambres de cerdo cocidos,False,435.7,435.7,False,,435.84,False,,0.0
2020-06,Cecinas y fiambres de cerdo cocidos,False,436.83,436.83,False,,435.7,False,,0.0
2020-07,Cecinas y fiambres de cerdo cocidos,False,438.73,438.73,False,,436.83,False,,0.0
2020-08,Cecinas y fiambres de cerdo cocidos,False,439.55,439.55,False,,438.73,False,,0.0
2020-09,Cecinas y fiambres de cerdo cocidos,False,445.94,445.94,False,,439.55,False,,0.0
2020-10,Cecinas y fiambres de cerdo cocidos,False,449.24,449.24,False,,445.94,False,,0.0
2020-11,Cecinas y fiambres de cerdo cocidos,False,449.86,449.86,False,,449.24,False,,0.0
2020-12,Cecinas y fiambres de cerdo cocidos,False,450.91,450.91,False,,449.86,False,,0.0
2021-01,Cecinas y fiambres de cerdo cocidos,False,456.03,456.03,False,,450.91,False,,0.0
2021-02,Cecinas y fiambres de cerdo cocidos,False,454.28,454.28,False,,456.03,False,,0.0
2021-03,Cecinas y fiambres de cerdo cocidos,False,453.05,453.05,False,,454.28,False,,0.0
2021-04,Cecinas y fiambres de cerdo cocidos,False,456.22,456.22,False,,453.05,False,,0.0
2021-05,Cecinas y fiambres de cerdo cocidos,False,455.5,455.5,False,,456.22,False,,0.0
2021-06,Cecinas y fiambres de cerdo cocidos,False,455.74,455.74,False,,455.5,False,,0.0
2021-07,Cecinas y fiambres de cerdo cocidos,False,460.38,460.38,False,,455.74,False,,0.0
2021-08,Cecinas y fiambres de cerdo cocidos,False,462.56,462.56,False,,460.38,False,,0.0
2021-09,Cecinas y fiambres de cerdo cocidos,False,470.99,470.99,False,,462.56,False,,0.0
2021-10,Cecinas y fiambres de cerdo cocidos,False,475.8,475.8,False,,470.99,False,,0.0
2021-11,Cecinas y fiambres de cerdo cocidos,False,477.08,477.08,False,,475.8,False,,0.0
2021-12,Cecinas y fiambres de cerdo cocidos,False,480.55,480.55,False,,477.08,False,,0.0
2022-01,Cecinas y fiambres de cerdo cocidos,False,488.17,488.17,False,,480.55,False,,0.0
2022-02,Cecinas y fiambres de cerdo cocidos,False,495.29,495.29,False,,488.17,False,,0.0
2022-03,Cecinas y fiambres de cerdo cocidos,False,511.98,511.98,False,,495.29,False,,0.0
2022-04,Cecinas y fiambres de cerdo cocidos,False,523.36,523.36,False,,511.98,False,,0.0
2022-05,Cecinas y fiambres de cerdo cocidos,False,532.7,532.7,False,,523.36,False,,0.0
2022-06,Cecinas y fiambres de cerdo cocidos,False,539.79,539.79,False,,532.7,False,,0.0
2022-07,Cecinas y fiambres de cerdo cocidos,False,548.96,548.96,False,,539.79,False,,0.0
2022-08,Cecinas y fiambres de cerdo cocidos,False,559.42,559.42,False,,548.96,False,,0.0
2022-09,Cecinas y fiambres de cerdo cocidos,False,570.16,570.16,False,,559.42,False,,0.0
2022-10,Cecinas y fiambres de cerdo cocidos,False,574.83,574.83,False,,570.16,False,,0.0
2022-11,Cecinas y fiambres de cerdo cocidos,False,583.85,583.85,False,,574.83,False,,0.0
2022-12,Cecinas y fiambres de cerdo cocidos,False,589.79,589.79,False,,583.85,False,,0.0
2023-01,Cecinas y fiambres de cerdo cocidos,False,595.8,595.8,False,,589.79,False,,0.0
2023-02,Cecinas y fiambres de cerdo cocidos,False,596.04,596.04,False,,595.8,False,,0.0
2023-03,Cecinas y fiambres de cerdo cocidos,False,598.78,598.78,False,,596.04,False,,0.0
2023-04,Cecinas y fiambres de cerdo cocidos,False,599.48,599.48,False,,598.78,False,,0.0
2023-05,Cecinas y fiambres de cerdo cocidos,False,600.68,600.68,False,,599.48,False,,0.0
2023-06,Cecinas y fiambres de cerdo cocidos,False,602.93,602.93,False,,600.68,False,,0.0
2023-07,Cecinas y fiambres de cerdo cocidos,False,609.26,609.26,False,,602.93,False,,0.0
2023-08,Cecinas y fiambres de cerdo cocidos,False,611.46,611.46,False,,609.26,False,,0.0
2023-09,Cecinas y fiambres de cerdo cocidos,False,617.14,617.14,False,,611.46,False,,0.0
2023-10,Cecinas y fiambres de cerdo cocidos,False,621.96,621.96,False,,617.14,False,,0.0
2023-11,Cecinas y fiambres de cerdo cocidos,False,627.18,627.18,False,,621.96,False,,0.0
2023-12,Cecinas y fiambres de cerdo cocidos,False,624.5,624.5,False,,627.18,False,,0.0
2024-01,Cecinas y fiambres de cerdo cocidos,False,629.96,629.96,False,,624.5,False,,0.0
2024-02,Cecinas y fiambres de cerdo cocidos,False,632.34,632.34,False,,629.96,False,,0.0
2024-03,Cecinas y fiambres de cerdo cocidos,False,628.77,628.77,False,,632.34,False,,0.0
2024-04,Cecinas y fiambres de cerdo cocidos,False,633.34,633.34,False,,628.77,False,,0.0
2024-05,Cecinas y fiambres de cerdo cocidos,False,634.39,634.39,False,,633.34,False,,0.0
2024-06,Cecinas y fiambres de cerdo cocidos,False,641.79,641.79,False,,634.39,False,,0.0
2024-07,Cecinas y fiambres de cerdo cocidos,False,642.72,642.72,False,,641.79,False,,0.0
2024-08,Cecinas y fiambres de cerdo cocidos,False,646.1,646.1,False,,642.72,False,,0.0
2024-09,Cecinas y fiambres de cerdo cocidos,False,644.14,644.14,False,,646.1,False,,0.0
2024-10,Cecinas y fiambres de cerdo cocidos,False,656.19,656.19,False,,644.14,False,,0.0
2024-11,Cecinas y fiambres de cerdo cocidos,False,655.61,655.61,False,,656.19,False,,0.0
2024-12,Cecinas y fiambres de cerdo cocidos,False,652.01,652.01,False,,655.61,False,,0.0
2025-01,Cecinas y fiambres de cerdo cocidos,False,654.95,654.95,False,,652.01,False,,0.0
2025-02,Cecinas y fiambres de cerdo cocidos,False,656.56,656.56,False,,654.95,False,,0.0
2025-03,Cecinas y fiambres de cerdo cocidos,False,663.39,663.39,False,,656.56,False,,0.0
2025-04,Cecinas y fiambres de cerdo cocidos,False,664.07,664.07,False,,663.39,False,,0.0
2025-05,Cecinas y fiambres de cerdo cocidos,False,666.04,666.04,False,,664.07,False,,0.0
2025-06,Cecinas y fiambres de cerdo cocidos,False,662.27,662.27,False,,666.04,False,,0.0
2025-07,Cecinas y fiambres de cerdo cocidos,False,667.26,667.26,False,,662.27,False,,0.0
2025-08,Cecinas y fiambres de cerdo cocidos,False,672.64,672.64,False,,667.26,False,,0.0
2025-09,Cecinas y fiambres de cerdo cocidos,False,678.22,678.22,False,,672.64,False,,0.0
2025-10,Cecinas y fiambres de cerdo cocidos,False,681.41,681.41,False,,678.22,False,,0.0
2025-11,Cecinas y fiambres de cerdo cocidos,False,683.7,683.7,False,,681.41,False,,0.0
2025-12,Cecinas y fiambres de cerdo cocidos,False,682.93,682.93,False,,683.7,False,,0.0
2026-01,Cecinas y fiambres de cerdo cocidos,False,685.51,685.51,False,,682.93,False,,0.0
2026-02,Cecinas y fiambres de cerdo cocidos,False,687.03,687.03,False,,685.51,False,,0.0
2026-03,Cecinas y fiambres de cerdo cocidos,False,690.8,690.8,False,,687.03,False,,0.0
2026-04,Cecinas y fiambres de cerdo cocidos,False,691.74,691.74,False,,690.8,False,,0.0
2026-05,Cecinas y fiambres de cerdo cocidos,False,688.76,688.76,False,,691.74,False,,0.0
2026-06,Cecinas y fiambres de cerdo cocidos,False,693.84,693.84,False,,688.76,False,,0.0
2026-07,Cecinas y fiambres de cerdo cocidos,False,698.14,698.14,False,,693.84,False,,0.0
2026-08,Cecinas y fiambres de cerdo cocidos,False,706.61,706.61,False,,698.14,False,,0.0
2019-01,Cecinas y fiambres de pavo cocidos,False,150.67,150.67,False,,150.83,False,,0.0
2019-02,Cecinas y fiambres de pavo cocidos,False,150.37,150.37,False,,150.67,False,,0.0
2019-03,Cecinas y fiambres de pavo cocidos,False,151.45,151.45,False,,150.37,False,,0.0
2019-04,Cecinas y fiambres de pavo cocidos,False,152.05,152.05,False,,151.45,False,,0.0
2019-05,Cecinas y fiambres de pavo cocidos,False,152.14,152.14,False,,152.05,False,,0.0
2019-06,Cecinas y fiambres de pavo cocidos,False,152.74,152.74,False,,152.14,False,,0.0
2019-07,Cecinas y fiambres de pavo cocidos,False,153.07,153.07,False,,152.74,False,,0.0
2019-08,Cecinas y fiambres de pavo cocidos,False,153.93,153.93,False,,153.07,False,,0.0
2019-09,Cecinas y fiambres de pavo cocidos,False,153.96,153.96,False,,153.93,False,,0.0
2019-10,Cecinas y fiambres de pavo cocidos,False,155.1,155.1,False,,153.96,False,,0.0
2019-11,Cecinas y fiambres de pavo cocidos,False,156.65,156.65,False,,155.1,False,,0.0
2019-12,Cecinas y fiambres de pavo cocidos,False,156.17,156.17,False,,156.65,False,,0.0
2020-01,Cecinas y fiambres de pavo cocidos,False,157.52,157.52,False,,156.17,False,,0.0
2020-02,Cecinas y fiambres de pavo cocidos,False,158.63,158.63,False,,157.52,False,,0.0
2020-03,Cecinas y fiambres de pavo cocidos,False,159.68,159.68,False,,158.63,False,,0.0
2020-04,Cecinas y fiambres de pavo cocidos,False,160.89,160.89,False,,159.68,False,,0.0
2020-05,Cecinas y fiambres de pavo cocidos,False,160.83,160.83,False,,160.89,False,,0.0
2020-06,Cecinas y fiambres de pavo cocidos,False,161.25,161.25,False,,160.83,False,,0.0
2020-07,Cecinas y fiambres de pavo cocidos,False,161.95,161.95,False,,161.25,False,,0.0
2020-08,Cecinas y fiambres de pavo cocidos,False,162.25,162.25,False,,161.95,False,,0.0
2020-09,Cecinas y fiambres de pavo cocidos,False,164.61,164.61,False,,162.25,False,,0.0
2020-10,Cecinas y fiambres de pavo cocidos,False,165.83,165.83,False,,164.61,False,,0.0
2020-11,Cecinas y fiambres de pavo cocidos,False,166.06,166.06,False,,165.83,False,,0.0
2020-12,Cecinas y fiambres de pavo cocidos,False,166.45,166.45,False,,166.06,False,,0.0
2021-01,Cecinas y fiambres de pavo cocidos,False,168.34,168.34,False,,166.45,False,,0.0
2021-02,Cecinas y fiambres de pavo cocidos,False,167.69,167.69,False,,168.34,False,,0.0
2021-03,Cecinas y fiambres de pavo cocidos,False,167.24,167.24,False,,167.69,False,,0.0
2021-04,Cecinas y fiambres de pavo cocidos,False,168.41,168.41,False,,167.24,False,,0.0
2021-05,Cecinas y fiambres de pavo cocidos,False,168.14,168.14,False,,168.41,False,,0.0
2021-06,Cecinas y fiambres de pavo cocidos,False,168.23,168.23,False,,168.14,False,,0.0
2021-07,Cecinas y fiambres de pavo cocidos,False,169.95,169.95,False,,168.23,False,,0.0
2021-08,Cecinas y fiambres de pavo cocidos,False,170.75,170.75,False,,169.95,False,,0.0
2021-09,Cecinas y fiambres de pavo cocidos,False,173.86,173.86,False,,170.75,False,,0.0
2021-10,Cecinas y fiambres de pavo cocidos,False,175.64,175.64,False,,173.86,False,,0.0
2021-11,Cecinas y fiambres de pavo cocidos,False,176.11,176.11,False,,175.64,False,,0.0
2021-12,Cecinas y fiambres de pavo cocidos,False,177.39,177.39,False,,176.11,False,,0.0
2022-01,Cecinas y fiambres de pavo cocidos,False,180.2,180.2,False,,177.39,False,,0.0
2022-02,Cecinas y fiambres de pavo cocidos,False,182.83,182.83,False,,180.2,False,,0.0
2022-03,Cecinas y fiambres de pavo cocidos,False,188.99,188.99,False,,182.83,False,,0.0
2022-04,Cecinas y fiambres de pavo cocidos,False,193.19,193.19,False,,188.99,False,,0.0
2022-05,Cecinas y fiambres de pavo cocidos,False,196.64,196.64,False,,193.19,False,,0.0
2022-06,Cecinas y fiambres de pavo cocidos,False,199.26,199.26,False,,196.64,False,,0.0
2022-07,Cecinas y fiambres de pavo cocidos,False,202.64,202.64,False,,199.26,False,,0.0
2022-08,Cecinas y fiambres de pavo cocidos,False,206.5,206.5,False,,202.64,False,,0.0
2022-09,Cecinas y fiambres de pavo cocidos,False,210.47,210.47,False,,206.5,False,,0.0
2022-10,Cecinas y fiambres de pavo cocidos,False,212.19,212.19,False,,210.47,False,,0.0
2022-11,Cecinas y fiambres de pavo cocidos,False,215.52,215.52,False,,212.19,False,,0.0
2022-12,Cecinas y fiambres de pavo cocidos,False,217.72,217.72,False,,215.52,False,,0.0
2023-01,Cecinas y fiambres de pavo cocidos,False,219.93,219.93,False,,217.72,False,,0.0
2023-02,Cecinas y fiambres de pavo cocidos,False,220.02,220.02,False,,219.93,False,,0.0
2023-03,Cecinas y fiambres de pavo cocidos,False,221.03,221.03,False,,220.02,False,,0.0
2023-04,Cecinas y fiambres de pavo cocidos,False,221.29,221.29,False,,221.03,False,,0.0
2023-05,Cecinas y fiambres de pavo cocidos,False,221.73,221.73,False,,221.29,False,,0.0
2023-06,Cecinas y fiambres de pavo cocidos,False,222.56,222.56,False,,221.73,False,,0.0
2023-07,Cecinas y fiambres de pavo cocidos,False,224.9,224.9,False,,222.56,False,,0.0
2023-08,Cecinas y fiambres de pavo cocidos,False,225.71,225.71,False,,224.9,False,,0.0
2023-09,Cecinas y fiambres de pavo cocidos,False,227.81,227.81,False,,225.71,False,,0.0
2023-10,Cecinas y fiambres de pavo cocidos,False,229.59,229.59,False,,227.81,False,,0.0
2023-11,Cecinas y fiambres de pavo cocidos,False,231.52,231.52,False,,229.59,False,,0.0
2023-12,Cecinas y fiambres de pavo cocidos,False,230.53,230.53,False,,231.52,False,,0.0
2024-01,Cecinas y fiambres de pavo cocidos,False,232.54,232.54,False,,230.53,False,,0.0
2024-02,Cecinas y fiambres de pavo cocidos,False,233.42,233.42,False,,232.54,False,,0.0
2024-03,Cecinas y fiambres de pavo cocidos,False,232.1,232.1,False,,233.42,False,,0.0
2024-04,Cecinas y fiambres de pavo cocidos,False,233.79,233.79,False,,232.1,False,,0.0
2024-05,Cecinas y fiambres de pavo cocidos,False,234.18,234.18,False,,233.79,False,,0.0
2024-06,Cecinas y fiambres de pavo cocidos,False,236.91,236.91,False,,234.18,False,,0.0
2024-07,Cecinas y fiambres de pavo cocidos,False,237.25,237.25,False,,236.91,False,,0.0
2024-08,Cecinas y fiambres de pavo cocidos,False,238.5,238.5,False,,237.25,False,,0.0
2024-09,Cecinas y fiambres de pavo cocidos,False,237.78,237.78,False,,238.5,False,,0.0
2024-10,Cecinas y fiambres de pavo cocidos,False,242.23,242.23,False,,237.78,False,,0.0
2024-11,Cecinas y fiambres de pavo cocidos,False,242.01,242.01,False,,242.23,False,,0.0
2024-12,Cecinas y fiambres de pavo cocidos,False,240.68,240.68,False,,242.01,False,,0.0
2025-01,Cecinas y fiambres de pavo cocidos,False,241.77,241.77,False,,240.68,False,,0.0
2025-02,Cecinas y fiambres de pavo cocidos,False,242.36,242.36,False,,241.77,False,,0.0
2025-03,Cecinas y fiambres de pavo cocidos,False,244.88,244.88,False,,242.36,False,,0.0
2025-04,Cecinas y fiambres de pavo cocidos,False,245.14,245.14,False,,244.88,False,,0.0
2025-05,Cecinas y fiambres de pavo cocidos,False,245.86,245.86,False,,245.14,False,,0.0
2025-06,Cecinas y fiambres de pavo cocidos,False,244.47,244.47,False,,245.86,False,,0.0
2025-07,Cecinas y fiambres de pavo cocidos,False,246.31,246.31,False,,244.47,False,,0.0
2025-08,Cecinas y fiambres de pavo cocidos,False,248.3,248.3,False,,246.31,False,,0.0
2025-09,Cecinas y fiambres de pavo cocidos,False,250.36,250.36,False,,248.3,False,,0.0
2025-10,Cecinas y fiambres de pavo cocidos,False,251.54,251.54,False,,250.36,False,,0.0
2025-11,Cecinas y fiambres de pavo cocidos,False,252.38,252.38,False,,251.54,False,,0.0
2025-12,Cecinas y fiambres de pavo cocidos,False,252.1,252.1,False,,252.38,False,,0.0
2026-01,Cecinas y fiambres de pavo cocidos,False,253.05,253.05,False,,252.1,False,,0.0
2026-02,Cecinas y fiambres de pavo cocidos,False,253.61,253.61,False,,253.05,False,,0.0
2026-03,Cecinas y fiambres de pavo cocidos,False,255.0,255.0,False,,253.61,False,,0.0
2026-04,Cecinas y fiambres de pavo cocidos,False,255.35,255.35,False,,255.0,False,,0.0
2026-05,Cecinas y fiambres de pavo cocidos,False,254.25,254.25,False,,255.35,False,,0.0
2026-06,Cecinas y fiambres de pavo cocidos,False,256.12,256.12,False,,254.25,False,,0.0
2026-07,Cecinas y fiambres de pavo cocidos,False,257.71,257.71,False,,256.12,False,,0.0
2026-08,Cecinas y fiambres de pavo cocidos,False,260.84,260.84,False,,257.71,False,,0.0
2019-01,Cecinas y fiambres no identificados,False,500.64,500.64,False,,501.16,False,,0.0
2019-02,Cecinas y fiambres no identificados,False,499.65,499.65,False,,500.64,False,,0.0
2019-03,Cecinas y fiambres no identificados,False,503.23,503.23,False,,499.65,False,,0.0
2019-04,Cecinas y fiambres no identificados,False,505.24,505.24,False,,503.23,False,,0.0
2019-05,Cecinas y fiambres no identificados,False,505.54,505.54,False,,505.24,False,,0.0
2019-06,Cecinas y fiambres no identificados,False,507.5,507.5,False,,505.54,False,,0.0
2019-07,Cecinas y fiambres no identificados,False,508.61,508.61,False,,507.5,False,,0.0
2019-08,Cecinas y fiambres no identificados,False,511.45,511.45,False,,508.61,False,,0.0
2019-09,Cecinas y fiambres no identificados,False,511.57,511.57,False,,511.45,False,,0.0
2019-10,Cecinas y fiambres no identificados,False,515.37,515.37,False,,511.57,False,,0.0
2019-11,Cecinas y fiambres no identificados,False,520.5,520.5,False,,515.37,False,,0.0
2019-12,Cecinas y fiambres no identificados,False,518.93,518.93,False,,520.5,False,,0.0
2020-01,Cecinas y fiambres no identificados,False,523.4,523.4,False,,518.93,False,,0.0
2020-02,Cecinas y fiambres no identificados,False,527.1,527.1,False,,523.4,False,,0.0
2020-03,Cecinas y fiambres no identificados,False,530.56,530.56,False,,527.1,False,,0.0
2020-04,Cecinas y fiambres no identificados,False,534.59,534.59,False,,530.56,False,,0.0
2020-05,Cecinas y fiambres no identificados,False,534.41,534.41,False,,534.59,False,,0.0
2020-06,Cecinas y fiambres no identificados,False,535.79,535.79,False,,534.41,False,,0.0
2020-07,Cecinas y fiambres no identificados,False,538.13,538.13,False,,535.79,False,,0.0
2020-08,Cecinas y fiambres no identificados,False,539.13,539.13,False,,538.13,False,,0.0
2020-09,Cecinas y fiambres no identificados,False,546.97,546.97,False,,539.13,False,,0.0
2020-10,Cecinas y fiambres no identificados,False,551.02,551.02,False,,546.97,False,,0.0
2020-11,Cecinas y fiambres no identificados,False,551.78,551.78,False,,551.02,False,,0.0
2020-12,Cecinas y fiambres no identificados,False,553.07,553.07,False,,551.78,False,,0.0
2021-01,Cecinas y fiambres no identificados,False,559.35,559.35,False,,553.07,False,,0.0
2021-02,Cecinas y fiambres no identificados,False,557.2,557.2,False,,559.35,False,,0.0
2021-03,Cecinas y fiambres no identificados,False,555.69,555.69,False,,557.2,False,,0.0
2021-04,Cecinas y fiambres no identificados,False,559.58,559.58,False,,555.69,False,,0.0
2021-05,Cecinas y fiambres no identificados,False,558.69,558.69,False,,559.58,False,,0.0
2021-06,Cecinas y fiambres no identificados,False,558.99,558.99,False,,558.69,False,,0.0
2021-07,Cecinas y fiambres no identificados,False,564.69,564.69,False,,558.99,False,,0.0
2021-08,Cecinas y fiambres no identificados,False,567.36,567.36,False,,564.69,False,,0.0
2021-09,Cecinas y fiambres no identificados,False,577.7,577.7,False,,567.36,False,,0.0
2021-10,Cecinas y fiambres no identificados,False,583.6,583.6,False,,577.7,False,,0.0
2021-11,Cecinas y fiambres no identificados,False,585.17,585.17,False,,583.6,False,,0.0
2021-12,Cecinas y fiambres no identificados,False,589.43,589.43,False,,585.17,False,,0.0
2022-01,Cecinas y fiambres no identificados,False,598.78,598.78,False,,589.43,False,,0.0
2022-02,Cecinas y fiambres no identificados,False,607.5,607.5,False,,598.78,False,,0.0
2022-03,Cecinas y fiambres no identificados,False,627.97,627.97,False,,607.5,False,,0.0
2022-04,Cecinas y fiambres no identificados,False,641.94,641.94,False,,627.97,False,,0.0
2022-05,Cecinas y fiambres no identificados,False,653.38,653.38,False,,641.94,False,,0.0
2022-06,Cecinas y fiambres no identificados,False,662.09,662.09,False,,653.38,False,,0.0
2022-07,Cecinas y fiambres no identificados,False,673.33,673.33,False,,662.09,False,,0.0
2022-08,Cecinas y fiambres no identificados,False,686.16,686.16,False,,673.33,False,,0.0
2022-09,Cecinas y fiambres no identificados,False,699.34,699.34,False,,686.16,False,,0.0
2022-10,Cecinas y fiambres no identificados,False,705.06,705.06,False,,699.34,False,,0.0
2022-11,Cecinas y fiambres no identificados,False,716.13,716.13,False,,705.06,False,,0.0
2022-12,Cecinas y fiambres no identificados,False,723.42,723.42,False,,716.13,False,,0.0
2023-01,Cecinas y fiambres no identificados,False,730.78,730.78,False,,723.42,False,,0.0
2023-02,Cecinas y fiambres no identificados,False,731.08,731.08,False,,730.78,False,,0.0
2023-03,Cecinas y fiambres no identificados,False,734.44,734.44,False,,731.08,False,,0.0
2023-04,Cecinas y fiambres no identificados,False,735.3,735.3,False,,734.44,False,,0.0
2023-05,Cecinas y fiambres no identificados,False,736.77,736.77,False,,735.3,False,,0.0
2023-06,Cecinas y fiambres no identificados,False,739.53,739.53,False,,736.77,False,,0.0
2023-07,Cecinas y fiambres no identificados,False,747.3,747.3,False,,739.53,False,,0.0
2023-08,Cecinas y fiambres no identificados,False,749.99,749.99,False,,747.3,False,,0.0
2023-09,Cecinas y fiambres no identificados,False,756.97,756.97,False,,749.99,False,,0.0
2023-10,Cecinas y fiambres no identificados,False,762.88,762.88,False,,756.97,False,,0.0
2023-11,Cecinas y fiambres no identificados,False,769.28,769.28,False,,762.88,False,,0.0
2023-12,Cecinas y fiambres no identificados,False,765.99,765.99,False,,769.28,False,,0.0
2024-01,Cecinas y fiambres no identificados,False,772.69,772.69,False,,765.99,False,,0.0
2024-02,Cecinas y fiambres no identificados,False,775.61,775.61,False,,772.69,False,,0.0
2024-03,Cecinas y fiambres no identificados,False,771.23,771.23,False,,775.61,False,,0.0
2024-04,Cecinas y fiambres no identificados,False,776.83,776.83,False,,771.23,False,,0.0
2024-05,Cecinas y fiambres no identificados,False,778.12,778.12,False,,776.83,False,,0.0
2024-06,Cecinas y fiambres no identificados,False,787.2,787.2,False,,778.12,False,,0.0
2024-07,Cecinas y fiambres no identificados,False,788.34,788.34,False,,787.2,False,,0.0
2024-08,Cecinas y fiambres no identificados,False,792.48,792.48,False,,788.34,False,,0.0
2024-09,Cecinas y fiambres no identificados,False,790.08,790.08,False,,792.48,False,,0.0
2024-10,Cecinas y fiambres no identificados,False,804.86,804.86,False,,790.08,False,,0.0
2024-11,Cecinas y fiambres no identificados,False,804.15,804.15,False,,804.86,False,,0.0
2024-12,Cecinas y fiambres no identificados,False,799.73,799.73,False,,804.15,False,,0.0
2025-01,Cecinas y fiambres no identificados,False,803.34,803.34,False,,799.73,False,,0.0
2025-02,Cecinas y fiambres no identificados,False,805.32,805.32,False,,803.34,False,,0.0
2025-03,Cecinas y fiambres no identificados,False,813.68,813.68,False,,805.32,False,,0.0
2025-04,Cecinas y fiambres no identificados,False,814.53,814.53,False,,813.68,False,,0.0
2025-05,Cecinas y fiambres no identificados,False,816.93,816.93,False,,814.53,False,,0.0
2025-06,Cecinas y fiambres no identificados,False,812.31,812.31,False,,816.93,False,,0.0
2025-07,Cecinas y fiambres no identificados,False,818.44,818.44,False,,812.31,False,,0.0
2025-08,Cecinas y fiambres no identificados,False,825.03,825.03,False,,818.44,False,,0.0
2025-09,Cecinas y fiambres no identificados,False,831.88,831.88,False,,825.03,False,,0.0
2025-10,Cecinas y fiambres no identificados,False,835.8,835.8,False,,831.88,False,,0.0
2025-11,Cecinas y fiambres no identificados,False,838.6,838.6,False,,835.8,False,,0.0
2025-12,Cecinas y fiambres no identificados,False,837.65,837.65,False,,838.6,False,,0.0
2026-01,Cecinas y fiambres no identificados,False,840.82,840.82,False,,837.65,False,,0.0
2026-02,Cecinas y fiambres no identificados,False,842.69,842.69,False,,840.82,False,,0.0
2026-03,Cecinas y fiambres no identificados,False,847.31,847.31,False,,842.69,False,,0.0
2026-04,Cecinas y fiambres no identificados,False,848.46,848.46,False,,847.31,False,,0.0
2026-05,Cecinas y fiambres no identificados,False,844.81,844.81,False,,848.46,False,,0.0
2026-06,Cecinas y fiambres no identificados,False,851.03,851.03,False,,844.81,False,,0.0
2026-07,Cecinas y fiambres no identificados,False,856.31,856.31,False,,851.03,False,,0.0
2026-08,Cecinas y fiambres no identificados,False,866.7,866.7,False,,856.31,False,,0.0
2019-01,Vienesas tradicionales,False,212.85,212.85,False,,213.07,False,,0.0
2019-02,Vienesas tradicionales,False,212.43,212.43,False,,212.85,False,,0.0
2019-03,Vienesas tradicionales,False,213.95,213.95,False,,212.43,False,,0.0
2019-04,Vienesas tradicionales,False,214.81,214.81,False,,213.95,False,,0.0
2019-05,Vienesas tradicionales,False,214.93,214.93,False,,214.81,False,,0.0
2019-06,Vienesas tradicionales,False,215.77,215.77,False,,214.93,False,,0.0
2019-07,Vienesas tradicionales,False,216.24,216.24,False,,215.77,False,,0.0
2019-08,Vienesas tradicionales,False,217.45,217.45,False,,216.24,False,,0.0
2019-09,Vienesas tradicionales,False,217.5,217.5,False,,217.45,False,,0.0
2019-10,Vienesas tradicionales,False,219.12,219.12,False,,217.5,False,,0.0
2019-11,Vienesas tradicionales,False,221.29,221.29,False,,219.12,False,,0.0
2019-12,Vienesas tradicionales,False,220.63,220.63,False,,221.29,False,,0.0
2020-01,Vienesas tradicionales,False,222.53,222.53,False,,220.63,False,,0.0
2020-02,Vienesas tradicionales,False,224.1,224.1,False,,222.53,False,,0.0
2020-03,Vienesas tradicionales,False,225.57,225.57,False,,224.1,False,,0.0
2020-04,Vienesas tradicionales,False,227.28,227.28,False,,225.57,False,,0.0
2020-05,Vienesas tradicionales,False,227.21,227.21,False,,227.28,False,,0.0
2020-06,Vienesas tradicionales,False,227.8,227.8,False,,227.21,False,,0.0
2020-07,Vienesas tradicionales,False,228.79,228.79,False,,227.8,False,,0.0
2020-08,Vienesas tradicionales,False,229.22,229.22,False,,228.79,False,,0.0
2020-09,Vienesas tradicionales,False,232.55,232.55,False,,229.22,False,,0.0
2020-10,Vienesas tradicionales,False,234.27,234.27,False,,232.55,False,,0.0
2020-11,Vienesas tradicionales,False,234.6,234.6,False,,234.27,False,,0.0
2020-12,Vienesas tradicionales,False,235.14,235.14,False,,234.6,False,,0.0
2021-01,Vienesas tradicionales,False,237.81,237.81,False,,235.14,False,,0.0
2021-02,Vienesas tradicionales,False,236.9,236.9,False,,237.81,False,,0.0
2021-03,Vienesas tradicionales,False,236.26,236.26,False,,236.9,False,,0.0
2021-04,Vienesas tradicionales,False,237.91,237.91,False,,236.26,False,,0.0
2021-05,Vienesas tradicionales,False,237.53,237.53,False,,237.91,False,,0.0
2021-06,Vienesas tradicionales,False,237.66,237.66,False,,237.53,False,,0.0
2021-07,Vienesas tradicionales,False,240.08,240.08,False,,237.66,False,,0.0
2021-08,Vienesas tradicionales,False,241.22,241.22,False,,240.08,False,,0.0
2021-09,Vienesas tradicionales,False,245.61,245.61,False,,241.22,False,,0.0
2021-10,Vienesas tradicionales,False,248.12,248.12,False,,245.61,False,,0.0
2021-11,Vienesas tradicionales,False,248.79,248.79,False,,248.12,False,,0.0
2021-12,Vienesas tradicionales,False,250.6,250.6,False,,248.79,False,,0.0
2022-01,Vienesas tradicionales,False,254.57,254.57,False,,250.6,False,,0.0
2022-02,Vienesas tradicionales,False,258.28,258.28,False,,254.57,False,,0.0
2022-03,Vienesas tradicionales,False,266.99,266.99,False,,258.28,False,,0.0
2022-04,Vienesas tradicionales,False,272.93,272.93,False,,266.99,False,,0.0
2022-05,Vienesas tradicionales,False,277.79,277.79,False,,272.93,False,,0.0
2022-06,Vienesas tradicionales,False,281.49,281.49,False,,277.79,False,,0.0
2022-07,Vienesas tradicionales,False,286.27,286.27,False,,281.49,False,,0.0
2022-08,Vienesas tradicionales,False,291.73,291.73,False,,286.27,False,,0.0
2022-09,Vienesas tradicionales,False,297.33,297.33,False,,291.73,False,,0.0
2022-10,Vienesas tradicionales,False,299.76,299.76,False,,297.33,False,,0.0
2022-11,Vienesas tradicionales,False,304.47,304.47,False,,299.76,False,,0.0
2022-12,Vienesas tradicionales,False,307.57,307.57,False,,304.47,False,,0.0
2023-01,Vienesas tradicionales,False,310.7,310.7,False,,307.57,False,,0.0
2023-02,Vienesas tradicionales,False,310.82,310.82,False,,310.7,False,,0.0
2023-03,Vienesas tradicionales,False,312.26,312.26,False,,310.82,False,,0.0
2023-04,Vienesas tradicionales,False,312.62,312.62,False,,312.26,False,,0.0
2023-05,Vienesas tradicionales,False,313.24,313.24,False,,312.62,False,,0.0
2023-06,Vienesas tradicionales,False,314.42,314.42,False,,313.24,False,,0.0
2023-07,Vienesas tradicionales,False,317.72,317.72,False,,314.42,False,,0.0
2023-08,Vienesas tradicionales,False,318.86,318.86,False,,317.72,False,,0.0
2023-09,Vienesas tradicionales,False,321.83,321.83,False,,318.86,False,,0.0
2023-10,Vienesas tradicionales,False,324.34,324.34,False,,321.83,False,,0.0
2023-11,Vienesas tradicionales,False,327.06,327.06,False,,324.34,False,,0.0
2023-12,Vienesas tradicionales,False,325.67,325.67,False,,327.06,False,,0.0
2024-01,Vienesas tradicionales,False,328.52,328.52,False,,325.67,False,,0.0
2024-02,Vienesas tradicionales,False,329.76,329.76,False,,328.52,False,,0.0
2024-03,Vienesas tradicionales,False,327.89,327.89,False,,329.76,False,,0.0
2024-04,Vienesas tradicionales,False,330.28,330.28,False,,327.89,False,,0.0
2024-05,Vienesas tradicionales,False,330.83,330.83,False,,330.28,False,,0.0
2024-06,Vienesas tradicionales,False,334.68,334.68,False,,330.83,False,,0.0
2024-07,Vienesas tradicionales,False,335.17,335.17,False,,334.68,False,,0.0
2024-08,Vienesas tradicionales,False,336.93,336.93,False,,335.17,False,,0.0
2024-09,Vienesas tradicionales,False,335.91,335.91,False,,336.93,False,,0.0
2024-10,Vienesas tradicionales,False,342.19,342.19,False,,335.91,False,,0.0
2024-11,Vienesas tradicionales,False,341.89,341.89,False,,342.19,False,,0.0
2024-12,Vienesas tradicionales,False,340.01,340.01,False,,341.89,False,,0.0
2025-01,Vienesas tradicionales,False,341.55,341.55,False,,340.01,False,,0.0
2025-02,Vienesas tradicionales,False,342.39,342.39,False,,341.55,False,,0.0
2025-03,Vienesas tradicionales,False,345.94,345.94,False,,342.39,False,,0.0
2025-04,Vienesas tradicionales,False,346.3,346.3,False,,345.94,False,,0.0
2025-05,Vienesas tradicionales,False,347.33,347.33,False,,346.3,False,,0.0
2025-06,Vienesas tradicionales,False,345.36,345.36,False,,347.33,False,,0.0
2025-07,Vienesas tradicionales,False,347.97,347.97,False,,345.36,False,,0.0
2025-08,Vienesas tradicionales,False,350.77,350.77,False,,347.97,False,,0.0
2025-09,Vienesas tradicionales,False,353.68,353.68,False,,350.77,False,,0.0
2025-10,Vienesas tradicionales,False,355.35,355.35,False,,353.68,False,,0.0
2025-11,Vienesas tradicionales,False,356.54,356.54,False,,355.35,False,,0.0
2025-12,Vienesas tradicionales,False,356.14,356.14,False,,356.54,False,,0.0
2026-01,Vienesas tradicionales,False,357.48,357.48,False,,356.14,False,,0.0
2026-02,Vienesas tradicionales,False,358.28,358.28,False,,357.48,False,,0.0
2026-03,Vienesas tradicionales,False,360.24,360.24,False,,358.28,False,,0.0
2026-04,Vienesas tradicionales,False,360.73,360.73,False,,360.24,False,,0.0
2026-05,Vienesas tradicionales,False,359.18,359.18,False,,360.73,False,,0.0
2026-06,Vienesas tradicionales,False,361.82,361.82,False,,359.18,False,,0.0
2026-07,Vienesas tradicionales,False,364.07,364.07,False,,361.82,False,,0.0
2026-08,Vienesas tradicionales,False,368.49,368.49,False,,364.07,False,,0.0
2019-01,Patés y pastas de untar,False,114.8,114.8,False,,114.91,False,,0.0
2019-02,Patés y pastas de untar,False,114.57,114.57,False,,114.8,False,,0.0
2019-03,Patés y pastas de untar,False,115.39,115.39,False,,114.57,False,,0.0
2019-04,Patés y pastas de untar,False,115.85,115.85,False,,115.39,False,,0.0
2019-05,Patés y pastas de untar,False,115.92,115.92,False,,115.85,False,,0.0
2019-06,Patés y pastas de untar,False,116.37,116.37,False,,115.92,False,,0.0
2019-07,Patés y pastas de untar,False,116.62,116.62,False,,116.37,False,,0.0
2019-08,Patés y pastas de untar,False,117.28,117.28,False,,116.62,False,,0.0
2019-09,Patés y pastas de untar,False,117.3,117.3,False,,117.28,False,,0.0
2019-10,Patés y pastas de untar,False,118.17,118.17,False,,117.3,False,,0.0
2019-11,Patés y pastas de untar,False,119.35,119.35,False,,118.17,False,,0.0
2019-12,Patés y pastas de untar,False,118.99,118.99,False,,119.35,False,,0.0
2020-01,Patés y pastas de untar,False,120.01,120.01,False,,118.99,False,,0.0
2020-02,Patés y pastas de untar,False,120.86,120.86,False,,120.01,False,,0.0
2020-03,Patés y pastas de untar,False,121.66,121.66,False,,120.86,False,,0.0
2020-04,Patés y pastas de untar,False,122.58,122.58,False,,121.66,False,,0.0
2020-05,Patés y pastas de untar,False,122.54,122.54,False,,122.58,False,,0.0
2020-06,Patés y pastas de untar,False,122.86,122.86,False,,122.54,False,,0.0
2020-07,Patés y pastas de untar,False,123.39,123.39,False,,122.86,False,,0.0
2020-08,Patés y pastas de untar,False,123.62,123.62,False,,123.39,False,,0.0
2020-09,Patés y pastas de untar,False,125.42,125.42,False,,123.62,False,,0.0
2020-10,Patés y pastas de untar,False,126.35,126.35,False,,125.42,False,,0.0
2020-11,Patés y pastas de untar,False,126.52,126.52,False,,126.35,False,,0.0
2020-12,Patés y pastas de untar,False,126.82,126.82,False,,126.52,False,,0.0
2021-01,Patés y pastas de untar,False,128.26,128.26,False,,126.82,False,,0.0
2021-02,Patés y pastas de untar,False,127.76,127.76,False,,128.26,False,,0.0
2021-03,Patés y pastas de untar,False,127.42,127.42,False,,127.76,False,,0.0
2021-04,Patés y pastas de untar,False,128.31,128.31,False,,127.42,False,,0.0
2021-05,Patés y pastas de untar,False,128.11,128.11,False,,128.31,False,,0.0
2021-06,Patés y pastas de untar,False,128.18,128.18,False,,128.11,False,,0.0
2021-07,Patés y pastas de untar,False,129.48,129.48,False,,128.18,False,,0.0
2021-08,Patés y pastas de untar,False,130.1,130.1,False,,129.48,False,,0.0
2021-09,Patés y pastas de untar,False,132.47,132.47,False,,130.1,False,,0.0
2021-10,Patés y pastas de untar,False,133.82,133.82,False,,132.47,False,,0.0
2021-11,Patés y pastas de untar,False,134.18,134.18,False,,133.82,False,,0.0
2021-12,Patés y pastas de untar,False,135.16,135.16,False,,134.18,False,,0.0
2022-01,Patés y pastas de untar,False,137.3,137.3,False,,135.16,False,,0.0
2022-02,Patés y pastas de untar,False,139.3,139.3,False,,137.3,False,,0.0
2022-03,Patés y pastas de untar,False,143.99,143.99,False,,139.3,False,,0.0
2022-04,Patés y pastas de untar,False,147.2,147.2,False,,143.99,False,,0.0
2022-05,Patés y pastas de untar,False,149.82,149.82,False,,147.2,False,,0.0
2022-06,Patés y pastas de untar,False,151.82,151.82,False,,149.82,False,,0.0
2022-07,Patés y pastas de untar,False,154.39,154.39,False,,151.82,False,,0.0
2022-08,Patés y pastas de untar,False,157.34,157.34,False,,154.39,False,,0.0
2022-09,Patés y pastas de untar,False,160.36,160.36,False,,157.34,False,,0.0
2022-10,Patés y pastas de untar,False,161.67,161.67,False,,160.36,False,,0.0
2022-11,Patés y pastas de untar,False,164.21,164.21,False,,161.67,False,,0.0
2022-12,Patés y pastas de untar,False,165.88,165.88,False,,164.21,False,,0.0
2023-01,Patés y pastas de untar,False,167.57,167.57,False,,165.88,False,,0.0
2023-02,Patés y pastas de untar,False,167.64,167.64,False,,167.57,False,,0.0
2023-03,Patés y pastas de untar,False,168.41,168.41,False,,167.64,False,,0.0
2023-04,Patés y pastas de untar,False,168.6,168.6,False,,168.41,False,,0.0
2023-05,Patés y pastas de untar,False,168.94,168.94,False,,168.6,False,,0.0
2023-06,Patés y pastas de untar,False,169.57,169.57,False,,168.94,False,,0.0
2023-07,Patés y pastas de untar,False,171.35,171.35,False,,169.57,False,,0.0
2023-08,Patés y pastas de untar,False,171.97,171.97,False,,171.35,False,,0.0
2023-09,Patés y pastas de untar,False,173.57,173.57,False,,171.97,False,,0.0
2023-10,Patés y pastas de untar,False,174.93,174.93,False,,173.57,False,,0.0
2023-11,Patés y pastas de untar,False,176.39,176.39,False,,174.93,False,,0.0
2023-12,Patés y pastas de untar,False,175.64,175.64,False,,176.39,False,,0.0
2024-01,Patés y pastas de untar,False,177.18,177.18,False,,175.64,False,,0.0
2024-02,Patés y pastas de untar,False,177.85,177.85,False,,177.18,False,,0.0
2024-03,Patés y pastas de untar,False,176.84,176.84,False,,177.85,False,,0.0
2024-04,Patés y pastas de untar,False,178.13,178.13,False,,176.84,False,,0.0
2024-05,Patés y pastas de untar,False,178.42,178.42,False,,178.13,False,,0.0
2024-06,Patés y pastas de untar,False,180.5,180.5,False,,178.42,False,,0.0
2024-07,Patés y pastas de untar,False,180.77,180.77,False,,180.5,False,,0.0
2024-08,Patés y pastas de untar,False,181.72,181.72,False,,180.77,False,,0.0
2024-09,Patés y pastas de untar,False,181.16,181.16,False,,181.72,False,,0.0
2024-10,Patés y pastas de untar,False,184.55,184.55,False,,181.16,False,,0.0
2024-11,Patés y pastas de untar,False,184.39,184.39,False,,184.55,False,,0.0
2024-12,Patés y pastas de untar,False,183.38,183.38,False,,184.39,False,,0.0
2025-01,Patés y pastas de untar,False,184.2,184.2,False,,183.38,False,,0.0
2025-02,Patés y pastas de untar,False,184.66,184.66,False,,184.2,False,,0.0
2025-03,Patés y pastas de untar,False,186.58,186.58,False,,184.66,False,,0.0
2025-04,Patés y pastas de untar,False,186.77,186.77,False,,186.58,False,,0.0
2025-05,Patés y pastas de untar,False,187.32,187.32,False,,186.77,False,,0.0
2025-06,Patés y pastas de untar,False,186.26,186.26,False,,187.32,False,,0.0
2025-07,Patés y pastas de untar,False,187.67,187.67,False,,186.26,False,,0.0
2025-08,Patés y pastas de untar,False,189.18,189.18,False,,187.67,False,,0.0
2025-09,Patés y pastas de untar,False,190.75,190.75,False,,189.18,False,,0.0
2025-10,Patés y pastas de untar,False,191.65,191.65,False,,190.75,False,,0.0
2025-11,Patés y pastas de untar,False,192.29,192.29,False,,191.65,False,,0.0
2025-12,Patés y pastas de untar,False,192.07,192.07,False,,192.29,False,,0.0
2026-01,Patés y pastas de untar,False,192.8,192.8,False,,192.07,False,,0.0
2026-02,Patés y pastas de untar,False,193.23,193.23,False,,192.8,False,,0.0
2026-03,Patés y pastas de untar,False,194.29,194.29,False,,193.23,False,,0.0
2026-04,Patés y pastas de untar,False,194.55,194.55,False,,194.29,False,,0.0
2026-05,Patés y pastas de untar,False,193.71,193.71,False,,194.55,False,,0.0
2026-06,Patés y pastas de untar,False,195.14,195.14,False,,193.71,False,,0.0
2026-07,Patés y pastas de untar,False,196.35,196.35,False,,195.14,False,,0.0
2026-08,Patés y pastas de untar,False,198.73,198.73,False,,196.35,False,,0.0
2019-01,Otros embutidos frescos,False,461.58,461.58,False,,462.05,False,,0.0
2019-02,Otros embutidos frescos,False,460.67,460.67,False,,461.58,False,,0.0
2019-03,Otros embutidos frescos,False,463.96,463.96,False,,460.67,False,,0.0
2019-04,Otros embutidos frescos,False,465.82,465.82,False,,463.96,False,,0.0
2019-05,Otros embutidos frescos,False,466.09,466.09,False,,465.82,False,,0.0
2019-06,Otros embutidos frescos,False,467.9,467.9,False,,466.09,False,,0.0
2019-07,Otros embutidos frescos,False,468.92,468.92,False,,467.9,False,,0.0
2019-08,Otros embutidos frescos,False,471.55,471.55,False,,468.92,False,,0.0
2019-09,Otros embutidos frescos,False,471.66,471.66,False,,471.55,False,,0.0
2019-10,Otros embutidos frescos,False,475.16,475.16,False,,471.66,False,,0.0
2019-11,Otros embutidos frescos,False,479.89,479.89,False,,475.16,False,,0.0
2019-12,Otros embutidos frescos,False,478.44,478.44,False,,479.89,False,,0.0
2020-01,Otros embutidos frescos,False,482.56,482.56,False,,478.44,False,,0.0
2020-02,Otros embutidos frescos,False,485.98,485.98,False,,482.56,False,,0.0
2020-03,Otros embutidos frescos,False,489.16,489.16,False,,485.98,False,,0.0
2020-04,Otros embutidos frescos,False,492.88,492.88,False,,489.16,False,,0.0
2020-05,Otros embutidos frescos,False,492.71,492.71,False,,492.88,False,,0.0
2020-06,Otros embutidos frescos,False,493.99,493.99,False,,492.71,False,,0.0
2020-07,Otros embutidos frescos,False,496.15,496.15,False,,493.99,False,,0.0
2020-08,Otros embutidos frescos,False,497.07,497.07,False,,496.15,False,,0.0
2020-09,Otros embutidos frescos,False,504.29,504.29,False,,497.07,False,,0.0
2020-10,Otros embutidos frescos,False,508.03,508.03,False,,504.29,False,,0.0
2020-11,Otros embutidos frescos,False,508.73,508.73,False,,508.03,False,,0.0
2020-12,Otros embutidos frescos,False,509.92,509.92,False,,508.73,False,,0.0
2021-01,Otros embutidos frescos,False,515.7,515.7,False,,509.92,False,,0.0
2021-02,Otros embutidos frescos,False,513.72,513.72,False,,515.7,False,,0.0
2021-03,Otros embutidos frescos,False,512.33,512.33,False,,513.72,False,,0.0
2021-04,Otros embutidos frescos,False,515.92,515.92,False,,512.33,False,,0.0
2021-05,Otros embutidos frescos,False,515.1,515.1,False,,515.92,False,,0.0
2021-06,Otros embutidos frescos,False,515.37,515.37,False,,515.1,False,,0.0
2021-07,Otros embutidos frescos,False,520.63,520.63,False,,515.37,False,,0.0
2021-08,Otros embutidos frescos,False,523.09,523.09,False,,520.63,False,,0.0
2021-09,Otros embutidos frescos,False,532.62,532.62,False,,523.09,False,,0.0
2021-10,Otros embutidos frescos,False,538.07,538.07,False,,532.62,False,,0.0
2021-11,Otros embutidos frescos,False,539.51,539.51,False,,538.07,False,,0.0
2021-12,Otros embutidos frescos,False,543.44,543.44,False,,539.51,False,,0.0
2022-01,Otros embutidos frescos,False,552.06,552.06,False,,543.44,False,,0.0
2022-02,Otros embutidos frescos,False,560.1,560.1,False,,552.06,False,,0.0
2022-03,Otros embutidos frescos,False,578.97,578.97,False,,560.1,False,,0.0
2022-04,Otros embutidos frescos,False,591.85,591.85,False,,578.97,False,,0.0
2022-05,Otros embutidos frescos,False,602.4,602.4,False,,591.85,False,,0.0
2022-06,Otros embutidos frescos,False,610.43,610.43,False,,602.4,False,,0.0
2022-07,Otros embutidos frescos,False,620.79,620.79,False,,610.43,False,,0.0
2022-08,Otros embutidos frescos,False,632.62,632.62,False,,620.79,False,,0.0
2022-09,Otros embutidos frescos,False,644.77,644.77,False,,632.62,False,,0.0
2022-10,Otros embutidos frescos,False,650.05,650.05,False,,644.77,False,,0.0
2022-11,Otros embutidos frescos,False,660.25,660.25,False,,650.05,False,,0.0
2022-12,Otros embutidos frescos,False,666.97,666.97,False,,660.25,False,,0.0
2023-01,Otros embutidos frescos,False,673.76,673.76,False,,666.97,False,,0.0
2023-02,Otros embutidos frescos,False,674.04,674.04,False,,673.76,False,,0.0
2023-03,Otros embutidos frescos,False,677.14,677.14,False,,674.04,False,,0.0
2023-04,Otros embutidos frescos,False,677.93,677.93,False,,677.14,False,,0.0
2023-05,Otros embutidos frescos,False,679.28,679.28,False,,677.93,False,,0.0
2023-06,Otros embutidos frescos,False,681.82,681.82,False,,679.28,False,,0.0
2023-07,Otros embutidos frescos,False,688.99,688.99,False,,681.82,False,,0.0
2023-08,Otros embutidos frescos,False,691.47,691.47,False,,688.99,False,,0.0
2023-09,Otros embutidos frescos,False,697.9,697.9,False,,691.47,False,,0.0
2023-10,Otros embutidos frescos,False,703.35,703.35,False,,697.9,False,,0.0
2023-11,Otros embutidos frescos,False,709.25,709.25,False,,703.35,False,,0.0
2023-12,Otros embutidos frescos,False,706.22,706.22,False,,709.25,False,,0.0
2024-01,Otros embutidos frescos,False,712.4,712.4,False,,706.22,False,,0.0
2024-02,Otros embutidos frescos,False,715.09,715.09,False,,712.4,False,,0.0
2024-03,Otros embutidos frescos,False,711.05,711.05,False,,715.09,False,,0.0
2024-04,Otros embutidos frescos,False,716.22,716.22,False,,711.05,False,,0.0
2024-05,Otros embutidos frescos,False,717.41,717.41,False,,716.22,False,,0.0
2024-06,Otros embutidos frescos,False,725.78,725.78,False,,717.41,False,,0.0
2024-07,Otros embutidos frescos,False,726.83,726.83,False,,725.78,False,,0.0
2024-08,Otros embutidos frescos,False,730.65,730.65,False,,726.83,False,,0.0
2024-09,Otros embutidos frescos,False,728.43,728.43,False,,730.65,False,,0.0
2024-10,Otros embutidos frescos,False,742.06,742.06,False,,728.43,False,,0.0
2024-11,Otros embutidos frescos,False,741.4,741.4,False,,742.06,False,,0.0
2024-12,Otros embutidos frescos,False,737.33,737.33,False,,741.4,False,,0.0
2025-01,Otros embutidos frescos,False,740.66,740.66,False,,737.33,False,,0.0
2025-02,Otros embutidos frescos,False,742.48,742.48,False,,740.66,False,,0.0
2025-03,Otros embutidos frescos,False,750.2,750.2,False,,742.48,False,,0.0
2025-04,Otros embutidos frescos,False,750.97,750.97,False,,750.2,False,,0.0
2025-05,Otros embutidos frescos,False,753.19,753.19,False,,750.97,False,,0.0
2025-06,Otros embutidos frescos,False,748.93,748.93,False,,753.19,False,,0.0
2025-07,Otros embutidos frescos,False,754.58,754.58,False,,748.93,False,,0.0
2025-08,Otros embutidos frescos,False,760.66,760.66,False,,754.58,False,,0.0
2025-09,Otros embutidos frescos,False,766.97,766.97,False,,760.66,False,,0.0
2025-10,Otros embutidos frescos,False,770.58,770.58,False,,766.97,False,,0.0
2025-11,Otros embutidos frescos,False,773.17,773.17,False,,770.58,False,,0.0
2025-12,Otros embutidos frescos,False,772.29,772.29,False,,773.17,False,,0.0
2026-01,Otros embutidos frescos,False,775.21,775.21,False,,772.29,False,,0.0
2026-02,Otros embutidos frescos,False,776.94,776.94,False,,775.21,False,,0.0
2026-03,Otros embutidos frescos,False,781.19,781.19,False,,776.94,False,,0.0
2026-04,Otros embutidos frescos,False,782.26,782.26,False,,781.19,False,,0.0
2026-05,Otros embutidos frescos,False,778.89,778.89,False,,782.26,False,,0.0
2026-06,Otros embutidos frescos,False,784.63,784.63,False,,778.89,False,,0.0
2026-07,Otros embutidos frescos,False,789.49,789.49,False,,784.63,False,,0.0
2026-08,Otros embutidos frescos,False,799.08,799.08,False,,789.49,False,,0.0
2019-01,Atún en conserva,False,471.14,471.14,False,,471.63,False,,0.0
2019-02,Atún en conserva,False,470.21,470.21,False,,471.14,False,,0.0
2019-03,Atún en conserva,False,473.58,473.58,False,,470.21,False,,0.0
2019-04,Atún en conserva,False,475.47,475.47,False,,473.58,False,,0.0
2019-05,Atún en conserva,False,475.75,475.75,False,,475.47,False,,0.0
2019-06,Atún en conserva,False,477.6,477.6,False,,475.75,False,,0.0
2019-07,Atún en conserva,False,478.64,478.64,False,,477.6,False,,0.0
2019-08,Atún en conserva,False,481.32,481.32,False,,478.64,False,,0.0
2019-09,Atún en conserva,False,481.43,481.43,False,,481.32,False,,0.0
2019-10,Atún en conserva,False,485.01,485.01,False,,481.43,False,,0.0
2019-11,Atún en conserva,False,489.83,489.83,False,,485.01,False,,0.0
2019-12,Atún en conserva,False,488.36,488.36,False,,489.83,False,,0.0
2020-01,Atún en conserva,False,492.56,492.56,False,,488.36,False,,0.0
2020-02,Atún en conserva,False,496.05,496.05,False,,492.56,False,,0.0
2020-03,Atún en conserva,False,499.3,499.3,False,,496.05,False,,0.0
2020-04,Atún en conserva,False,503.09,503.09,False,,499.3,False,,0.0
2020-05,Atún en conserva,False,502.93,502.93,False,,503.09,False,,0.0
2020-06,Atún en conserva,False,504.23,504.23,False,,502.93,False,,0.0
2020-07,Atún en conserva,False,506.43,506.43,False,,504.23,False,,0.0
2020-08,Atún en conserva,False,507.37,507.37,False,,506.43,False,,0.0
2020-09,Atún en conserva,False,514.75,514.75,False,,507.37,False,,0.0
2020-10,Atún en conserva,False,518.56,518.56,False,,514.75,False,,0.0
2020-11,Atún en conserva,False,519.27,519.27,False,,518.56,False,,0.0
2020-12,Atún en conserva,False,520.49,520.49,False,,519.27,False,,0.0
2021-01,Atún en conserva,False,526.39,526.39,False,,520.49,False,,0.0
2021-02,Atún en conserva,False,524.37,524.37,False,,526.39,False,,0.0
2021-03,Atún en conserva,False,522.95,522.95,False,,524.37,False,,0.0
2021-04,Atún en conserva,False,526.61,526.61,False,,522.95,False,,0.0
2021-05,Atún en conserva,False,525.78,525.78,False,,526.61,False,,0.0
2021-06,Atún en conserva,False,526.05,526.05,False,,525.78,False,,0.0
2021-07,Atún en conserva,False,531.42,531.42,False,,526.05,False,,0.0
2021-08,Atún en conserva,False,533.93,533.93,False,,531.42,False,,0.0
2021-09,Atún en conserva,False,543.66,543.66,False,,533.93,False,,0.0
2021-10,Atún en conserva,False,549.22,549.22,False,,543.66,False,,0.0
2021-11,Atún en conserva,False,550.69,550.69,False,,549.22,False,,0.0
2021-12,Atún en conserva,False,554.7,554.7,False,,550.69,False,,0.0
2022-01,Atún en conserva,False,563.5,563.5,False,,554.7,False,,0.0
2022-02,Atún en conserva,False,571.71,571.71,False,,563.5,False,,0.0
2022-03,Atún en conserva,False,590.97,590.97,False,,571.71,False,,0.0
2022-04,Atún en conserva,False,604.12,604.12,False,,590.97,False,,0.0
2022-05,Atún en conserva,False,614.89,614.89,False,,604.12,False,,0.0
2022-06,Atún en conserva,False,623.08,623.08,False,,614.89,False,,0.0
2022-07,Atún en conserva,False,633.66,633.66,False,,623.08,False,,0.0
2022-08,Atún en conserva,False,645.73,645.73,False,,633.66,False,,0.0
2022-09,Atún en conserva,False,658.13,658.13,False,,645.73,False,,0.0
2022-10,Atún en conserva,False,663.52,663.52,False,,658.13,False,,0.0
2022-11,Atún en conserva,False,673.94,673.94,False,,663.52,False,,0.0
2022-12,Atún en conserva,False,680.79,680.79,False,,673.94,False,,0.0
2023-01,Atún en conserva,False,687.73,687.73,False,,680.79,False,,0.0
2023-02,Atún en conserva,False,688.01,688.01,False,,687.73,False,,0.0
2023-03,Atún en conserva,False,691.17,691.17,False,,688.01,False,,0.0
2023-04,Atún en conserva,False,691.98,691.98,False,,691.17,False,,0.0
2023-05,Atún en conserva,False,693.36,693.36,False,,691.98,False,,0.0
2023-06,Atún en conserva,False,695.95,695.95,False,,693.36,False,,0.0
2023-07,Atún en conserva,False,703.27,703.27,False,,695.95,False,,0.0
2023-08,Atún en conserva,False,705.8,705.8,False,,703.27,False,,0.0
2023-09,Atún en conserva,False,712.37,712.37,False,,705.8,False,,0.0
2023-10,Atún en conserva,False,717.93,717.93,False,,712.37,False,,0.0
2023-11,Atún en conserva,False,723.95,723.95,False,,717.93,False,,0.0
2023-12,Atún en conserva,False,720.86,720.86,False,,723.95,False,,0.0
2024-01,Atún en conserva,False,727.16,727.16,False,,720.86,False,,0.0
2024-02,Atún en conserva,False,729.91,729.91,False,,727.16,False,,0.0
2024-03,Atún en conserva,False,725.79,725.79,False,,729.91,False,,0.0
2024-04,Atún en conserva,False,731.07,731.07,False,,725.79,False,,0.0
2024-05,Atún en conserva,False,732.28,732.28,False,,731.07,False,,0.0
2024-06,Atún en conserva,False,740.82,740.82,False,,732.28,False,,0.0
2024-07,Atún en conserva,False,741.89,741.89,False,,740.82,False,,0.0
2024-08,Atún en conserva,False,745.79,745.79,False,,741.89,False,,0.0
2024-09,Atún en conserva,False,743.53,743.53,False,,745.79,False,,0.0
2024-10,Atún en conserva,False,757.44,757.44,False,,743.53,False,,0.0
2024-11,Atún en conserva,False,756.77,756.77,False,,757.44,False,,0.0
2024-12,Atún en conserva,False,752.61,752.61,False,,756.77,False,,0.0
2025-01,Atún en conserva,False,756.01,756.01,False,,752.61,False,,0.0
2025-02,Atún en conserva,False,757.87,757.87,False,,756.01,False,,0.0
2025-03,Atún en conserva,False,765.74,765.74,False,,757.87,False,,0.0
2025-04,Atún en conserva,False,766.54,766.54,False,,765.74,False,,0.0
2025-05,Atún en conserva,False,768.8,768.8,False,,766.54,False,,0.0
2025-06,Atún en conserva,False,764.45,764.45,False,,768.8,False,,0.0
2025-07,Atún en conserva,False,770.22,770.22,False,,764.45,False,,0.0
2025-08,Atún en conserva,False,776.42,776.42,False,,770.22,False,,0.0
2025-09,Atún en conserva,False,782.87,782.87,False,,776.42,False,,0.0
2025-10,Atún en conserva,False,786.56,786.56,False,,782.87,False,,0.0
2025-11,Atún en conserva,False,789.19,789.19,False,,786.56,False,,0.0
2025-12,Atún en conserva,False,788.3,788.3,False,,789.19,False,,0.0
2026-01,Atún en conserva,False,791.28,791.28,False,,788.3,False,,0.0
2026-02,Atún en conserva,False,793.04,793.04,False,,791.28,False,,0.0
2026-03,Atún en conserva,False,797.38,797.38,False,,793.04,False,,0.0
2026-04,Atún en conserva,False,798.47,798.47,False,,797.38,False,,0.0
2026-05,Atún en conserva,False,795.03,795.03,False,,798.47,False,,0.0
2026-06,Atún en conserva,False,800.89,800.89,False,,795.03,False,,0.0
2026-07,Atún en conserva,False,805.86,805.86,False,,800.89,False,,0.0
2026-08,Atún en conserva,False,815.64,815.64,False,,805.86,False,,0.0
2019-01,Jurel en conserva,False,208.07,208.07,False,,208.28,False,,0.0
2019-02,Jurel en conserva,False,207.66,207.66,False,,208.07,False,,0.0
2019-03,Jurel en conserva,False,209.14,209.14,False,,207.66,False,,0.0
2019-04,Jurel en conserva,False,209.98,209.98,False,,209.14,False,,0.0
2019-05,Jurel en conserva,False,210.1,210.1,False,,209.98,False,,0.0
2019-06,Jurel en conserva,False,210.92,210.92,False,,210.1,False,,0.0
2019-07,Jurel en conserva,False,211.38,211.38,False,,210.92,False,,0.0
2019-08,Jurel en conserva,False,212.56,212.56,False,,211.38,False,,0.0
2019-09,Jurel en conserva,False,212.61,212.61,False,,212.56,False,,0.0
2019-10,Jurel en conserva,False,214.19,214.19,False,,212.61,False,,0.0
2019-11,Jurel en conserva,False,216.32,216.32,False,,214.19,False,,0.0
2019-12,Jurel en conserva,False,215.67,215.67,False,,216.32,False,,0.0
2020-01,Jurel en conserva,False,217.53,217.53,False,,215.67,False,,0.0
2020-02,Jurel en conserva,False,219.07,219.07,False,,217.53,False,,0.0
2020-03,Jurel en conserva,False,220.5,220.5,False,,219.07,False,,0.0
2020-04,Jurel en conserva,False,222.18,222.18,False,,220.5,False,,0.0
2020-05,Jurel en conserva,False,222.1,222.1,False,,222.18,False,,0.0
2020-06,Jurel en conserva,False,222.68,222.68,False,,222.1,False,,0.0
2020-07,Jurel en conserva,False,223.65,223.65,False,,222.68,False,,0.0
2020-08,Jurel en conserva,False,224.07,224.07,False,,223.65,False,,0.0
2020-09,Jurel en conserva,False,227.32,227.32,False,,224.07,False,,0.0
2020-10,Jurel en conserva,False,229.01,229.01,False,,227.32,False,,0.0
2020-11,Jurel en conserva,False,229.32,229.32,False,,229.01,False,,0.0
2020-12,Jurel en conserva,False,229.86,229.86,False,,229.32,False,,0.0
2021-01,Jurel en conserva,False,232.47,232.47,False,,229.86,False,,0.0
2021-02,Jurel en conserva,False,231.57,231.57,False,,232.47,False,,0.0
2021-03,Jurel en conserva,False,230.95,230.95,False,,231.57,False,,0.0
2021-04,Jurel en conserva,False,232.56,232.56,False,,230.95,False,,0.0
2021-05,Jurel en conserva,False,232.2,232.2,False,,232.56,False,,0.0
2021-06,Jurel en conserva,False,232.32,232.32,False,,232.2,False,,0.0
2021-07,Jurel en conserva,False,234.69,234.69,False,,232.32,False,,0.0
2021-08,Jurel en conserva,False,235.8,235.8,False,,234.69,False,,0.0
2021-09,Jurel en conserva,False,240.1,240.1,False,,235.8,False,,0.0
2021-10,Jurel en conserva,False,242.55,242.55,False,,240.1,False,,0.0
2021-11,Jurel en conserva,False,243.2,243.2,False,,242.55,False,,0.0
2021-12,Jurel en conserva,False,244.97,244.97,False,,243.2,False,,0.0
2022-01,Jurel en conserva,False,248.85,248.85,False,,244.97,False,,0.0
2022-02,Jurel en conserva,False,252.48,252.48,False,,248.85,False,,0.0
2022-03,Jurel en conserva,False,260.99,260.99,False,,252.48,False,,0.0
2022-04,Jurel en conserva,False,266.79,266.79,False,,260.99,False,,0.0
2022-05,Jurel en conserva,False,271.55,271.55,False,,266.79,False,,0.0
2022-06,Jurel en conserva,False,275.17,275.17,False,,271.55,False,,0.0
2022-07,Jurel en conserva,False,279.84,279.84,False,,275.17,False,,0.0
2022-08,Jurel en conserva,False,285.17,285.17,False,,279.84,False,,0.0
2022-09,Jurel en conserva,False,290.65,290.65,False,,285.17,False,,0.0
2022-10,Jurel en conserva,False,293.03,293.03,False,,290.65,False,,0.0
2022-11,Jurel en conserva,False,297.63,297.63,False,,293.03,False,,0.0
2022-12,Jurel en conserva,False,300.66,300.66,False,,297.63,False,,0.0
2023-01,Jurel en conserva,False,303.72,303.72,False,,300.66,False,,0.0
2023-02,Jurel en conserva,False,303.84,303.84,False,,303.72,False,,0.0
2023-03,Jurel en conserva,False,305.24,305.24,False,,303.84,False,,0.0
2023-04,Jurel en conserva,False,305.59,305.59,False,,305.24,False,,0.0
2023-05,Jurel en conserva,False,306.2,306.2,False,,305.59,False,,0.0
2023-06,Jurel en conserva,False,307.35,307.35,False,,306.2,False,,0.0
2023-07,Jurel en conserva,False,310.58,310.58,False,,307.35,False,,0.0
2023-08,Jurel en conserva,False,311.7,311.7,False,,310.58,False,,0.0
2023-09,Jurel en conserva,False,314.6,314.6,False,,311.7,False,,0.0
2023-10,Jurel en conserva,False,317.05,317.05,False,,314.6,False,,0.0
2023-11,Jurel en conserva,False,319.71,319.71,False,,317.05,False,,0.0
2023-12,Jurel en conserva,False,318.35,318.35,False,,319.71,False,,0.0
2024-01,Jurel en conserva,False,321.13,321.13,False,,318.35,False,,0.0
2024-02,Jurel en conserva,False,322.35,322.35,False,,321.13,False,,0.0
2024-03,Jurel en conserva,False,320.53,320.53,False,,322.35,False,,0.0
2024-04,Jurel en conserva,False,322.86,322.86,False,,320.53,False,,0.0
2024-05,Jurel en conserva,False,323.39,323.39,False,,322.86,False,,0.0
2024-06,Jurel en conserva,False,327.16,327.16,False,,323.39,False,,0.0
2024-07,Jurel en conserva,False,327.64,327.64,False,,327.16,False,,0.0
2024-08,Jurel en conserva,False,329.36,329.36,False,,327.64,False,,0.0
2024-09,Jurel en conserva,False,328.36,328.36,False,,329.36,False,,0.0
2024-10,Jurel en conserva,False,334.5,334.5,False,,328.36,False,,0.0
2024-11,Jurel en conserva,False,334.21,334.21,False,,334.5,False,,0.0
2024-12,Jurel en conserva,False,332.37,332.37,False,,334.21,False,,0.0
2025-01,Jurel en conserva,False,333.87,333.87,False,,332.37,False,,0.0
2025-02,Jurel en conserva,False,334.69,334.69,False,,333.87,False,,0.0
2025-03,Jurel en conserva,False,338.17,338.17,False,,334.69,False,,0.0
2025-04,Jurel en conserva,False,338.52,338.52,False,,338.17,False,,0.0
2025-05,Jurel en conserva,False,339.52,339.52,False,,338.52,False,,0.0
2025-06,Jurel en conserva,False,337.6,337.6,False,,339.52,False,,0.0
2025-07,Jurel en conserva,False,340.15,340.15,False,,337.6,False,,0.0
2025-08,Jurel en conserva,False,342.89,342.89,False,,340.15,False,,0.0
2025-09,Jurel en conserva,False,345.73,345.73,False,,342.89,False,,0.0
2025-10,Jurel en conserva,False,347.36,347.36,False,,345.73,False,,0.0
2025-11,Jurel en conserva,False,348.53,348.53,False,,347.36,False,,0.0
2025-12,Jurel en conserva,False,348.13,348.13,False,,348.53,False,,0.0
2026-01,Jurel en conserva,False,349.45,349.45,False,,348.13,False,,0.0
2026-02,Jurel en conserva,False,350.23,350.23,False,,349.45,False,,0.0
2026-03,Jurel en conserva,False,352.14,352.14,False,,350.23,False,,0.0
2026-04,Jurel en conserva,False,352.62,352.62,False,,352.14,False,,0.0
2026-05,Jurel en conserva,False,351.11,351.11,False,,352.62,False,,0.0
2026-06,Jurel en conserva,False,353.69,353.69,False,,351.11,False,,0.0
2026-07,Jurel en conserva,False,355.89,355.89,False,,353.69,False,,0.0
2026-08,Jurel en conserva,False,360.2,360.2,False,,355.89,False,,0.0
2019-01,Leche líquida entera,True,821.91,743.76,True,747.5,743.76,True,747.5,-78.15
2019-02,Leche líquida entera,True,820.29,736.26,True,739.96,736.26,True,739.96,-84.02
2019-03,Leche líquida entera,True,826.16,734.27,True,737.96,734.27,True,737.96,-91.89
2019-04,Leche líquida entera,True,829.46,762.12,True,765.95,762.12,True,765.95,-67.34
2019-05,Leche líquida entera,True,829.95,764.31,True,768.15,764.31,True,768.15,-65.64
2019-06,Leche líquida entera,True,833.18,781.89,True,785.82,781.89,True,785.82,-51.28
2019-07,Leche líquida entera,True,834.99,809.01,True,813.07,809.01,True,813.07,-25.99
2019-08,Leche líquida entera,True,839.67,807.86,True,811.92,807.86,True,811.92,-31.81
2019-09,Leche líquida entera,True,839.86,800.49,True,804.51,800.49,True,804.51,-39.37
2019-10,Leche líquida entera,True,846.1,805.62,True,809.67,805.62,True,809.67,-40.48
2019-11,Leche líquida entera,True,854.51,795.0,True,798.99,795.0,True,798.99,-59.51
2019-12,Leche líquida entera,True,851.94,770.89,True,774.76,770.89,True,774.76,-81.05
2020-01,Leche líquida entera,True,859.27,765.4,True,769.24,765.4,True,769.24,-93.88
2020-02,Leche líquida entera,True,865.36,764.83,True,768.68,764.83,True,768.68,-100.53
2020-03,Leche líquida entera,True,871.03,776.81,True,780.71,776.81,True,780.71,-94.23
2020-04,Leche líquida entera,True,877.64,769.99,True,773.86,769.99,True,773.86,-107.65
2020-05,Leche líquida entera,True,877.35,779.42,True,783.34,779.42,True,783.34,-97.93
2020-06,Leche líquida entera,True,879.62,798.99,True,803.01,798.99,True,803.01,-80.63
2020-07,Leche líquida entera,True,883.47,802.88,True,806.91,802.88,True,806.91,-80.59
2020-08,Leche líquida entera,True,885.1,803.02,True,807.06,803.02,True,807.06,-82.08
2020-09,Leche líquida entera,True,897.97,805.58,True,809.63,805.58,True,809.63,-92.39
2020-10,Leche líquida entera,True,904.62,801.74,True,805.77,801.74,True,805.77,-102.88
2020-11,Leche líquida entera,True,905.87,794.31,True,798.3,794.31,True,798.3,-111.56
2020-12,Leche líquida entera,True,907.99,783.37,True,787.31,783.37,True,787.31,-124.62
2021-01,Leche líquida entera,True,918.29,779.04,True,782.95,779.04,True,782.95,-139.26
2021-02,Leche líquida entera,True,914.76,780.64,True,784.56,780.64,True,784.56,-134.12
2021-03,Leche líquida entera,True,912.29,774.94,True,778.83,774.94,True,778.83,-137.36
2021-04,Leche líquida entera,True,918.67,788.74,True,792.7,788.74,True,792.7,-129.93
2021-05,Leche líquida entera,True,917.22,803.99,True,808.03,803.99,True,808.03,-113.23
2021-06,Leche líquida entera,True,917.7,802.13,True,806.16,802.13,True,806.16,-115.57
2021-07,Leche líquida entera,True,927.06,829.8,True,833.97,829.8,True,833.97,-97.27
2021-08,Leche líquida entera,True,931.44,830.97,True,835.14,830.97,True,835.14,-100.48
2021-09,Leche líquida entera,True,948.42,826.48,True,830.63,826.48,True,830.63,-121.95
2021-10,Leche líquida entera,True,958.11,827.14,True,831.29,827.14,True,831.29,-130.97
2021-11,Leche líquida entera,True,960.68,833.72,True,837.91,833.72,True,837.91,-126.96
2021-12,Leche líquida entera,True,967.68,833.82,True,838.01,833.82,True,838.01,-133.86
2022-01,Leche líquida entera,True,983.02,833.41,True,837.6,833.41,True,837.6,-149.61
2022-02,Leche líquida entera,True,997.34,852.31,True,856.6,852.31,True,856.6,-145.03
2022-03,Leche líquida entera,True,1030.95,865.35,True,869.7,865.35,True,869.7,-165.61
2022-04,Leche líquida entera,True,1053.88,902.58,True,907.11,902.58,True,907.11,-151.3
2022-05,Leche líquida entera,True,1072.67,928.1,True,932.76,928.1,True,932.76,-144.58
2022-06,Leche líquida entera,True,1086.97,944.23,True,948.97,944.23,True,948.97,-142.74
2022-07,Leche líquida entera,True,1105.42,947.61,True,952.38,947.61,True,952.38,-157.8
2022-08,Leche líquida entera,True,1126.48,955.91,True,960.71,955.91,True,960.71,-170.57
2022-09,Leche líquida entera,True,1148.12,975.46,True,980.36,975.46,True,980.36,-172.65
2022-10,Leche líquida entera,True,1157.52,981.26,True,986.19,981.26,True,986.19,-176.26
2022-11,Leche líquida entera,True,1175.68,976.95,True,981.86,976.95,True,981.86,-198.74
2022-12,Leche líquida entera,True,1187.65,981.62,True,986.56,981.62,True,986.56,-206.02
2023-01,Leche líquida entera,True,1199.74,995.18,True,1000.18,995.18,True,1000.18,-204.56
2023-02,Leche líquida entera,True,1200.23,1021.87,True,1027.01,1021.87,True,1027.01,-178.35
2023-03,Leche líquida entera,True,1205.75,1028.45,True,1033.62,1028.45,True,1033.62,-177.3
2023-04,Leche líquida entera,True,1207.15,1045.7,True,1050.95,1045.7,True,1050.95,-161.45
2023-05,Leche líquida entera,True,1209.56,1054.41,True,1059.71,1054.41,True,1059.71,-155.15
2023-06,Leche líquida entera,True,1214.09,1061.65,True,1066.98,1061.65,True,1066.98,-152.45
2023-07,Leche líquida entera,True,1226.85,1061.13,True,1066.46,1061.13,True,1066.46,-165.72
2023-08,Leche líquida entera,True,1231.27,1072.93,True,1078.33,1072.93,True,1078.33,-158.34
2023-09,Leche líquida entera,True,1242.72,1093.25,True,1098.75,1093.25,True,1098.75,-149.47
2023-10,Leche líquida entera,True,1252.43,1097.97,True,1103.49,1097.97,True,1103.49,-154.45
2023-11,Leche líquida entera,True,1262.93,1093.61,True,1099.11,1093.61,True,1099.11,-169.32
2023-12,Leche líquida entera,True,1257.54,1062.17,True,1067.5,1062.17,True,1067.5,-195.37
2024-01,Leche líquida entera,True,1268.54,1057.48,True,1062.8,1057.48,True,1062.8,-211.05
2024-02,Leche líquida entera,True,1273.33,1052.82,True,1058.11,1052.82,True,1058.11,-220.52
2024-03,Leche líquida entera,True,1266.14,1055.85,True,1061.16,1055.85,True,1061.16,-210.28
2024-04,Leche líquida entera,True,1275.35,1094.25,True,1099.75,1094.25,True,1099.75,-181.09
2024-05,Leche líquida entera,True,1277.46,1109.73,True,1115.3,1109.73,True,1115.3,-167.74
2024-06,Leche líquida entera,True,1292.36,1111.14,True,1116.72,1111.14,True,1116.72,-181.22
2024-07,Leche líquida entera,True,1294.23,1115.95,True,1121.55,1115.95,True,1121.55,-178.28
2024-08,Leche líquida entera,True,1301.03,1122.59,True,1128.23,1122.59,True,1128.23,-178.44
2024-09,Leche líquida entera,True,1297.09,1131.14,True,1136.83,1131.14,True,1136.83,-165.95
2024-10,Leche líquida entera,True,1321.35,1115.73,True,1121.34,1115.73,True,1121.34,-205.62
2024-11,Leche líquida entera,True,1320.18,1108.26,True,1113.83,1108.26,True,1113.83,-211.93
2024-12,Leche líquida entera,True,1312.94,1084.59,True,1090.04,1084.59,True,1090.04,-228.34
2025-01,Leche líquida entera,True,1318.85,1063.28,True,1068.62,1063.28,True,1068.62,-255.58
2025-02,Leche líquida entera,True,1322.1,1070.33,True,1075.71,1070.33,True,1075.71,-251.77
2025-03,Leche líquida entera,True,1335.84,1086.37,True,1091.83,1086.37,True,1091.83,-249.47
2025-04,Leche líquida entera,True,1337.22,1132.48,True,1138.17,1132.48,True,1138.17,-204.74
2025-05,Leche líquida entera,True,1341.18,1140.22,True,1145.95,1140.22,True,1145.95,-200.96
2025-06,Leche líquida entera,True,1333.59,1152.36,True,1158.15,1152.36,True,1158.15,-181.23
2025-07,Leche líquida entera,True,1343.64,1158.38,True,1164.2,1158.38,True,1164.2,-185.27
2025-08,Leche líquida entera,True,1354.47,1174.93,True,1180.83,1174.93,True,1180.83,-179.54
2025-09,Leche líquida entera,True,1365.71,1189.3,True,1195.28,1189.3,True,1195.28,-176.41
2025-10,Leche líquida entera,True,1372.15,1167.17,True,1173.03,1167.17,True,1173.03,-204.98
2025-11,Leche líquida entera,True,1376.74,1143.74,True,1149.49,1143.74,True,1149.49,-233.0
2025-12,Leche líquida entera,True,1375.19,1132.46,True,1138.15,1132.46,True,1138.15,-242.73
2026-01,Leche líquida entera,True,1380.39,1131.83,True,1137.52,1131.83,True,1137.52,-248.56
2026-02,Leche líquida entera,True,1383.46,1128.93,True,1134.61,1128.93,True,1134.61,-254.52
2026-03,Leche líquida entera,True,1391.04,1131.67,True,1137.36,1131.67,True,1137.36,-259.37
2026-04,Leche líquida entera,True,1392.93,1161.67,True,1167.51,1161.67,True,1167.51,-231.26
2026-05,Leche líquida entera,True,1386.94,1194.13,True,1200.13,1194.13,True,1200.13,-192.81
2026-06,Leche líquida entera,True,1397.16,1194.94,True,1200.94,1194.94,True,1200.94,-202.22
2026-07,Leche líquida entera,True,1405.82,1185.42,True,1191.38,1185.42,True,1191.38,-220.4
2026-08,Leche líquida entera,True,1422.88,1184.07,True,1190.02,1184.07,True,1190.02,-238.81
2019-01,Leche líquida descremada y semidescremada,True,267.06,261.9,True,746.15,261.9,True,746.15,-5.16
2019-02,Leche líquida descremada y semidescremada,True,266.53,259.85,True,740.31,259.85,True,740.31,-6.69
2019-03,Leche líquida descremada y semidescremada,True,268.44,258.32,True,735.95,258.32,True,735.95,-10.12
2019-04,Leche líquida descremada y semidescremada,True,269.51,268.45,True,764.8,268.45,True,764.8,-1.07
2019-05,Leche líquida descremada y semidescremada,True,269.67,269.24,True,767.08,269.24,True,767.08,-0.43
2019-06,Leche líquida descremada y semidescremada,True,270.72,275.31,True,784.35,275.31,True,784.35,4.59
2019-07,Leche líquida descremada y semidescremada,True,271.31,284.52,True,810.61,284.52,True,810.61,13.21
2019-08,Leche líquida descremada y semidescremada,True,272.83,284.71,True,811.15,284.71,True,811.15,11.88
2019-09,Leche líquida descremada y semidescremada,True,272.89,282.23,True,804.07,282.23,True,804.07,9.34
2019-10,Leche líquida descremada y semidescremada,True,274.92,284.16,True,809.56,284.16,True,809.56,9.24
2019-11,Leche líquida descremada y semidescremada,True,277.65,284.44,True,810.38,284.44,True,810.38,6.79
2019-12,Leche líquida descremada y semidescremada,True,276.82,271.54,True,773.63,271.54,True,773.63,-5.27
2020-01,Leche líquida descremada y semidescremada,True,279.2,270.1,True,769.52,270.1,True,769.52,-9.1
2020-02,Leche líquida descremada y semidescremada,True,281.18,269.96,True,769.11,269.96,True,769.11,-11.22
2020-03,Leche líquida descremada y semidescremada,True,283.02,273.59,True,779.46,273.59,True,779.46,-9.43
2020-04,Leche líquida descremada y semidescremada,True,285.17,271.21,True,772.69,271.21,True,772.69,-13.95
2020-05,Leche líquida descremada y semidescremada,True,285.08,274.36,True,781.66,274.36,True,781.66,-10.71
2020-06,Leche líquida descremada y semidescremada,True,285.81,281.77,True,802.78,281.77,True,802.78,-4.04
2020-07,Leche líquida descremada y semidescremada,True,287.06,283.29,True,807.1,283.29,True,807.1,-3.77
2020-08,Leche líquida descremada y semidescremada,True,287.59,282.65,True,805.28,282.65,True,805.28,-4.94
2020-09,Leche líquida descremada y semidescremada,True,291.78,284.0,True,809.12,284.0,True,809.12,-7.77
2020-10,Leche líquida descremada y semidescremada,True,293.94,282.77,True,805.6,282.77,True,805.6,-11.17
2020-11,Leche líquida descremada y semidescremada,True,294.34,280.43,True,798.94,280.43,True,798.94,-13.92
2020-12,Leche líquida descremada y semidescremada,True,295.03,276.25,True,787.04,276.25,True,787.04,-18.78
2021-01,Leche líquida descremada y semidescremada,True,298.38,274.81,True,782.93,274.81,True,782.93,-23.57
2021-02,Leche líquida descremada y semidescremada,True,297.23,275.53,True,785.0,275.53,True,785.0,-21.7
2021-03,Leche líquida descremada y semidescremada,True,296.43,273.14,True,778.18,273.14,True,778.18,-23.29
2021-04,Leche líquida descremada y semidescremada,True,298.5,278.26,True,792.76,278.26,True,792.76,-20.24
2021-05,Leche líquida descremada y semidescremada,True,298.03,283.37,True,807.32,283.37,True,807.32,-14.66
2021-06,Leche líquida descremada y semidescremada,True,298.19,283.2,True,806.83,283.2,True,806.83,-14.99
2021-07,Leche líquida descremada y semidescremada,True,301.23,293.54,True,836.29,293.54,True,836.29,-7.69
2021-08,Leche líquida descremada y semidescremada,True,302.65,293.26,True,835.5,293.26,True,835.5,-9.39
2021-09,Leche líquida descremada y semidescremada,True,308.17,292.08,True,832.15,292.08,True,832.15,-16.08
2021-10,Leche líquida descremada y semidescremada,True,311.32,291.93,True,831.71,291.93,True,831.71,-19.39
2021-11,Leche líquida descremada y semidescremada,True,312.15,294.01,True,837.63,294.01,True,837.63,-18.14
2021-12,Leche líquida descremada y semidescremada,True,314.43,294.13,True,837.99,294.13,True,837.99,-20.29
2022-01,Leche líquida descremada y semidescremada,True,319.41,293.76,True,836.93,293.76,True,836.93,-25.65
2022-02,Leche líquida descremada y semidescremada,True,324.06,300.75,True,856.83,300.75,True,856.83,-23.32
2022-03,Leche líquida descremada y semidescremada,True,334.98,304.93,True,868.74,304.93,True,868.74,-30.06
2022-04,Leche líquida descremada y semidescremada,True,342.43,319.76,True,910.99,319.76,True,910.99,-22.68
2022-05,Leche líquida descremada y semidescremada,True,348.54,328.82,True,936.82,328.82,True,936.82,-19.72
2022-06,Leche líquida descremada y semidescremada,True,353.19,333.02,True,948.78,333.02,True,948.78,-20.16
2022-07,Leche líquida descremada y semidescremada,True,359.18,334.13,True,951.95,334.13,True,951.95,-25.05
2022-08,Leche líquida descremada y semidescremada,True,366.02,336.61,True,959.02,336.61,True,959.02,-29.41
2022-09,Leche líquida descremada y semidescremada,True,373.05,343.12,True,977.56,343.12,True,977.56,-29.93
2022-10,Leche líquida descremada y semidescremada,True,376.11,345.81,True,985.22,345.81,True,985.22,-30.3
2022-11,Leche líquida descremada y semidescremada,True,382.01,344.51,True,981.52,344.51,True,981.52,-37.5
2022-12,Leche líquida descremada y semidescremada,True,385.9,346.29,True,986.58,346.29,True,986.58,-39.61
2023-01,Leche líquida descremada y semidescremada,True,389.83,351.54,True,1001.55,351.54,True,1001.55,-38.29
2023-02,Leche líquida descremada y semidescremada,True,389.99,360.31,True,1026.53,360.31,True,1026.53,-29.67
2023-03,Leche líquida descremada y semidescremada,True,391.78,362.23,True,1032.0,362.23,True,1032.0,-29.55
2023-04,Leche líquida descremada y semidescremada,True,392.24,367.75,True,1047.73,367.75,True,1047.73,-24.48
2023-05,Leche líquida descremada y semidescremada,True,393.02,369.94,True,1053.97,369.94,True,1053.97,-23.08
2023-06,Leche líquida descremada y semidescremada,True,394.49,373.06,True,1062.85,373.06,True,1062.85,-21.43
2023-07,Leche líquida descremada y semidescremada,True,398.64,374.52,True,1067.02,374.52,True,1067.02,-24.11
2023-08,Leche líquida descremada y semidescremada,True,400.07,378.38,True,1078.0,378.38,True,1078.0,-21.7
2023-09,Leche líquida descremada y semidescremada,True,403.8,385.05,True,1097.02,385.05,True,1097.02,-18.74
2023-10,Leche líquida descremada y semidescremada,True,406.95,390.04,True,1111.23,390.04,True,1111.23,-16.91
2023-11,Leche líquida descremada y semidescremada,True,410.36,385.12,True,1097.2,385.12,True,1097.2,-25.24
2023-12,Leche líquida descremada y semidescremada,True,408.61,373.76,True,1064.85,373.76,True,1064.85,-34.85
2024-01,Leche líquida descremada y semidescremada,True,412.18,372.92,True,1062.44,372.92,True,1062.44,-39.26
2024-02,Leche líquida descremada y semidescremada,True,413.74,371.79,True,1059.23,371.79,True,1059.23,-41.95
2024-03,Leche líquida descremada y semidescremada,True,411.4,372.78,True,1062.05,372.78,True,1062.05,-38.62
2024-04,Leche líquida descremada y semidescremada,True,414.39,386.08,True,1099.93,386.08,True,1099.93,-28.32
2024-05,Leche líquida descremada y semidescremada,True,415.08,392.35,True,1117.81,392.35,True,1117.81,-22.73
2024-06,Leche líquida descremada y semidescremada,True,419.92,392.25,True,1117.52,392.25,True,1117.52,-27.67
2024-07,Leche líquida descremada y semidescremada,True,420.53,393.7,True,1121.65,393.7,True,1121.65,-26.83
2024-08,Leche líquida descremada y semidescremada,True,422.74,396.29,True,1129.04,396.29,True,1129.04,-26.45
2024-09,Leche líquida descremada y semidescremada,True,421.46,399.99,True,1139.58,399.99,True,1139.58,-21.47
2024-10,Leche líquida descremada y semidescremada,True,429.34,393.0,True,1119.66,393.0,True,1119.66,-36.34
2024-11,Leche líquida descremada y semidescremada,True,428.96,391.17,True,1114.43,391.17,True,1114.43,-37.8
2024-12,Leche líquida descremada y semidescremada,True,426.61,382.87,True,1090.81,382.87,True,1090.81,-43.74
2025-01,Leche líquida descremada y semidescremada,True,428.53,375.08,True,1068.6,375.08,True,1068.6,-53.45
2025-02,Leche líquida descremada y semidescremada,True,429.59,377.02,True,1074.13,377.02,True,1074.13,-52.57
2025-03,Leche líquida descremada y semidescremada,True,434.05,383.04,True,1091.29,383.04,True,1091.29,-51.01
2025-04,Leche líquida descremada y semidescremada,True,434.5,399.31,True,1137.63,399.31,True,1137.63,-35.19
2025-05,Leche líquida descremada y semidescremada,True,435.79,402.07,True,1145.5,402.07,True,1145.5,-33.72
2025-06,Leche líquida descremada y semidescremada,True,433.32,406.46,True,1158.0,406.46,True,1158.0,-26.86
2025-07,Leche líquida descremada y semidescremada,True,436.59,408.55,True,1163.96,408.55,True,1163.96,-28.04
2025-08,Leche líquida descremada y semidescremada,True,440.1,414.15,True,1179.93,414.15,True,1179.93,-25.95
2025-09,Leche líquida descremada y semidescremada,True,443.76,418.69,True,1192.85,418.69,True,1192.85,-25.07
2025-10,Leche líquida descremada y semidescremada,True,445.85,411.19,True,1171.48,411.19,True,1171.48,-34.66
2025-11,Leche líquida descremada y semidescremada,True,447.34,403.17,True,1148.63,403.17,True,1148.63,-44.17
2025-12,Leche líquida descremada y semidescremada,True,446.84,399.49,True,1138.14,399.49,True,1138.14,-47.35
2026-01,Leche líquida descremada y semidescremada,True,448.53,398.62,True,1135.66,398.62,True,1135.66,-49.91
2026-02,Leche líquida descremada y semidescremada,True,449.52,398.11,True,1134.21,398.11,True,1134.21,-51.41
2026-03,Leche líquida descremada y semidescremada,True,451.99,398.66,True,1135.78,398.66,True,1135.78,-53.33
2026-04,Leche líquida descremada y semidescremada,True,452.6,409.65,True,1167.08,409.65,True,1167.08,-42.96
2026-05,Leche líquida descremada y semidescremada,True,450.65,421.37,True,1200.47,421.37,True,1200.47,-29.29
2026-06,Leche líquida descremada y semidescremada,True,453.97,421.31,True,1200.31,421.31,True,1200.31,-32.66
2026-07,Leche líquida descremada y semidescremada,True,456.79,417.98,True,1190.84,417.98,True,1190.84,-38.8
2026-08,Leche líquida descremada y semidescremada,True,462.33,417.72,True,1190.07,417.72,True,1190.07,-44.62
2019-01,Leche en polvo,True,489.48,511.86,True,5331.92,511.86,True,5331.92,22.39
2019-02,Leche en polvo,True,488.51,504.85,True,5258.82,504.85,True,5258.82,16.33
2019-03,Leche en polvo,True,492.01,511.43,True,5327.4,511.43,True,5327.4,19.42
2019-04,Leche en polvo,True,493.98,503.91,True,5249.09,503.91,True,5249.09,9.94
2019-05,Leche en polvo,True,494.27,507.03,True,5281.52,507.03,True,5281.52,12.76
2019-06,Leche en polvo,True,496.19,507.3,True,5284.36,507.3,True,5284.36,11.11
2019-07,Leche en polvo,True,497.27,505.32,True,5263.73,505.32,True,5263.73,8.05
2019-08,Leche en polvo,True,500.05,509.77,True,5310.13,509.77,True,5310.13,9.72
2019-09,Leche en polvo,True,500.17,511.82,True,5331.43,511.82,True,5331.43,11.65
2019-10,Leche en polvo,True,503.88,516.34,True,5378.58,516.34,True,5378.58,12.46
2019-11,Leche en polvo,True,508.89,526.68,True,5486.21,526.68,True,5486.21,17.78
2019-12,Leche en polvo,True,507.36,525.86,True,5477.69,525.86,True,5477.69,18.5
2020-01,Leche en polvo,True,511.73,532.43,True,5546.16,532.43,True,5546.16,20.7
2020-02,Leche en polvo,True,515.35,529.03,True,5510.7,529.03,True,5510.7,13.67
2020-03,Leche en polvo,True,518.73,547.54,True,5703.5,547.54,True,5703.5,28.8
2020-04,Leche en polvo,True,522.67,553.65,True,5767.18,553.65,True,5767.18,30.98
2020-05,Leche en polvo,True,522.5,557.76,True,5809.96,557.76,True,5809.96,35.26
2020-06,Leche en polvo,True,523.85,577.75,True,6018.28,577.75,True,6018.28,53.9
2020-07,Leche en polvo,True,526.14,564.69,True,5882.22,564.69,True,5882.22,38.56
2020-08,Leche en polvo,True,527.11,565.42,True,5889.76,565.42,True,5889.76,38.3
2020-09,Leche en polvo,True,534.78,573.62,True,5975.16,573.62,True,5975.16,38.84
2020-10,Leche en polvo,True,538.74,577.77,True,6018.45,577.77,True,6018.45,39.04
2020-11,Leche en polvo,True,539.48,587.41,True,6118.84,587.41,True,6118.84,47.93
2020-12,Leche en polvo,True,540.74,586.6,True,6110.41,586.6,True,6110.41,45.86
2021-01,Leche en polvo,True,546.88,585.22,True,6096.01,585.22,True,6096.01,38.34
2021-02,Leche en polvo,True,544.78,578.2,True,6022.92,578.2,True,6022.92,33.43
2021-03,Leche en polvo,True,543.3,579.86,True,6040.18,579.86,True,6040.18,36.55
2021-04,Leche en polvo,True,547.1,573.81,True,5977.22,573.81,True,5977.22,26.71
2021-05,Leche en polvo,True,546.24,575.68,True,5996.64,575.68,True,5996.64,29.44
2021-06,Leche en polvo,True,546.53,577.39,True,6014.45,577.39,True,6014.45,30.86
2021-07,Leche en polvo,True,552.1,576.45,True,6004.64,576.45,True,6004.64,24.34
2021-08,Leche en polvo,True,554.71,584.27,True,6086.1,584.27,True,6086.1,29.55
2021-09,Leche en polvo,True,564.82,592.7,True,6173.98,592.7,True,6173.98,27.88
2021-10,Leche en polvo,True,570.59,596.45,True,6213.05,596.45,True,6213.05,25.86
2021-11,Leche en polvo,True,572.12,596.72,True,6215.83,596.72,True,6215.83,24.6
2021-12,Leche en polvo,True,576.29,597.58,True,6224.84,597.58,True,6224.84,21.29
2022-01,Leche en polvo,True,585.43,591.91,True,6165.73,591.91,True,6165.73,6.48
2022-02,Leche en polvo,True,593.96,593.82,True,6185.66,593.82,True,6185.66,-0.13
2022-03,Leche en polvo,True,613.97,617.58,True,6433.14,617.58,True,6433.14,3.61
2022-04,Leche en polvo,True,627.63,652.86,True,6800.66,652.86,True,6800.66,25.24
2022-05,Leche en polvo,True,638.82,680.39,True,7087.41,680.39,True,7087.41,41.57
2022-06,Leche en polvo,True,647.33,688.03,True,7167.02,688.03,True,7167.02,40.7
2022-07,Leche en polvo,True,658.32,710.88,True,7405.0,710.88,True,7405.0,52.56
2022-08,Leche en polvo,True,670.86,720.09,True,7500.92,720.09,True,7500.92,49.23
2022-09,Leche en polvo,True,683.75,772.6,True,8047.94,772.6,True,8047.94,88.86
2022-10,Leche en polvo,True,689.34,800.7,True,8340.58,800.7,True,8340.58,111.35
2022-11,Leche en polvo,True,700.16,816.61,True,8506.31,816.61,True,8506.31,116.44
2022-12,Leche en polvo,True,707.29,832.3,True,8669.84,832.3,True,8669.84,125.02
2023-01,Leche en polvo,True,714.49,878.72,True,9153.32,878.72,True,9153.32,164.23
2023-02,Leche en polvo,True,714.78,904.57,True,9422.58,904.57,True,9422.58,189.79
2023-03,Leche en polvo,True,718.07,920.38,True,9587.32,920.38,True,9587.32,202.31
2023-04,Leche en polvo,True,718.91,924.95,True,9634.85,924.95,True,9634.85,206.04
2023-05,Leche en polvo,True,720.34,910.76,True,9487.05,910.76,True,9487.05,190.42
2023-06,Leche en polvo,True,723.04,923.78,True,9622.74,923.78,True,9622.74,200.74
2023-07,Leche en polvo,True,730.64,940.18,True,9793.53,940.18,True,9793.53,209.54
2023-08,Leche en polvo,True,733.27,914.07,True,9521.55,914.07,True,9521.55,180.8
2023-09,Leche en polvo,True,740.09,878.43,True,9150.36,878.43,True,9150.36,138.34
2023-10,Leche en polvo,True,745.87,895.48,True,9327.88,895.48,True,9327.88,149.61
2023-11,Leche en polvo,True,752.13,889.71,True,9267.83,889.71,True,9267.83,137.59
2023-12,Leche en polvo,True,748.91,885.52,True,9224.12,885.52,True,9224.12,136.6
2024-01,Leche en polvo,True,755.46,914.16,True,9522.48,914.16,True,9522.48,158.7
2024-02,Leche en polvo,True,758.32,880.7,True,9173.98,880.7,True,9173.98,122.38
2024-03,Leche en polvo,True,754.03,896.82,True,9341.84,896.82,True,9341.84,142.78
2024-04,Leche en polvo,True,759.52,885.94,True,9228.52,885.94,True,9228.52,126.42
2024-05,Leche en polvo,True,760.78,899.39,True,9368.69,899.39,True,9368.69,138.62
2024-06,Leche en polvo,True,769.65,891.39,True,9285.3,891.39,True,9285.3,121.74
2024-07,Leche en polvo,True,770.76,871.49,True,9078.06,871.49,True,9078.06,100.73
2024-08,Leche en polvo,True,774.81,888.76,True,9257.91,888.76,True,9257.91,113.95
2024-09,Leche en polvo,True,772.47,882.98,True,9197.75,882.98,True,9197.75,110.52
2024-10,Leche en polvo,True,786.91,870.52,True,9067.88,870.52,True,9067.88,83.6
2024-11,Leche en polvo,True,786.22,858.94,True,8947.24,858.94,True,8947.24,72.72
2024-12,Leche en polvo,True,781.9,858.76,True,8945.4,858.76,True,8945.4,76.85
2025-01,Leche en polvo,True,785.43,856.25,True,8919.3,856.25,True,8919.3,70.82
2025-02,Leche en polvo,True,787.36,867.23,True,9033.6,867.23,True,9033.6,79.86
2025-03,Leche en polvo,True,795.54,871.75,True,9080.68,871.75,True,9080.68,76.2
2025-04,Leche en polvo,True,796.37,871.82,True,9081.43,871.82,True,9081.43,75.45
2025-05,Leche en polvo,True,798.72,862.07,True,8979.85,862.07,True,8979.85,63.34
2025-06,Leche en polvo,True,794.2,878.38,True,9149.78,878.38,True,9149.78,84.18
2025-07,Leche en polvo,True,800.19,878.25,True,9148.41,878.25,True,9148.41,78.06
2025-08,Leche en polvo,True,806.64,881.13,True,9178.43,881.13,True,9178.43,74.49
2025-09,Leche en polvo,True,813.33,875.03,True,9114.89,875.03,True,9114.89,61.7
2025-10,Leche en polvo,True,817.17,863.12,True,8990.87,863.12,True,8990.87,45.96
2025-11,Leche en polvo,True,819.9,854.14,True,8897.26,854.14,True,8897.26,34.23
2025-12,Leche en polvo,True,818.98,855.21,True,8908.46,855.21,True,8908.46,36.23
2026-01,Leche en polvo,True,822.07,865.34,True,9014.0,865.34,True,9014.0,43.27
2026-02,Leche en polvo,True,823.9,868.11,True,9042.83,868.11,True,9042.83,44.21
2026-03,Leche en polvo,True,828.42,869.32,True,9055.38,869.32,True,9055.38,40.9
2026-04,Leche en polvo,True,829.55,862.48,True,8984.2,862.48,True,8984.2,32.94
2026-05,Leche en polvo,True,825.98,867.02,True,9031.43,867.02,True,9031.43,41.04
2026-06,Leche en polvo,True,832.06,859.32,True,8951.24,859.32,True,8951.24,27.26
2026-07,Leche en polvo,True,837.22,873.19,True,9095.68,873.19,True,9095.68,35.97
2026-08,Leche en polvo,True,847.38,899.56,True,9370.44,899.56,True,9370.44,52.18
2019-01,Cremas de leche,False,161.83,161.83,False,,162.0,False,,0.0
2019-02,Cremas de leche,False,161.51,161.51,False,,161.83,False,,0.0
2019-03,Cremas de leche,False,162.67,162.67,False,,161.51,False,,0.0
2019-04,Cremas de leche,False,163.32,163.32,False,,162.67,False,,0.0
2019-05,Cremas de leche,False,163.41,163.41,False,,163.32,False,,0.0
2019-06,Cremas de leche,False,164.05,164.05,False,,163.41,False,,0.0
2019-07,Cremas de leche,False,164.41,164.41,False,,164.05,False,,0.0
2019-08,Cremas de leche,False,165.33,165.33,False,,164.41,False,,0.0
2019-09,Cremas de leche,False,165.36,165.36,False,,165.33,False,,0.0
2019-10,Cremas de leche,False,166.59,166.59,False,,165.36,False,,0.0
2019-11,Cremas de leche,False,168.25,168.25,False,,166.59,False,,0.0
2019-12,Cremas de leche,False,167.74,167.74,False,,168.25,False,,0.0
2020-01,Cremas de leche,False,169.19,169.19,False,,167.74,False,,0.0
2020-02,Cremas de leche,False,170.39,170.39,False,,169.19,False,,0.0
2020-03,Cremas de leche,False,171.5,171.5,False,,170.39,False,,0.0
2020-04,Cremas de leche,False,172.8,172.8,False,,171.5,False,,0.0
2020-05,Cremas de leche,False,172.75,172.75,False,,172.8,False,,0.0
2020-06,Cremas de leche,False,173.19,173.19,False,,172.75,False,,0.0
2020-07,Cremas de leche,False,173.95,173.95,False,,173.19,False,,0.0
2020-08,Cremas de leche,False,174.27,174.27,False,,173.95,False,,0.0
2020-09,Cremas de leche,False,176.81,176.81,False,,174.27,False,,0.0
2020-10,Cremas de leche,False,178.12,178.12,False,,176.81,False,,0.0
2020-11,Cremas de leche,False,178.36,178.36,False,,178.12,False,,0.0
2020-12,Cremas de leche,False,178.78,178.78,False,,178.36,False,,0.0
2021-01,Cremas de leche,False,180.81,180.81,False,,178.78,False,,0.0
2021-02,Cremas de leche,False,180.11,180.11,False,,180.81,False,,0.0
2021-03,Cremas de leche,False,179.63,179.63,False,,180.11,False,,0.0
2021-04,Cremas de leche,False,180.88,180.88,False,,179.63,False,,0.0
2021-05,Cremas de leche,False,180.6,180.6,False,,180.88,False,,0.0
2021-06,Cremas de leche,False,180.69,180.69,False,,180.6,False,,0.0
2021-07,Cremas de leche,False,182.54,182.54,False,,180.69,False,,0.0
2021-08,Cremas de leche,False,183.4,183.4,False,,182.54,False,,0.0
2021-09,Cremas de leche,False,186.74,186.74,False,,183.4,False,,0.0
2021-10,Cremas de leche,False,188.65,188.65,False,,186.74,False,,0.0
2021-11,Cremas de leche,False,189.15,189.15,False,,188.65,False,,0.0
2021-12,Cremas de leche,False,190.53,190.53,False,,189.15,False,,0.0
2022-01,Cremas de leche,False,193.55,193.55,False,,190.53,False,,0.0
2022-02,Cremas de leche,False,196.37,196.37,False,,193.55,False,,0.0
2022-03,Cremas de leche,False,202.99,202.99,False,,196.37,False,,0.0
2022-04,Cremas de leche,False,207.5,207.5,False,,202.99,False,,0.0
2022-05,Cremas de leche,False,211.21,211.21,False,,207.5,False,,0.0
2022-06,Cremas de leche,False,214.02,214.02,False,,211.21,False,,0.0
2022-07,Cremas de leche,False,217.65,217.65,False,,214.02,False,,0.0
2022-08,Cremas de leche,False,221.8,221.8,False,,217.65,False,,0.0
2022-09,Cremas de leche,False,226.06,226.06,False,,221.8,False,,0.0
2022-10,Cremas de leche,False,227.91,227.91,False,,226.06,False,,0.0
2022-11,Cremas de leche,False,231.49,231.49,False,,227.91,False,,0.0
2022-12,Cremas de leche,False,233.84,233.84,False,,231.49,False,,0.0
2023-01,Cremas de leche,False,236.22,236.22,False,,233.84,False,,0.0
2023-02,Cremas de leche,False,236.32,236.32,False,,236.22,False,,0.0
2023-03,Cremas de leche,False,237.41,237.41,False,,236.32,False,,0.0
2023-04,Cremas de leche,False,237.68,237.68,False,,237.41,False,,0.0
2023-05,Cremas de leche,False,238.16,238.16,False,,237.68,False,,0.0
2023-06,Cremas de leche,False,239.05,239.05,False,,238.16,False,,0.0
2023-07,Cremas de leche,False,241.56,241.56,False,,239.05,False,,0.0
2023-08,Cremas de leche,False,242.43,242.43,False,,241.56,False,,0.0
2023-09,Cremas de leche,False,244.69,244.69,False,,242.43,False,,0.0
2023-10,Cremas de leche,False,246.6,246.6,False,,244.69,False,,0.0
2023-11,Cremas de leche,False,248.67,248.67,False,,246.6,False,,0.0
2023-12,Cremas de leche,False,247.61,247.61,False,,248.67,False,,0.0
2024-01,Cremas de leche,False,249.77,249.77,False,,247.61,False,,0.0
2024-02,Cremas de leche,False,250.71,250.71,False,,249.77,False,,0.0
2024-03,Cremas de leche,False,249.3,249.3,False,,250.71,False,,0.0
2024-04,Cremas de leche,False,251.11,251.11,False,,249.3,False,,0.0
2024-05,Cremas de leche,False,251.53,251.53,False,,251.11,False,,0.0
2024-06,Cremas de leche,False,254.46,254.46,False,,251.53,False,,0.0
2024-07,Cremas de leche,False,254.83,254.83,False,,254.46,False,,0.0
2024-08,Cremas de leche,False,256.17,256.17,False,,254.83,False,,0.0
2024-09,Cremas de leche,False,255.39,255.39,False,,256.17,False,,0.0
2024-10,Cremas de leche,False,260.17,260.17,False,,255.39,False,,0.0
2024-11,Cremas de leche,False,259.94,259.94,False,,260.17,False,,0.0
2024-12,Cremas de leche,False,258.51,258.51,False,,259.94,False,,0.0
2025-01,Cremas de leche,False,259.68,259.68,False,,258.51,False,,0.0
2025-02,Cremas de leche,False,260.32,260.32,False,,259.68,False,,0.0
2025-03,Cremas de leche,False,263.02,263.02,False,,260.32,False,,0.0
2025-04,Cremas de leche,False,263.29,263.29,False,,263.02,False,,0.0
2025-05,Cremas de leche,False,264.07,264.07,False,,263.29,False,,0.0
2025-06,Cremas de leche,False,262.58,262.58,False,,264.07,False,,0.0
2025-07,Cremas de leche,False,264.56,264.56,False,,262.58,False,,0.0
2025-08,Cremas de leche,False,266.69,266.69,False,,264.56,False,,0.0
2025-09,Cremas de leche,False,268.9,268.9,False,,266.69,False,,0.0
2025-10,Cremas de leche,False,270.17,270.17,False,,268.9,False,,0.0
2025-11,Cremas de leche,False,271.08,271.08,False,,270.17,False,,0.0
2025-12,Cremas de leche,False,270.77,270.77,False,,271.08,False,,0.0
2026-01,Cremas de leche,False,271.79,271.79,False,,270.77,False,,0.0
2026-02,Cremas de leche,False,272.4,272.4,False,,271.79,False,,0.0
2026-03,Cremas de leche,False,273.89,273.89,False,,272.4,False,,0.0
2026-04,Cremas de leche,False,274.26,274.26,False,,273.89,False,,0.0
2026-05,Cremas de leche,False,273.08,273.08,False,,274.26,False,,0.0
2026-06,Cremas de leche,False,275.09,275.09,False,,273.08,False,,0.0
2026-07,Cremas de leche,False,276.8,276.8,False,,275.09,False,,0.0
2026-08,Cremas de leche,False,280.16,280.16,False,,276.8,False,,0.0
2019-01,Queso gouda,True,1152.74,1194.41,True,6526.83,1194.41,True,6526.83,41.67
2019-02,Queso gouda,True,1150.47,1186.87,True,6485.61,1186.87,True,6485.61,36.39
2019-03,Queso gouda,True,1158.7,1143.08,True,6246.37,1143.08,True,6246.37,-15.62
2019-04,Queso gouda,True,1163.34,1204.37,True,6581.27,1204.37,True,6581.27,41.03
2019-05,Queso gouda,True,1164.02,1203.09,True,6574.28,1203.09,True,6574.28,39.07
2019-06,Queso gouda,True,1168.55,1229.7,True,6719.67,1229.7,True,6719.67,61.15
2019-07,Queso gouda,True,1171.1,1239.55,True,6773.51,1239.55,True,6773.51,68.46
2019-08,Queso gouda,True,1177.65,1243.53,True,6795.23,1243.53,True,6795.23,65.88
2019-09,Queso gouda,True,1177.92,1274.67,True,6965.39,1274.67,True,6965.39,96.75
2019-10,Queso gouda,True,1186.67,1257.83,True,6873.39,1257.83,True,6873.39,71.16
2019-11,Queso gouda,True,1198.47,1287.86,True,7037.46,1287.86,True,7037.46,89.39
2019-12,Queso gouda,True,1194.86,1228.11,True,6710.97,1228.11,True,6710.97,33.25
2020-01,Queso gouda,True,1205.15,1279.88,True,6993.85,1279.88,True,6993.85,74.72
2020-02,Queso gouda,True,1213.68,1293.33,True,7067.38,1293.33,True,7067.38,79.65
2020-03,Queso gouda,True,1221.64,1313.36,True,7176.82,1313.36,True,7176.82,91.72
2020-04,Queso gouda,True,1230.91,1325.08,True,7240.86,1325.08,True,7240.86,94.17
2020-05,Queso gouda,True,1230.51,1344.6,True,7347.53,1344.6,True,7347.53,114.09
2020-06,Queso gouda,True,1233.69,1335.56,True,7298.16,1335.56,True,7298.16,101.87
2020-07,Queso gouda,True,1239.08,1334.68,True,7293.34,1334.68,True,7293.34,95.6
2020-08,Queso gouda,True,1241.38,1349.01,True,7371.65,1349.01,True,7371.65,107.63
2020-09,Queso gouda,True,1259.43,1334.04,True,7289.81,1334.04,True,7289.81,74.61
2020-10,Queso gouda,True,1268.75,1302.57,True,7117.85,1302.57,True,7117.85,33.82
2020-11,Queso gouda,True,1270.51,1324.95,True,7240.15,1324.95,True,7240.15,54.44
2020-12,Queso gouda,True,1273.48,1294.21,True,7072.19,1294.21,True,7072.19,20.73
2021-01,Queso gouda,True,1287.93,1341.55,True,7330.85,1341.55,True,7330.85,53.62
2021-02,Queso gouda,True,1282.97,1348.72,True,7370.06,1348.72,True,7370.06,65.75
2021-03,Queso gouda,True,1279.51,1334.07,True,7290.0,1334.07,True,7290.0,54.56
2021-04,Queso gouda,True,1288.45,1362.64,True,7446.11,1362.64,True,7446.11,74.19
2021-05,Queso gouda,True,1286.42,1352.2,True,7389.09,1352.2,True,7389.09,65.79
2021-06,Queso gouda,True,1287.1,1363.31,True,7449.76,1363.31,True,7449.76,76.21
2021-07,Queso gouda,True,1300.23,1382.95,True,7557.09,1382.95,True,7557.09,82.72
2021-08,Queso gouda,True,1306.37,1400.08,True,7650.69,1400.08,True,7650.69,93.71
2021-09,Queso gouda,True,1330.18,1410.04,True,7705.13,1410.04,True,7705.13,79.86
2021-10,Queso gouda,True,1343.77,1373.35,True,7504.63,1373.35,True,7504.63,29.58
2021-11,Queso gouda,True,1347.38,1385.75,True,7572.38,1385.75,True,7572.38,38.37
2021-12,Queso gouda,True,1357.19,1460.31,True,7979.83,1460.31,True,7979.83,103.12
2022-01,Queso gouda,True,1378.71,1430.18,True,7815.19,1430.18,True,7815.19,51.47
2022-02,Queso gouda,True,1398.79,1465.19,True,8006.51,1465.19,True,8006.51,66.4
2022-03,Queso gouda,True,1445.94,1505.17,True,8224.96,1505.17,True,8224.96,59.23
2022-04,Queso gouda,True,1478.09,1543.63,True,8435.11,1543.63,True,8435.11,65.54
2022-05,Queso gouda,True,1504.45,1655.98,True,9049.09,1655.98,True,9049.09,151.53
2022-06,Queso gouda,True,1524.5,1776.8,True,9709.31,1776.8,True,9709.31,252.31
2022-07,Queso gouda,True,1550.37,1737.89,True,9496.66,1737.89,True,9496.66,187.51
2022-08,Queso gouda,True,1579.91,1811.96,True,9901.41,1811.96,True,9901.41,232.05
2022-09,Queso gouda,True,1610.26,1851.71,True,10118.62,1851.71,True,10118.62,241.45
2022-10,Queso gouda,True,1623.44,1864.83,True,10190.35,1864.83,True,10190.35,241.39
2022-11,Queso gouda,True,1648.92,1887.7,True,10315.32,1887.7,True,10315.32,238.78
2022-12,Queso gouda,True,1665.7,2023.88,True,11059.46,2023.88,True,11059.46,358.18
2023-01,Queso gouda,True,1682.66,2114.02,True,11552.0,2114.02,True,11552.0,431.35
2023-02,Queso gouda,True,1683.34,2081.59,True,11374.79,2081.59,True,11374.79,398.24
2023-03,Queso gouda,True,1691.09,2097.0,True,11459.02,2097.0,True,11459.02,405.91
2023-04,Queso gouda,True,1693.06,2143.34,True,11712.26,2143.34,True,11712.26,450.28
2023-05,Queso gouda,True,1696.44,2090.36,True,11422.74,2090.36,True,11422.74,393.92
2023-06,Queso gouda,True,1702.79,1982.64,True,10834.08,1982.64,True,10834.08,279.84
2023-07,Queso gouda,True,1720.68,1991.28,True,10881.33,1991.28,True,10881.33,270.6
2023-08,Queso gouda,True,1726.88,2017.85,True,11026.48,2017.85,True,11026.48,290.96
2023-09,Queso gouda,True,1742.95,2012.76,True,10998.68,2012.76,True,10998.68,269.81
2023-10,Queso gouda,True,1756.56,2034.95,True,11119.96,2034.95,True,11119.96,278.4
2023-11,Queso gouda,True,1771.29,2012.98,True,10999.9,2012.98,True,10999.9,241.69
2023-12,Queso gouda,True,1763.73,1983.78,True,10840.35,1983.78,True,10840.35,220.05
2024-01,Queso gouda,True,1779.15,2007.58,True,10970.36,2007.58,True,10970.36,228.43
2024-02,Queso gouda,True,1785.88,1926.8,True,10528.97,1926.8,True,10528.97,140.92
2024-03,Queso gouda,True,1775.78,1981.71,True,10829.03,1981.71,True,10829.03,205.93
2024-04,Queso gouda,True,1788.7,2046.2,True,11181.4,2046.2,True,11181.4,257.5
2024-05,Queso gouda,True,1791.67,2091.38,True,11428.29,2091.38,True,11428.29,299.71
2024-06,Queso gouda,True,1812.56,2121.47,True,11592.73,2121.47,True,11592.73,308.91
2024-07,Queso gouda,True,1815.18,2099.69,True,11473.74,2099.69,True,11473.74,284.51
2024-08,Queso gouda,True,1824.72,2031.76,True,11102.53,2031.76,True,11102.53,207.04
2024-09,Queso gouda,True,1819.2,1969.94,True,10764.72,1969.94,True,10764.72,150.75
2024-10,Queso gouda,True,1853.22,1962.19,True,10722.32,1962.19,True,10722.32,108.96
2024-11,Queso gouda,True,1851.58,1980.88,True,10824.48,1980.88,True,10824.48,129.3
2024-12,Queso gouda,True,1841.42,1997.53,True,10915.45,1997.53,True,10915.45,156.11
2025-01,Queso gouda,True,1849.72,1969.34,True,10761.42,1969.34,True,10761.42,119.62
2025-02,Queso gouda,True,1854.28,1963.98,True,10732.15,1963.98,True,10732.15,109.71
2025-03,Queso gouda,True,1873.54,1993.96,True,10895.97,1993.96,True,10895.97,120.42
2025-04,Queso gouda,True,1875.48,2071.45,True,11319.37,2071.45,True,11319.37,195.96
2025-05,Queso gouda,True,1881.03,2125.7,True,11615.86,2125.7,True,11615.86,244.67
2025-06,Queso gouda,True,1870.38,2141.95,True,11704.64,2141.95,True,11704.64,271.57
2025-07,Queso gouda,True,1884.49,2137.54,True,11680.56,2137.54,True,11680.56,253.05
2025-08,Queso gouda,True,1899.67,2128.13,True,11629.14,2128.13,True,11629.14,228.46
2025-09,Queso gouda,True,1915.44,2104.56,True,11500.34,2104.56,True,11500.34,189.12
2025-10,Queso gouda,True,1924.46,2096.76,True,11457.73,2096.76,True,11457.73,172.3
2025-11,Queso gouda,True,1930.91,2059.26,True,11252.78,2059.26,True,11252.78,128.35
2025-12,Queso gouda,True,1928.73,2068.48,True,11303.16,2068.48,True,11303.16,139.75
2026-01,Queso gouda,True,1936.03,2101.51,True,11483.67,2101.51,True,11483.67,165.49
2026-02,Queso gouda,True,1940.33,2079.21,True,11361.82,2079.21,True,11361.82,138.89
2026-03,Queso gouda,True,1950.96,2097.68,True,11462.72,2097.68,True,11462.72,146.72
2026-04,Queso gouda,True,1953.62,2137.26,True,11678.99,2137.26,True,11678.99,183.64
2026-05,Queso gouda,True,1945.21,2191.03,True,11972.82,2191.03,True,11972.82,245.81
2026-06,Queso gouda,True,1959.54,2161.41,True,11811.0,2161.41,True,11811.0,201.87
2026-07,Queso gouda,True,1971.69,2117.57,True,11571.42,2117.57,True,11571.42,145.88
2026-08,Queso gouda,True,1995.62,2115.46,True,11559.87,2115.46,True,11559.87,119.84
2019-01,Queso chanco o mantecoso,True,483.1,503.79,True,7196.98,503.79,True,7196.98,20.69
2019-02,Queso chanco o mantecoso,True,482.15,517.61,True,7394.38,517.61,True,7394.38,35.46
2019-03,Queso chanco o mantecoso,True,485.6,498.4,True,7120.0,498.4,True,7120.0,12.8
2019-04,Queso chanco o mantecoso,True,487.54,518.79,True,7411.24,518.79,True,7411.24,31.25
2019-05,Queso chanco o mantecoso,True,487.83,526.84,True,7526.26,526.84,True,7526.26,39.01
2019-06,Queso chanco o mantecoso,True,489.72,529.14,True,7559.12,529.14,True,7559.12,39.42
2019-07,Queso chanco o mantecoso,True,490.79,543.39,True,7762.71,543.39,True,7762.71,52.6
2019-08,Queso chanco o mantecoso,True,493.54,543.73,True,7767.55,543.73,True,7767.55,50.19
2019-09,Queso chanco o mantecoso,True,493.65,549.49,True,7849.79,549.49,True,7849.79,55.83
2019-10,Queso chanco o mantecoso,True,497.32,543.43,True,7763.3,543.43,True,7763.3,46.11
2019-11,Queso chanco o mantecoso,True,502.26,553.22,True,7903.2,553.22,True,7903.2,50.96
2019-12,Queso chanco o mantecoso,True,500.75,557.88,True,7969.65,557.88,True,7969.65,57.12
2020-01,Queso chanco o mantecoso,True,505.06,566.63,True,8094.72,566.63,True,8094.72,61.57
2020-02,Queso chanco o mantecoso,True,508.64,571.06,True,8157.97,571.06,True,8157.97,62.42
2020-03,Queso chanco o mantecoso,True,511.97,569.14,True,8130.53,569.14,True,8130.53,57.16
2020-04,Queso chanco o mantecoso,True,515.86,565.11,True,8072.93,565.11,True,8072.93,49.25
2020-05,Queso chanco o mantecoso,True,515.69,584.06,True,8343.72,584.06,True,8343.72,68.37
2020-06,Queso chanco o mantecoso,True,517.02,581.2,True,8302.88,581.2,True,8302.88,64.18
2020-07,Queso chanco o mantecoso,True,519.28,586.95,True,8385.01,586.95,True,8385.01,67.67
2020-08,Queso chanco o mantecoso,True,520.25,599.1,True,8558.5,599.1,True,8558.5,78.85
2020-09,Queso chanco o mantecoso,True,527.81,599.62,True,8565.96,599.62,True,8565.96,71.81
2020-10,Queso chanco o mantecoso,True,531.72,590.52,True,8436.01,590.52,True,8436.01,58.8
2020-11,Queso chanco o mantecoso,True,532.45,604.54,True,8636.31,604.54,True,8636.31,72.09
2020-12,Queso chanco o mantecoso,True,533.7,600.05,True,8572.21,600.05,True,8572.21,66.36
2021-01,Queso chanco o mantecoso,True,539.75,593.07,True,8472.5,593.07,True,8472.5,53.32
2021-02,Queso chanco o mantecoso,True,537.68,609.59,True,8708.48,609.59,True,8708.48,71.92
2021-03,Queso chanco o mantecoso,True,536.23,598.16,True,8545.19,598.16,True,8545.19,61.94
2021-04,Queso chanco o mantecoso,True,539.97,606.05,True,8657.8,606.05,True,8657.8,66.07
2021-05,Queso chanco o mantecoso,True,539.12,611.52,True,8735.95,611.52,True,8735.95,72.4
2021-06,Queso chanco o mantecoso,True,539.41,627.24,True,8960.58,627.24,True,8960.58,87.84
2021-07,Queso chanco o mantecoso,True,544.91,631.22,True,9017.49,631.22,True,9017.49,86.32
2021-08,Queso chanco o mantecoso,True,547.48,628.36,True,8976.61,628.36,True,8976.61,80.88
2021-09,Queso chanco o mantecoso,True,557.46,629.55,True,8993.63,629.55,True,8993.63,72.09
2021-10,Queso chanco o mantecoso,True,563.16,633.28,True,9046.84,633.28,True,9046.84,70.12
2021-11,Queso chanco o mantecoso,True,564.67,643.42,True,9191.71,643.42,True,9191.71,78.75
2021-12,Queso chanco o mantecoso,True,568.78,645.04,True,9214.84,645.04,True,9214.84,76.26
2022-01,Queso chanco o mantecoso,True,577.8,656.66,True,9380.92,656.66,True,9380.92,78.87
2022-02,Queso chanco o mantecoso,True,586.22,673.73,True,9624.66,673.73,True,9624.66,87.51
2022-03,Queso chanco o mantecoso,True,605.97,705.33,True,10076.19,705.33,True,10076.19,99.36
2022-04,Queso chanco o mantecoso,True,619.45,733.78,True,10482.61,733.78,True,10482.61,114.33
2022-05,Queso chanco o mantecoso,True,630.5,771.84,True,11026.33,771.84,True,11026.33,141.35
2022-06,Queso chanco o mantecoso,True,638.9,792.58,True,11322.61,792.58,True,11322.61,153.69
2022-07,Queso chanco o mantecoso,True,649.74,810.07,True,11572.5,810.07,True,11572.5,160.33
2022-08,Queso chanco o mantecoso,True,662.12,826.5,True,11807.2,826.5,True,11807.2,164.38
2022-09,Queso chanco o mantecoso,True,674.84,848.96,True,12127.98,848.96,True,12127.98,174.12
2022-10,Queso chanco o mantecoso,True,680.36,860.79,True,12297.0,860.79,True,12297.0,180.43
2022-11,Queso chanco o mantecoso,True,691.04,863.77,True,12339.52,863.77,True,12339.52,172.72
2022-12,Queso chanco o mantecoso,True,698.07,876.05,True,12514.97,876.05,True,12514.97,177.97
2023-01,Queso chanco o mantecoso,True,705.18,899.44,True,12849.17,899.44,True,12849.17,194.26
2023-02,Queso chanco o mantecoso,True,705.47,882.13,True,12601.9,882.13,True,12601.9,176.67
2023-03,Queso chanco o mantecoso,True,708.71,896.3,True,12804.34,896.3,True,12804.34,187.59
2023-04,Queso chanco o mantecoso,True,709.54,897.89,True,12826.97,897.89,True,12826.97,188.35
2023-05,Queso chanco o mantecoso,True,710.96,894.23,True,12774.64,894.23,True,12774.64,183.27
2023-06,Queso chanco o mantecoso,True,713.62,891.17,True,12731.06,891.17,True,12731.06,177.56
2023-07,Queso chanco o mantecoso,True,721.12,871.39,True,12448.4,871.39,True,12448.4,150.27
2023-08,Queso chanco o mantecoso,True,723.71,881.65,True,12594.98,881.65,True,12594.98,157.93
2023-09,Queso chanco o mantecoso,True,730.45,899.15,True,12844.95,899.15,True,12844.95,168.7
2023-10,Queso chanco o mantecoso,True,736.15,905.55,True,12936.37,905.55,True,12936.37,169.4
2023-11,Queso chanco o mantecoso,True,742.33,892.88,True,12755.48,892.88,True,12755.48,150.56
2023-12,Queso chanco o mantecoso,True,739.16,888.18,True,12688.28,888.18,True,12688.28,149.02
2024-01,Queso chanco o mantecoso,True,745.62,907.31,True,12961.55,907.31,True,12961.55,161.69
2024-02,Queso chanco o mantecoso,True,748.44,896.17,True,12802.49,896.17,True,12802.49,147.74
2024-03,Queso chanco o mantecoso,True,744.21,903.0,True,12899.99,903.0,True,12899.99,158.79
2024-04,Queso chanco o mantecoso,True,749.62,909.62,True,12994.57,909.62,True,12994.57,160.0
2024-05,Queso chanco o mantecoso,True,750.87,917.61,True,13108.65,917.61,True,13108.65,166.74
2024-06,Queso chanco o mantecoso,True,759.62,908.72,True,12981.71,908.72,True,12981.71,149.1
2024-07,Queso chanco o mantecoso,True,760.72,904.39,True,12919.91,904.39,True,12919.91,143.67
2024-08,Queso chanco o mantecoso,True,764.72,908.31,True,12975.92,908.31,True,12975.92,143.6
2024-09,Queso chanco o mantecoso,True,762.4,896.25,True,12803.53,896.25,True,12803.53,133.84
2024-10,Queso chanco o mantecoso,True,776.66,886.86,True,12669.39,886.86,True,12669.39,110.2
2024-11,Queso chanco o mantecoso,True,775.97,890.51,True,12721.59,890.51,True,12721.59,114.54
2024-12,Queso chanco o mantecoso,True,771.72,894.07,True,12772.47,894.07,True,12772.47,122.36
2025-01,Queso chanco o mantecoso,True,775.19,908.41,True,12977.29,908.41,True,12977.29,133.22
2025-02,Queso chanco o mantecoso,True,777.1,916.47,True,13092.45,916.47,True,13092.45,139.37
2025-03,Queso chanco o mantecoso,True,785.18,913.13,True,13044.76,913.13,True,13044.76,127.95
2025-04,Queso chanco o mantecoso,True,785.99,927.89,True,13255.52,927.89,True,13255.52,141.89
2025-05,Queso chanco o mantecoso,True,788.32,938.86,True,13412.3,938.86,True,13412.3,150.55
2025-06,Queso chanco o mantecoso,True,783.85,940.29,True,13432.72,940.29,True,13432.72,156.44
2025-07,Queso chanco o mantecoso,True,789.77,943.28,True,13475.36,943.28,True,13475.36,153.51
2025-08,Queso chanco o mantecoso,True,796.13,953.24,True,13617.78,953.24,True,13617.78,157.12
2025-09,Queso chanco o mantecoso,True,802.74,957.4,True,13677.18,957.4,True,13677.18,154.67
2025-10,Queso chanco o mantecoso,True,806.52,933.12,True,13330.33,933.12,True,13330.33,126.6
2025-11,Queso chanco o mantecoso,True,809.22,933.11,True,13330.12,933.11,True,13330.12,123.89
2025-12,Queso chanco o mantecoso,True,808.31,930.07,True,13286.72,930.07,True,13286.72,121.76
2026-01,Queso chanco o mantecoso,True,811.36,944.53,True,13493.32,944.53,True,13493.32,133.17
2026-02,Queso chanco o mantecoso,True,813.17,937.53,True,13393.23,937.53,True,13393.23,124.36
2026-03,Queso chanco o mantecoso,True,817.62,940.32,True,13433.14,940.32,True,13433.14,122.7
2026-04,Queso chanco o mantecoso,True,818.74,945.8,True,13511.43,945.8,True,13511.43,127.06
2026-05,Queso chanco o mantecoso,True,815.21,957.71,True,13681.5,957.71,True,13681.5,142.49
2026-06,Queso chanco o mantecoso,True,821.22,934.46,True,13349.37,934.46,True,13349.37,113.24
2026-07,Queso chanco o mantecoso,True,826.31,953.45,True,13620.69,953.45,True,13620.69,127.14
2026-08,Queso chanco o mantecoso,True,836.34,980.07,True,14001.07,980.07,True,14001.07,143.74
2019-01,Quesos no identificados,True,388.23,419.85,True,6997.49,419.85,True,6997.49,31.62
2019-02,Quesos no identificados,True,387.47,426.59,True,7109.84,426.59,True,7109.84,39.12
2019-03,Quesos no identificados,True,390.24,410.79,True,6846.53,410.79,True,6846.53,20.55
2019-04,Quesos no identificados,True,391.8,429.33,True,7155.48,429.33,True,7155.48,37.53
2019-05,Quesos no identificados,True,392.03,433.61,True,7226.76,433.61,True,7226.76,41.57
2019-06,Quesos no identificados,True,393.56,438.05,True,7300.82,438.05,True,7300.82,44.49
2019-07,Quesos no identificados,True,394.41,447.07,True,7451.12,447.07,True,7451.12,52.65
2019-08,Quesos no identificados,True,396.62,447.73,True,7462.18,447.73,True,7462.18,51.11
2019-09,Quesos no identificados,True,396.71,454.62,True,7576.97,454.62,True,7576.97,57.91
2019-10,Quesos no identificados,True,399.66,449.28,True,7487.95,449.28,True,7487.95,49.62
2019-11,Quesos no identificados,True,403.63,458.25,True,7637.46,458.25,True,7637.46,54.61
2019-12,Quesos no identificados,True,402.42,453.57,True,7559.55,453.57,True,7559.55,51.15
2020-01,Quesos no identificados,True,405.88,464.66,True,7744.29,464.66,True,7744.29,58.77
2020-02,Quesos no identificados,True,408.76,468.71,True,7811.76,468.71,True,7811.76,59.95
2020-03,Quesos no identificados,True,411.44,470.06,True,7834.26,470.06,True,7834.26,58.62
2020-04,Quesos no identificados,True,414.56,469.22,True,7820.35,469.22,True,7820.35,54.66
2020-05,Quesos no identificados,True,414.42,482.0,True,8033.32,482.0,True,8033.32,67.58
2020-06,Quesos no identificados,True,415.5,479.35,True,7989.11,479.35,True,7989.11,63.85
2020-07,Quesos no identificados,True,417.31,482.4,True,8039.94,482.4,True,8039.94,65.08
2020-08,Quesos no identificados,True,418.09,490.77,True,8179.53,490.77,True,8179.53,72.69
2020-09,Quesos no identificados,True,424.16,489.23,True,8153.88,489.23,True,8153.88,65.07
2020-10,Quesos no identificados,True,427.3,480.43,True,8007.24,480.43,True,8007.24,53.13
2020-11,Quesos no identificados,True,427.9,490.79,True,8179.8,490.79,True,8179.8,62.89
2020-12,Quesos no identificados,True,428.9,484.55,True,8075.85,484.55,True,8075.85,55.66
2021-01,Quesos no identificados,True,433.76,486.58,True,8109.63,486.58,True,8109.63,52.82
2021-02,Quesos no identificados,True,432.09,496.45,True,8274.21,496.45,True,8274.21,64.36
2021-03,Quesos no identificados,True,430.93,488.45,True,8140.77,488.45,True,8140.77,57.52
2021-04,Quesos no identificados,True,433.94,496.22,True,8270.34,496.22,True,8270.34,62.28
2021-05,Quesos no identificados,True,433.25,497.92,True,8298.74,497.92,True,8298.74,64.67
2021-06,Quesos no identificados,True,433.48,507.81,True,8463.43,507.81,True,8463.43,74.32
2021-07,Quesos no identificados,True,437.91,512.39,True,8539.85,512.39,True,8539.85,74.49
2021-08,Quesos no identificados,True,439.97,512.94,True,8549.03,512.94,True,8549.03,72.97
2021-09,Quesos no identificados,True,447.99,514.8,True,8580.08,514.8,True,8580.08,66.81
2021-10,Quesos no identificados,True,452.57,512.31,True,8538.52,512.31,True,8538.52,59.74
2021-11,Quesos no identificados,True,453.78,519.32,True,8655.32,519.32,True,8655.32,65.54
2021-12,Quesos no identificados,True,457.09,529.36,True,8822.63,529.36,True,8822.63,72.27
2022-01,Quesos no identificados,True,464.34,531.99,True,8866.49,531.99,True,8866.49,67.65
2022-02,Quesos no identificados,True,471.1,545.55,True,9092.42,545.55,True,9092.42,74.44
2022-03,Quesos no identificados,True,486.98,567.55,True,9459.11,567.55,True,9459.11,80.57
2022-04,Quesos no identificados,True,497.81,587.63,True,9793.8,587.63,True,9793.8,89.82
2022-05,Quesos no identificados,True,506.69,622.18,True,10369.64,622.18,True,10369.64,115.49
2022-06,Quesos no identificados,True,513.44,648.32,True,10805.26,648.32,True,10805.26,134.88
2022-07,Quesos no identificados,True,522.15,652.98,True,10883.03,652.98,True,10883.03,130.83
2022-08,Quesos no identificados,True,532.1,671.05,True,11184.21,671.05,True,11184.21,138.95
2022-09,Quesos no identificados,True,542.32,688.11,True,11468.53,688.11,True,11468.53,145.79
2022-10,Quesos no identificados,True,546.76,696.13,True,11602.12,696.13,True,11602.12,149.37
2022-11,Quesos no identificados,True,555.34,700.57,True,11676.2,700.57,True,11676.2,145.23
2022-12,Quesos no identificados,True,560.99,723.81,True,12063.48,723.81,True,12063.48,162.82
2023-01,Quesos no identificados,True,566.71,747.42,True,12456.92,747.42,True,12456.92,180.71
2023-02,Quesos no identificados,True,566.94,734.0,True,12233.39,734.0,True,12233.39,167.07
2023-03,Quesos no identificados,True,569.54,743.67,True,12394.5,743.67,True,12394.5,174.13
2023-04,Quesos no identificados,True,570.21,749.99,True,12499.84,749.99,True,12499.84,179.78
2023-05,Quesos no identificados,True,571.35,741.74,True,12362.25,741.74,True,12362.25,170.39
2023-06,Quesos no identificados,True,573.49,727.11,True,12118.49,727.11,True,12118.49,153.62
2023-07,Quesos no identificados,True,579.51,717.35,True,11955.78,717.35,True,11955.78,137.84
2023-08,Quesos no identificados,True,581.6,726.17,True,12102.79,726.17,True,12102.79,144.57
2023-09,Quesos no identificados,True,587.01,735.13,True,12252.09,735.13,True,12252.09,148.12
2023-10,Quesos no identificados,True,591.59,741.31,True,12355.23,741.31,True,12355.23,149.72
2023-11,Quesos no identificados,True,596.56,731.73,True,12195.58,731.73,True,12195.58,135.18
2023-12,Quesos no identificados,True,594.01,725.62,True,12093.67,725.62,True,12093.67,131.61
2024-01,Quesos no identificados,True,599.2,738.93,True,12315.53,738.93,True,12315.53,139.73
2024-02,Quesos no identificados,True,601.47,722.91,True,12048.5,722.91,True,12048.5,121.44
2024-03,Quesos no identificados,True,598.07,733.41,True,12223.56,733.41,True,12223.56,135.35
2024-04,Quesos no identificados,True,602.42,744.9,True,12415.04,744.9,True,12415.04,142.48
2024-05,Quesos no identificados,True,603.42,754.73,True,12578.84,754.73,True,12578.84,151.31
2024-06,Quesos no identificados,True,610.45,753.43,True,12557.16,753.43,True,12557.16,142.98
2024-07,Quesos no identificados,True,611.34,748.46,True,12474.3,748.46,True,12474.3,137.12
2024-08,Quesos no identificados,True,614.55,742.44,True,12373.93,742.44,True,12373.93,127.88
2024-09,Quesos no identificados,True,612.69,728.31,True,12138.42,728.31,True,12138.42,115.62
2024-10,Quesos no identificados,True,624.15,722.26,True,12037.65,722.26,True,12037.65,98.11
2024-11,Quesos no identificados,True,623.6,726.53,True,12108.91,726.53,True,12108.91,102.94
2024-12,Quesos no identificados,True,620.17,730.51,True,12175.09,730.51,True,12175.09,110.33
2025-01,Quesos no identificados,True,622.97,734.81,True,12246.75,734.81,True,12246.75,111.84
2025-02,Quesos no identificados,True,624.5,738.47,True,12307.91,738.47,True,12307.91,113.97
2025-03,Quesos no identificados,True,630.99,740.41,True,12340.16,740.41,True,12340.16,109.42
2025-04,Quesos no identificados,True,631.65,757.93,True,12632.23,757.93,True,12632.23,126.29
2025-05,Quesos no identificados,True,633.51,770.51,True,12841.85,770.51,True,12841.85,137.0
2025-06,Quesos no identificados,True,629.93,773.25,True,12887.55,773.25,True,12887.55,143.32
2025-07,Quesos no identificados,True,634.68,774.36,True,12905.95,774.36,True,12905.95,139.68
2025-08,Quesos no identificados,True,639.79,778.66,True,12977.62,778.66,True,12977.62,138.86
2025-09,Quesos no identificados,True,645.1,778.03,True,12967.1,778.03,True,12967.1,132.92
2025-10,Quesos no identificados,True,648.14,763.87,True,12731.17,763.87,True,12731.17,115.73
2025-11,Quesos no identificados,True,650.31,759.28,True,12654.67,759.28,True,12654.67,108.97
2025-12,Quesos no identificados,True,649.58,758.76,True,12646.01,758.76,True,12646.01,109.18
2026-01,Quesos no identificados,True,652.04,770.67,True,12844.42,770.67,True,12844.42,118.63
2026-02,Quesos no identificados,True,653.49,764.13,True,12735.46,764.13,True,12735.46,110.64
2026-03,Quesos no identificados,True,657.07,767.9,True,12798.41,767.9,True,12798.41,110.84
2026-04,Quesos no identificados,True,657.96,775.7,True,12928.39,775.7,True,12928.39,117.74
2026-05,Quesos no identificados,True,655.13,788.7,True,13145.07,788.7,True,13145.07,133.57
2026-06,Quesos no identificados,True,659.96,772.38,True,12872.94,772.38,True,12872.94,112.42
2026-07,Quesos no identificados,True,664.05,777.48,True,12957.96,777.48,True,12957.96,113.43
2026-08,Quesos no identificados,True,672.11,791.62,True,13193.71,791.62,True,13193.71,119.52
2019-01,Yogur sin probióticos o lactobacilos (batido),True,881.7,543.26,True,1385.86,543.26,True,1385.86,-338.44
2019-02,Yogur sin probióticos o lactobacilos (batido),True,879.96,552.63,True,1409.77,552.63,True,1409.77,-327.33
2019-03,Yogur sin probióticos o lactobacilos (batido),True,886.26,556.63,True,1419.97,556.63,True,1419.97,-329.63
2019-04,Yogur sin probióticos o lactobacilos (batido),True,889.8,557.24,True,1421.53,557.24,True,1421.53,-332.56
2019-05,Yogur sin probióticos o lactobacilos (batido),True,890.32,568.02,True,1449.02,568.02,True,1449.02,-322.31
2019-06,Yogur sin probióticos o lactobacilos (batido),True,893.79,567.03,True,1446.52,567.03,True,1446.52,-326.75
2019-07,Yogur sin probióticos o lactobacilos (batido),True,895.74,566.22,True,1444.44,566.22,True,1444.44,-329.51
2019-08,Yogur sin probióticos o lactobacilos (batido),True,900.75,566.24,True,1444.5,566.24,True,1444.5,-334.5
2019-09,Yogur sin probióticos o lactobacilos (batido),True,900.95,570.14,True,1454.45,570.14,True,1454.45,-330.81
2019-10,Yogur sin probióticos o lactobacilos (batido),True,907.65,581.57,True,1483.6,581.57,True,1483.6,-326.08
2019-11,Yogur sin probióticos o lactobacilos (batido),True,916.67,580.98,True,1482.1,580.98,True,1482.1,-335.69
2019-12,Yogur sin probióticos o lactobacilos (batido),True,913.91,576.53,True,1470.74,576.53,True,1470.74,-337.38
2020-01,Yogur sin probióticos o lactobacilos (batido),True,921.78,585.32,True,1493.18,585.32,True,1493.18,-336.46
2020-02,Yogur sin probióticos o lactobacilos (batido),True,928.31,581.66,True,1483.82,581.66,True,1483.82,-346.65
2020-03,Yogur sin probióticos o lactobacilos (batido),True,934.4,593.35,True,1513.65,593.35,True,1513.65,-341.04
2020-04,Yogur sin probióticos o lactobacilos (batido),True,941.49,587.37,True,1498.4,587.37,True,1498.4,-354.11
2020-05,Yogur sin probióticos o lactobacilos (batido),True,941.18,594.07,True,1515.47,594.07,True,1515.47,-347.11
2020-06,Yogur sin probióticos o lactobacilos (batido),True,943.61,593.56,True,1514.18,593.56,True,1514.18,-350.06
2020-07,Yogur sin probióticos o lactobacilos (batido),True,947.73,593.51,True,1514.06,593.51,True,1514.06,-354.22
2020-08,Yogur sin probióticos o lactobacilos (batido),True,949.49,599.13,True,1528.39,599.13,True,1528.39,-350.36
2020-09,Yogur sin probióticos o lactobacilos (batido),True,963.3,600.38,True,1531.57,600.38,True,1531.57,-362.92
2020-10,Yogur sin probióticos o lactobacilos (batido),True,970.43,606.47,True,1547.12,606.47,True,1547.12,-363.95
2020-11,Yogur sin probióticos o lactobacilos (batido),True,971.77,603.71,True,1540.07,603.71,True,1540.07,-368.07
2020-12,Yogur sin probióticos o lactobacilos (batido),True,974.04,601.22,True,1533.71,601.22,True,1533.71,-372.83
2021-01,Yogur sin probióticos o lactobacilos (batido),True,985.09,601.58,True,1534.63,601.58,True,1534.63,-383.52
2021-02,Yogur sin probióticos o lactobacilos (batido),True,981.31,612.08,True,1561.42,612.08,True,1561.42,-369.23
2021-03,Yogur sin probióticos o lactobacilos (batido),True,978.66,612.91,True,1563.54,612.91,True,1563.54,-365.75
2021-04,Yogur sin probióticos o lactobacilos (batido),True,985.5,624.36,True,1592.77,624.36,True,1592.77,-361.13
2021-05,Yogur sin probióticos o lactobacilos (batido),True,983.94,629.52,True,1605.91,629.52,True,1605.91,-354.42
2021-06,Yogur sin probióticos o lactobacilos (batido),True,984.46,620.53,True,1582.99,620.53,True,1582.99,-363.93
2021-07,Yogur sin probióticos o lactobacilos (batido),True,994.5,629.98,True,1607.1,629.98,True,1607.1,-364.52
2021-08,Yogur sin probióticos o lactobacilos (batido),True,999.2,628.33,True,1602.88,628.33,True,1602.88,-370.87
2021-09,Yogur sin probióticos o lactobacilos (batido),True,1017.41,631.23,True,1610.27,631.23,True,1610.27,-386.19
2021-10,Yogur sin probióticos o lactobacilos (batido),True,1027.81,629.86,True,1606.77,629.86,True,1606.77,-397.95
2021-11,Yogur sin probióticos o lactobacilos (batido),True,1030.57,629.84,True,1606.74,629.84,True,1606.74,-400.72
2021-12,Yogur sin probióticos o lactobacilos (batido),True,1038.07,640.06,True,1632.8,640.06,True,1632.8,-398.01
2022-01,Yogur sin probióticos o lactobacilos (batido),True,1054.53,648.71,True,1654.86,648.71,True,1654.86,-405.83
2022-02,Yogur sin probióticos o lactobacilos (batido),True,1069.89,658.17,True,1679.01,658.17,True,1679.01,-411.72
2022-03,Yogur sin probióticos o lactobacilos (batido),True,1105.95,666.75,True,1700.9,666.75,True,1700.9,-439.2
2022-04,Yogur sin probióticos o lactobacilos (batido),True,1130.54,673.59,True,1718.34,673.59,True,1718.34,-456.96
2022-05,Yogur sin probióticos o lactobacilos (batido),True,1150.71,688.46,True,1756.29,688.46,True,1756.29,-462.24
2022-06,Yogur sin probióticos o lactobacilos (batido),True,1166.04,684.67,True,1746.61,684.67,True,1746.61,-481.37
2022-07,Yogur sin probióticos o lactobacilos (batido),True,1185.83,690.01,True,1760.24,690.01,True,1760.24,-495.82
2022-08,Yogur sin probióticos o lactobacilos (batido),True,1208.43,708.47,True,1807.32,708.47,True,1807.32,-499.96
2022-09,Yogur sin probióticos o lactobacilos (batido),True,1231.64,718.67,True,1833.34,718.67,True,1833.34,-512.96
2022-10,Yogur sin probióticos o lactobacilos (batido),True,1241.72,721.53,True,1840.63,721.53,True,1840.63,-520.19
2022-11,Yogur sin probióticos o lactobacilos (batido),True,1261.21,724.05,True,1847.07,724.05,True,1847.07,-537.16
2022-12,Yogur sin probióticos o lactobacilos (batido),True,1274.04,736.31,True,1878.35,736.31,True,1878.35,-537.73
2023-01,Yogur sin probióticos o lactobacilos (batido),True,1287.02,758.7,True,1935.45,758.7,True,1935.45,-528.32
2023-02,Yogur sin probióticos o lactobacilos (batido),True,1287.54,764.04,True,1949.08,764.04,True,1949.08,-523.5
2023-03,Yogur sin probióticos o lactobacilos (batido),True,1293.46,755.61,True,1927.57,755.61,True,1927.57,-537.86
2023-04,Yogur sin probióticos o lactobacilos (batido),True,1294.97,767.56,True,1958.05,767.56,True,1958.05,-527.41
2023-05,Yogur sin probióticos o lactobacilos (batido),True,1297.55,768.39,True,1960.17,768.39,True,1960.17,-529.17
2023-06,Yogur sin probióticos o lactobacilos (batido),True,1302.41,773.6,True,1973.46,773.6,True,1973.46,-528.82
2023-07,Yogur sin probióticos o lactobacilos (batido),True,1316.1,781.72,False,1994.19,776.49,False,1980.85,-534.37
2023-08,Yogur sin probióticos o lactobacilos (batido),True,1320.84,786.74,True,2006.98,781.47,True,1993.56,-534.1
2023-09,Yogur sin probióticos o lactobacilos (batido),True,1333.13,773.68,True,1973.66,768.5,True,1960.46,-559.45
2023-10,Yogur sin probióticos o lactobacilos (batido),True,1343.53,777.31,True,1982.94,772.11,True,1969.67,-566.22
2023-11,Yogur sin probióticos o lactobacilos (batido),True,1354.81,774.32,True,1975.31,769.14,True,1962.09,-580.49
2023-12,Yogur sin probióticos o lactobacilos (batido),True,1349.02,778.62,True,1986.27,773.41,True,1972.98,-570.4
2024-01,Yogur sin probióticos o lactobacilos (batido),True,1360.82,784.97,True,2002.49,779.72,True,1989.09,-575.84
2024-02,Yogur sin probióticos o lactobacilos (batido),True,1365.96,782.23,True,1995.5,777.0,True,1982.14,-583.73
2024-03,Yogur sin probióticos o lactobacilos (batido),True,1358.24,794.6,True,2027.04,789.28,True,2013.48,-563.64
2024-04,Yogur sin probióticos o lactobacilos (batido),True,1368.12,804.81,True,2053.08,799.42,True,2039.35,-563.31
2024-05,Yogur sin probióticos o lactobacilos (batido),True,1370.39,808.89,True,2063.5,803.48,True,2049.7,-561.5
2024-06,Yogur sin probióticos o lactobacilos (batido),True,1386.37,807.6,True,2060.2,802.19,True,2046.42,-578.77
2024-07,Yogur sin probióticos o lactobacilos (batido),True,1388.38,810.27,True,2067.02,804.85,True,2053.19,-578.11
2024-08,Yogur sin probióticos o lactobacilos (batido),True,1395.67,805.38,True,2054.54,799.99,True,2040.79,-590.3
2024-09,Yogur sin probióticos o lactobacilos (batido),True,1391.45,810.57,True,2067.78,805.15,True,2053.95,-580.88
2024-10,Yogur sin probióticos o lactobacilos (batido),True,1417.47,804.65,True,2052.67,799.26,True,2038.94,-612.82
2024-11,Yogur sin probióticos o lactobacilos (batido),True,1416.22,801.53,True,2044.73,796.17,True,2031.05,-614.69
2024-12,Yogur sin probióticos o lactobacilos (batido),True,1408.44,794.69,True,2027.28,789.38,True,2013.72,-613.75
2025-01,Yogur sin probióticos o lactobacilos (batido),True,1414.79,799.57,True,2039.73,794.22,True,2026.08,-615.22
2025-02,Yogur sin probióticos o lactobacilos (batido),True,1418.28,795.78,True,2030.06,790.46,True,2016.48,-622.49
2025-03,Yogur sin probióticos o lactobacilos (batido),True,1433.02,801.9,True,2045.66,796.54,True,2031.98,-631.11
2025-04,Yogur sin probióticos o lactobacilos (batido),True,1434.5,821.83,True,2096.51,816.33,True,2082.48,-612.67
2025-05,Yogur sin probióticos o lactobacilos (batido),True,1438.74,844.56,True,2154.48,838.91,True,2140.07,-594.18
2025-06,Yogur sin probióticos o lactobacilos (batido),True,1430.6,853.36,True,2176.94,847.65,True,2162.38,-577.24
2025-07,Yogur sin probióticos o lactobacilos (batido),True,1441.39,851.59,True,2172.42,845.89,True,2157.88,-589.8
2025-08,Yogur sin probióticos o lactobacilos (batido),True,1453.0,848.85,True,2165.43,843.17,True,2150.94,-604.15
2025-09,Yogur sin probióticos o lactobacilos (batido),True,1465.06,860.03,True,2193.96,854.28,True,2179.28,-605.03
2025-10,Yogur sin probióticos o lactobacilos (batido),True,1471.96,855.41,True,2182.17,849.69,True,2167.57,-616.55
2025-11,Yogur sin probióticos o lactobacilos (batido),True,1476.9,849.7,True,2167.59,844.01,True,2153.09,-627.2
2025-12,Yogur sin probióticos o lactobacilos (batido),True,1475.23,844.15,True,2153.45,838.5,True,2139.04,-631.07
2026-01,Yogur sin probióticos o lactobacilos (batido),True,1480.81,864.38,True,2205.04,858.59,True,2190.29,-616.43
2026-02,Yogur sin probióticos o lactobacilos (batido),True,1484.1,865.36,True,2207.55,859.57,True,2192.78,-618.74
2026-03,Yogur sin probióticos o lactobacilos (batido),True,1492.23,868.82,True,2216.38,863.01,True,2201.55,-623.41
2026-04,Yogur sin probióticos o lactobacilos (batido),True,1494.26,871.74,True,2223.83,865.91,True,2208.95,-622.52
2026-05,Yogur sin probióticos o lactobacilos (batido),True,1487.83,888.45,True,2266.45,882.5,True,2251.28,-599.39
2026-06,Yogur sin probióticos o lactobacilos (batido),True,1498.79,896.24,True,2286.34,890.25,True,2271.04,-602.55
2026-07,Yogur sin probióticos o lactobacilos (batido),True,1508.08,901.21,True,2299.0,895.18,True,2283.62,-606.87
2026-08,Yogur sin probióticos o lactobacilos (batido),True,1526.39,888.52,True,2266.62,882.57,True,2251.46,-637.87
2019-01,Postres y bebidas a base de leche sin probióticos o lactobacilos,False,255.1,255.1,False,,255.37,False,,0.0
2019-02,Postres y bebidas a base de leche sin probióticos o lactobacilos,False,254.6,254.6,False,,255.1,False,,0.0
2019-03,Postres y bebidas a base de leche sin probióticos o lactobacilos,False,256.42,256.42,False,,254.6,False,,0.0
2019-04,Postres y bebidas a base de leche sin probióticos o lactobacilos,False,257.45,257.45,False,,256.42,False,,0.0
2019-05,Postres y bebidas a base de leche sin probióticos o lactobacilos,False,257.6,257.6,False,,257.45,False,,0.0
2019-06,Postres y bebidas a base de leche sin probióticos o lactobacilos,False,258.6,258.6,False,,257.6,False,,0.0
2019-07,Postres y bebidas a base de leche sin probióticos o lactobacilos,False,259.16,259.16,False,,258.6,False,,0.0
2019-08,Postres y bebidas a base de leche sin probióticos o lactobacilos,False,260.61,260.61,False,,259.16,False,,0.0
2019-09,Postres y bebidas a base de leche sin probióticos o lactobacilos,False,260.67,260.67,False,,260.61,False,,0.0
2019-10,Postres y bebidas a base de leche sin probióticos o lactobacilos,False,262.61,262.61,False,,260.67,False,,0.0
2019-11,Postres y bebidas a base de leche sin probióticos o lactobacilos,False,265.22,265.22,False,,262.61,False,,0.0
2019-12,Postres y bebidas a base de leche sin probióticos o lactobacilos,False,264.42,264.42,False,,265.22,False,,0.0
2020-01,Postres y bebidas a base de leche sin probióticos o lactobacilos,False,266.7,266.7,False,,264.42,False,,0.0
2020-02,Postres y bebidas a base de leche sin probióticos o lactobacilos,False,268.59,268.59,False,,266.7,False,,0.0
2020-03,Postres y bebidas a base de leche sin probióticos o lactobacilos,False,270.35,270.35,False,,268.59,False,,0.0
2020-04,Postres y bebidas a base de leche sin probióticos o lactobacilos,False,272.4,272.4,False,,270.35,False,,0.0
2020-05,Postres y bebidas a base de leche sin probióticos o lactobacilos,False,272.31,272.31,False,,272.4,False,,0.0
2020-06,Postres y bebidas a base de leche sin probióticos o lactobacilos,False,273.02,273.02,False,,272.31,False,,0.0
2020-07,Postres y bebidas a base de leche sin probióticos o lactobacilos,False,274.21,274.21,False,,273.02,False,,0.0
2020-08,Postres y bebidas a base de leche sin probióticos o lactobacilos,False,274.72,274.72,False,,274.21,False,,0.0
2020-09,Postres y bebidas a base de leche sin probióticos o lactobacilos,False,278.71,278.71,False,,274.72,False,,0.0
2020-10,Postres y bebidas a base de leche sin probióticos o lactobacilos,False,280.77,280.77,False,,278.71,False,,0.0
2020-11,Postres y bebidas a base de leche sin probióticos o lactobacilos,False,281.16,281.16,False,,280.77,False,,0.0
2020-12,Postres y bebidas a base de leche sin probióticos o lactobacilos,False,281.82,281.82,False,,281.16,False,,0.0
2021-01,Postres y bebidas a base de leche sin probióticos o lactobacilos,False,285.02,285.02,False,,281.82,False,,0.0
2021-02,Postres y bebidas a base de leche sin probióticos o lactobacilos,False,283.92,283.92,False,,285.02,False,,0.0
2021-03,Postres y bebidas a base de leche sin probióticos o lactobacilos,False,283.16,283.16,False,,283.92,False,,0.0
2021-04,Postres y bebidas a base de leche sin probióticos o lactobacilos,False,285.13,285.13,False,,283.16,False,,0.0
2021-05,Postres y bebidas a base de leche sin probióticos o lactobacilos,False,284.68,284.68,False,,285.13,False,,0.0
2021-06,Postres y bebidas a base de leche sin probióticos o lactobacilos,False,284.83,284.83,False,,284.68,False,,0.0
2021-07,Postres y bebidas a base de leche sin probióticos o lactobacilos,False,287.74,287.74,False,,284.83,False,,0.0
2021-08,Postres y bebidas a base de leche sin probióticos o lactobacilos,False,289.1,289.1,False,,287.74,False,,0.0
2021-09,Postres y bebidas a base de leche sin probióticos o lactobacilos,False,294.37,294.37,False,,289.1,False,,0.0
2021-10,Postres y bebidas a base de leche sin probióticos o lactobacilos,False,297.38,297.38,False,,294.37,False,,0.0
2021-11,Postres y bebidas a base de leche sin probióticos o lactobacilos,False,298.17,298.17,False,,297.38,False,,0.0
2021-12,Postres y bebidas a base de leche sin probióticos o lactobacilos,False,300.35,300.35,False,,298.17,False,,0.0
2022-01,Postres y bebidas a base de leche sin probióticos o lactobacilos,False,305.11,305.11,False,,300.35,False,,0.0
2022-02,Postres y bebidas a base de leche sin probióticos o lactobacilos,False,309.55,309.55,False,,305.11,False,,0.0
2022-03,Postres y bebidas a base de leche sin probióticos o lactobacilos,False,319.99,319.99,False,,309.55,False,,0.0
2022-04,Postres y bebidas a base de leche sin probióticos o lactobacilos,False,327.1,327.1,False,,319.99,False,,0.0
2022-05,Postres y bebidas a base de leche sin probióticos o lactobacilos,False,332.94,332.94,False,,327.1,False,,0.0
2022-06,Postres y bebidas a base de leche sin probióticos o lactobacilos,False,337.37,337.37,False,,332.94,False,,0.0
2022-07,Postres y bebidas a base de leche sin probióticos o lactobacilos,False,343.1,343.1,False,,337.37,False,,0.0
2022-08,Postres y bebidas a base de leche sin probióticos o lactobacilos,False,349.63,349.63,False,,343.1,False,,0.0
2022-09,Postres y bebidas a base de leche sin probióticos o lactobacilos,False,356.35,356.35,False,,349.63,False,,0.0
2022-10,Postres y bebidas a base de leche sin probióticos o lactobacilos,False,359.27,359.27,False,,356.35,False,,0.0
2022-11,Postres y bebidas a base de leche sin probióticos o lactobacilos,False,364.91,364.91,False,,359.27,False,,0.0
2022-12,Postres y bebidas a base de leche sin probióticos o lactobacilos,False,368.62,368.62,False,,364.91,False,,0.0
2023-01,Postres y bebidas a base de leche sin probióticos o lactobacilos,False,372.37,372.37,False,,368.62,False,,0.0
2023-02,Postres y bebidas a base de leche sin probióticos o lactobacilos,False,372.52,372.52,False,,372.37,False,,0.0
2023-03,Postres y bebidas a base de leche sin probióticos o lactobacilos,False,374.24,374.24,False,,372.52,False,,0.0
2023-04,Postres y bebidas a base de leche sin probióticos o lactobacilos,False,374.67,374.67,False,,374.24,False,,0.0
2023-05,Postres y bebidas a base de leche sin probióticos o lactobacilos,False,375.42,375.42,False,,374.67,False,,0.0
2023-06,Postres y bebidas a base de leche sin probióticos o lactobacilos,False,376.83,376.83,False,,375.42,False,,0.0
2023-07,Postres y bebidas a base de leche sin probióticos o lactobacilos,False,380.79,380.79,False,,376.83,False,,0.0
2023-08,Postres y bebidas a base de leche sin probióticos o lactobacilos,False,382.16,382.16,False,,380.79,False,,0.0
2023-09,Postres y bebidas a base de leche sin probióticos o lactobacilos,False,385.71,385.71,False,,382.16,False,,0.0
2023-10,Postres y bebidas a base de leche sin probióticos o lactobacilos,False,388.73,388.73,False,,385.71,False,,0.0
2023-11,Postres y bebidas a base de leche sin probióticos o lactobacilos,False,391.99,391.99,False,,388.73,False,,0.0
2023-12,Postres y bebidas a base de leche sin probióticos o lactobacilos,False,390.31,390.31,False,,391.99,False,,0.0
2024-01,Postres y bebidas a base de leche sin probióticos o lactobacilos,False,393.73,393.73,False,,390.31,False,,0.0
2024-02,Postres y bebidas a base de leche sin probióticos o lactobacilos,False,395.22,395.22,False,,393.73,False,,0.0
2024-03,Postres y bebidas a base de leche sin probióticos o lactobacilos,False,392.98,392.98,False,,395.22,False,,0.0
2024-04,Postres y bebidas a base de leche sin probióticos o lactobacilos,False,395.84,395.84,False,,392.98,False,,0.0
2024-05,Postres y bebidas a base de leche sin probióticos o lactobacilos,False,396.5,396.5,False,,395.84,False,,0.0
2024-06,Postres y bebidas a base de leche sin probióticos o lactobacilos,False,401.12,401.12,False,,396.5,False,,0.0
2024-07,Postres y bebidas a base de leche sin probióticos o lactobacilos,False,401.7,401.7,False,,401.12,False,,0.0
2024-08,Postres y bebidas a base de leche sin probióticos o lactobacilos,False,403.81,403.81,False,,401.7,False,,0.0
2024-09,Postres y bebidas a base de leche sin probióticos o lactobacilos,False,402.59,402.59,False,,403.81,False,,0.0
2024-10,Postres y bebidas a base de leche sin probióticos o lactobacilos,False,410.12,410.12,False,,402.59,False,,0.0
2024-11,Postres y bebidas a base de leche sin probióticos o lactobacilos,False,409.76,409.76,False,,410.12,False,,0.0
2024-12,Postres y bebidas a base de leche sin probióticos o lactobacilos,False,407.51,407.51,False,,409.76,False,,0.0
2025-01,Postres y bebidas a base de leche sin probióticos o lactobacilos,False,409.34,409.34,False,,407.51,False,,0.0
2025-02,Postres y bebidas a base de leche sin probióticos o lactobacilos,False,410.35,410.35,False,,409.34,False,,0.0
2025-03,Postres y bebidas a base de leche sin probióticos o lactobacilos,False,414.62,414.62,False,,410.35,False,,0.0
2025-04,Postres y bebidas a base de leche sin probióticos o lactobacilos,False,415.05,415.05,False,,414.62,False,,0.0
2025-05,Postres y bebidas a base de leche sin probióticos o lactobacilos,False,416.27,416.27,False,,415.05,False,,0.0
2025-06,Postres y bebidas a base de leche sin probióticos o lactobacilos,False,413.92,413.92,False,,416.27,False,,0.0
2025-07,Postres y bebidas a base de leche sin probióticos o lactobacilos,False,417.04,417.04,False,,413.92,False,,0.0
2025-08,Postres y bebidas a base de leche sin probióticos o lactobacilos,False,420.4,420.4,False,,417.04,False,,0.0
2025-09,Postres y bebidas a base de leche sin probióticos o lactobacilos,False,423.89,423.89,False,,420.4,False,,0.0
2025-10,Postres y bebidas a base de leche sin probióticos o lactobacilos,False,425.88,425.88,False,,423.89,False,,0.0
2025-11,Postres y bebidas a base de leche sin probióticos o lactobacilos,False,427.31,427.31,False,,425.88,False,,0.0
2025-12,Postres y bebidas a base de leche sin probióticos o lactobacilos,False,426.83,426.83,False,,427.31,False,,0.0
2026-01,Postres y bebidas a base de leche sin probióticos o lactobacilos,False,428.44,428.44,False,,426.83,False,,0.0
2026-02,Postres y bebidas a base de leche sin probióticos o lactobacilos,False,429.39,429.39,False,,428.44,False,,0.0
2026-03,Postres y bebidas a base de leche sin probióticos o lactobacilos,False,431.75,431.75,False,,429.39,False,,0.0
2026-04,Postres y bebidas a base de leche sin probióticos o lactobacilos,False,432.34,432.34,False,,431.75,False,,0.0
2026-05,Postres y bebidas a base de leche sin probióticos o lactobacilos,False,430.48,430.48,False,,432.34,False,,0.0
2026-06,Postres y bebidas a base de leche sin probióticos o lactobacilos,False,433.65,433.65,False,,430.48,False,,0.0
2026-07,Postres y bebidas a base de leche sin probióticos o lactobacilos,False,436.34,436.34,False,,433.65,False,,0.0
2026-08,Postres y bebidas a base de leche sin probióticos o lactobacilos,False,441.63,441.63,False,,436.34,False,,0.0
2019-01,"Huevos de gallina, frescos y con cáscara",False,1812.02,1812.02,False,,1813.9,False,,0.0
2019-02,"Huevos de gallina, frescos y con cáscara",False,1808.45,1808.45,False,,1812.02,False,,0.0
2019-03,"Huevos de gallina, frescos y con cáscara",False,1821.39,1821.39,False,,1808.45,False,,0.0
2019-04,"Huevos de gallina, frescos y con cáscara",False,1828.68,1828.68,False,,1821.39,False,,0.0
2019-05,"Huevos de gallina, frescos y con cáscara",False,1829.75,1829.75,False,,1828.68,False,,0.0
2019-06,"Huevos de gallina, frescos y con cáscara",False,1836.87,1836.87,False,,1829.75,False,,0.0
2019-07,"Huevos de gallina, frescos y con cáscara",False,1840.87,1840.87,False,,1836.87,False,,0.0
2019-08,"Huevos de gallina, frescos y con cáscara",False,1851.17,1851.17,False,,1840.87,False,,0.0
2019-09,"Huevos de gallina, frescos y con cáscara",False,1851.6,1851.6,False,,1851.17,False,,0.0
2019-10,"Huevos de gallina, frescos y con cáscara",False,1865.36,1865.36,False,,1851.6,False,,0.0
2019-11,"Huevos de gallina, frescos y con cáscara",False,1883.9,1883.9,False,,1865.36,False,,0.0
2019-12,"Huevos de gallina, frescos y con cáscara",False,1878.23,1878.23,False,,1883.9,False,,0.0
2020-01,"Huevos de gallina, frescos y con cáscara",False,1894.4,1894.4,False,,1878.23,False,,0.0
2020-02,"Huevos de gallina, frescos y con cáscara",False,1907.82,1907.82,False,,1894.4,False,,0.0
2020-03,"Huevos de gallina, frescos y con cáscara",False,1920.33,1920.33,False,,1907.82,False,,0.0
2020-04,"Huevos de gallina, frescos y con cáscara",False,1934.9,1934.9,False,,1920.33,False,,0.0
2020-05,"Huevos de gallina, frescos y con cáscara",False,1934.26,1934.26,False,,1934.9,False,,0.0
2020-06,"Huevos de gallina, frescos y con cáscara",False,1939.27,1939.27,False,,1934.26,False,,0.0
2020-07,"Huevos de gallina, frescos y con cáscara",False,1947.74,1947.74,False,,1939.27,False,,0.0
2020-08,"Huevos de gallina, frescos y con cáscara",False,1951.35,1951.35,False,,1947.74,False,,0.0
2020-09,"Huevos de gallina, frescos y con cáscara",False,1979.73,1979.73,False,,1951.35,False,,0.0
2020-10,"Huevos de gallina, frescos y con cáscara",False,1994.38,1994.38,False,,1979.73,False,,0.0
2020-11,"Huevos de gallina, frescos y con cáscara",False,1997.14,1997.14,False,,1994.38,False,,0.0
2020-12,"Huevos de gallina, frescos y con cáscara",False,2001.81,2001.81,False,,1997.14,False,,0.0
2021-01,"Huevos de gallina, frescos y con cáscara",False,2024.52,2024.52,False,,2001.81,False,,0.0
2021-02,"Huevos de gallina, frescos y con cáscara",False,2016.73,2016.73,False,,2024.52,False,,0.0
2021-03,"Huevos de gallina, frescos y con cáscara",False,2011.29,2011.29,False,,2016.73,False,,0.0
2021-04,"Huevos de gallina, frescos y con cáscara",False,2025.35,2025.35,False,,2011.29,False,,0.0
2021-05,"Huevos de gallina, frescos y con cáscara",False,2022.15,2022.15,False,,2025.35,False,,0.0
2021-06,"Huevos de gallina, frescos y con cáscara",False,2023.22,2023.22,False,,2022.15,False,,0.0
2021-07,"Huevos de gallina, frescos y con cáscara",False,2043.86,2043.86,False,,2023.22,False,,0.0
2021-08,"Huevos de gallina, frescos y con cáscara",False,2053.51,2053.51,False,,2043.86,False,,0.0
2021-09,"Huevos de gallina, frescos y con cáscara",False,2090.94,2090.94,False,,2053.51,False,,0.0
2021-10,"Huevos de gallina, frescos y con cáscara",False,2112.3,2112.3,False,,2090.94,False,,0.0
2021-11,"Huevos de gallina, frescos y con cáscara",False,2117.97,2117.97,False,,2112.3,False,,0.0
2021-12,"Huevos de gallina, frescos y con cáscara",False,2133.4,2133.4,False,,2117.97,False,,0.0
2022-01,"Huevos de gallina, frescos y con cáscara",False,2167.22,2167.22,False,,2133.4,False,,0.0
2022-02,"Huevos de gallina, frescos y con cáscara",False,2198.8,2198.8,False,,2167.22,False,,0.0
2022-03,"Huevos de gallina, frescos y con cáscara",False,2272.9,2272.9,False,,2198.8,False,,0.0
2022-04,"Huevos de gallina, frescos y con cáscara",False,2323.44,2323.44,False,,2272.9,False,,0.0
2022-05,"Huevos de gallina, frescos y con cáscara",False,2364.88,2364.88,False,,2323.44,False,,0.0
2022-06,"Huevos de gallina, frescos y con cáscara",False,2396.39,2396.39,False,,2364.88,False,,0.0
2022-07,"Huevos de gallina, frescos y con cáscara",False,2437.07,2437.07,False,,2396.39,False,,0.0
2022-08,"Huevos de gallina, frescos y con cáscara",False,2483.5,2483.5,False,,2437.07,False,,0.0
2022-09,"Huevos de gallina, frescos y con cáscara",False,2531.2,2531.2,False,,2483.5,False,,0.0
2022-10,"Huevos de gallina, frescos y con cáscara",False,2551.92,2551.92,False,,2531.2,False,,0.0
2022-11,"Huevos de gallina, frescos y con cáscara",False,2591.98,2591.98,False,,2551.92,False,,0.0
2022-12,"Huevos de gallina, frescos y con cáscara",False,2618.35,2618.35,False,,2591.98,False,,0.0
2023-01,"Huevos de gallina, frescos y con cáscara",False,2645.01,2645.01,False,,2618.35,False,,0.0
2023-02,"Huevos de gallina, frescos y con cáscara",False,2646.09,2646.09,False,,2645.01,False,,0.0
2023-03,"Huevos de gallina, frescos y con cáscara",False,2658.26,2658.26,False,,2646.09,False,,0.0
2023-04,"Huevos de gallina, frescos y con cáscara",False,2661.36,2661.36,False,,2658.26,False,,0.0
2023-05,"Huevos de gallina, frescos y con cáscara",False,2666.67,2666.67,False,,2661.36,False,,0.0
2023-06,"Huevos de gallina, frescos y con cáscara",False,2676.66,2676.66,False,,2666.67,False,,0.0
2023-07,"Huevos de gallina, frescos y con cáscara",False,2704.78,2704.78,False,,2676.66,False,,0.0
2023-08,"Huevos de gallina, frescos y con cáscara",False,2714.53,2714.53,False,,2704.78,False,,0.0
2023-09,"Huevos de gallina, frescos y con cáscara",False,2739.78,2739.78,False,,2714.53,False,,0.0
2023-10,"Huevos de gallina, frescos y con cáscara",False,2761.17,2761.17,False,,2739.78,False,,0.0
2023-11,"Huevos de gallina, frescos y con cáscara",False,2784.34,2784.34,False,,2761.17,False,,0.0
2023-12,"Huevos de gallina, frescos y con cáscara",False,2772.45,2772.45,False,,2784.34,False,,0.0
2024-01,"Huevos de gallina, frescos y con cáscara",False,2796.68,2796.68,False,,2772.45,False,,0.0
2024-02,"Huevos de gallina, frescos y con cáscara",False,2807.26,2807.26,False,,2796.68,False,,0.0
2024-03,"Huevos de gallina, frescos y con cáscara",False,2791.39,2791.39,False,,2807.26,False,,0.0
2024-04,"Huevos de gallina, frescos y con cáscara",False,2811.7,2811.7,False,,2791.39,False,,0.0
2024-05,"Huevos de gallina, frescos y con cáscara",False,2816.36,2816.36,False,,2811.7,False,,0.0
2024-06,"Huevos de gallina, frescos y con cáscara",False,2849.2,2849.2,False,,2816.36,False,,0.0
2024-07,"Huevos de gallina, frescos y con cáscara",False,2853.33,2853.33,False,,2849.2,False,,0.0
2024-08,"Huevos de gallina, frescos y con cáscara",False,2868.33,2868.33,False,,2853.33,False,,0.0
2024-09,"Huevos de gallina, frescos y con cáscara",False,2859.64,2859.64,False,,2868.33,False,,0.0
2024-10,"Huevos de gallina, frescos y con cáscara",False,2913.12,2913.12,False,,2859.64,False,,0.0
2024-11,"Huevos de gallina, frescos y con cáscara",False,2910.55,2910.55,False,,2913.12,False,,0.0
2024-12,"Huevos de gallina, frescos y con cáscara",False,2894.57,2894.57,False,,2910.55,False,,0.0
2025-01,"Huevos de gallina, frescos y con cáscara",False,2907.62,2907.62,False,,2894.57,False,,0.0
2025-02,"Huevos de gallina, frescos y con cáscara",False,2914.78,2914.78,False,,2907.62,False,,0.0
2025-03,"Huevos de gallina, frescos y con cáscara",False,2945.07,2945.07,False,,2914.78,False,,0.0
2025-04,"Huevos de gallina, frescos y con cáscara",False,2948.12,2948.12,False,,2945.07,False,,0.0
2025-05,"Huevos de gallina, frescos y con cáscara",False,2956.83,2956.83,False,,2948.12,False,,0.0
2025-06,"Huevos de gallina, frescos y con cáscara",False,2940.1,2940.1,False,,2956.83,False,,0.0
2025-07,"Huevos de gallina, frescos y con cáscara",False,2962.27,2962.27,False,,2940.1,False,,0.0
2025-08,"Huevos de gallina, frescos y con cáscara",False,2986.14,2986.14,False,,2962.27,False,,0.0
2025-09,"Huevos de gallina, frescos y con cáscara",False,3010.93,3010.93,False,,2986.14,False,,0.0
2025-10,"Huevos de gallina, frescos y con cáscara",False,3025.11,3025.11,False,,3010.93,False,,0.0
2025-11,"Huevos de gallina, frescos y con cáscara",False,3035.25,3035.25,False,,3025.11,False,,0.0
2025-12,"Huevos de gallina, frescos y con cáscara",False,3031.82,3031.82,False,,3035.25,False,,0.0
2026-01,"Huevos de gallina, frescos y con cáscara",False,3043.28,3043.28,False,,3031.82,False,,0.0
2026-02,"Huevos de gallina, frescos y con cáscara",False,3050.04,3050.04,False,,3043.28,False,,0.0
2026-03,"Huevos de gallina, frescos y con cáscara",False,3066.76,3066.76,False,,3050.04,False,,0.0
2026-04,"Huevos de gallina, frescos y con cáscara",False,3070.94,3070.94,False,,3066.76,False,,0.0
2026-05,"Huevos de gallina, frescos y con cáscara",False,3057.72,3057.72,False,,3070.94,False,,0.0
2026-06,"Huevos de gallina, frescos y con cáscara",False,3080.25,3080.25,False,,3057.72,False,,0.0
2026-07,"Huevos de gallina, frescos y con cáscara",False,3099.34,3099.34,False,,3080.25,False,,0.0
2026-08,"Huevos de gallina, frescos y con cáscara",False,3136.96,3136.96,False,,3099.34,False,,0.0
2019-01,"Aceites vegetales, de fruta o semillas",True,1246.81,1040.98,True,1462.05,1040.98,True,1462.05,-205.83
2019-02,"Aceites vegetales, de fruta o semillas",True,1244.36,1035.5,True,1454.36,1035.5,True,1454.36,-208.85
2019-03,"Aceites vegetales, de fruta o semillas",True,1253.26,1034.97,True,1453.61,1034.97,True,1453.61,-218.29
2019-04,"Aceites vegetales, de fruta o semillas",True,1258.27,1036.57,True,1455.86,1036.57,True,1455.86,-221.7
2019-05,"Aceites vegetales, de fruta o semillas",True,1259.01,1032.93,True,1450.75,1032.93,True,1450.75,-226.08
2019-06,"Aceites vegetales, de fruta o semillas",True,1263.91,1051.92,True,1477.41,1051.92,True,1477.41,-211.99
2019-07,"Aceites vegetales, de fruta o semillas",True,1266.66,1043.63,True,1465.77,1043.63,True,1465.77,-223.04
2019-08,"Aceites vegetales, de fruta o semillas",True,1273.75,1043.75,True,1465.94,1043.75,True,1465.94,-230.0
2019-09,"Aceites vegetales, de fruta o semillas",True,1274.04,1040.09,True,1460.8,1040.09,True,1460.8,-233.96
2019-10,"Aceites vegetales, de fruta o semillas",True,1283.51,1056.47,True,1483.81,1056.47,True,1483.81,-227.04
2019-11,"Aceites vegetales, de fruta o semillas",True,1296.27,1045.49,True,1468.39,1045.49,True,1468.39,-250.78
2019-12,"Aceites vegetales, de fruta o semillas",True,1292.37,1038.56,True,1458.65,1038.56,True,1458.65,-253.81
2020-01,"Aceites vegetales, de fruta o semillas",True,1303.5,1072.99,True,1507.01,1072.99,True,1507.01,-230.5
2020-02,"Aceites vegetales, de fruta o semillas",True,1312.73,1061.0,True,1490.16,1061.0,True,1490.16,-251.73
2020-03,"Aceites vegetales, de fruta o semillas",True,1321.33,1095.74,True,1538.96,1095.74,True,1538.96,-225.59
2020-04,"Aceites vegetales, de fruta o semillas",True,1331.36,1121.98,True,1575.81,1121.98,True,1575.81,-209.38
2020-05,"Aceites vegetales, de fruta o semillas",True,1330.92,1156.53,True,1624.34,1156.53,True,1624.34,-174.39
2020-06,"Aceites vegetales, de fruta o semillas",True,1334.37,1141.95,True,1603.87,1141.95,True,1603.87,-192.41
2020-07,"Aceites vegetales, de fruta o semillas",True,1340.19,1158.09,True,1626.52,1158.09,True,1626.52,-182.11
2020-08,"Aceites vegetales, de fruta o semillas",True,1342.68,1141.29,True,1602.93,1141.29,True,1602.93,-201.39
2020-09,"Aceites vegetales, de fruta o semillas",True,1362.2,1151.97,True,1617.93,1151.97,True,1617.93,-210.24
2020-10,"Aceites vegetales, de fruta o semillas",True,1372.28,1154.6,True,1621.63,1154.6,True,1621.63,-217.69
2020-11,"Aceites vegetales, de fruta o semillas",True,1374.19,1157.09,True,1625.13,1157.09,True,1625.13,-217.1
2020-12,"Aceites vegetales, de fruta o semillas",True,1377.4,1147.12,True,1611.13,1147.12,True,1611.13,-230.27
2021-01,"Aceites vegetales, de fruta o semillas",True,1393.03,1155.67,True,1623.14,1155.67,True,1623.14,-237.35
2021-02,"Aceites vegetales, de fruta o semillas",True,1387.67,1170.4,True,1643.82,1170.4,True,1643.82,-217.27
2021-03,"Aceites vegetales, de fruta o semillas",True,1383.92,1177.58,True,1653.9,1177.58,True,1653.9,-206.34
2021-04,"Aceites vegetales, de fruta o semillas",True,1393.6,1178.86,True,1655.71,1178.86,True,1655.71,-214.73
2021-05,"Aceites vegetales, de fruta o semillas",True,1391.4,1221.24,True,1715.23,1221.24,True,1715.23,-170.16
2021-06,"Aceites vegetales, de fruta o semillas",True,1392.13,1259.62,True,1769.13,1259.62,True,1769.13,-132.51
2021-07,"Aceites vegetales, de fruta o semillas",True,1406.33,1295.08,True,1818.94,1295.08,True,1818.94,-111.25
2021-08,"Aceites vegetales, de fruta o semillas",True,1412.98,1335.46,True,1875.64,1335.46,True,1875.64,-77.52
2021-09,"Aceites vegetales, de fruta o semillas",True,1438.73,1351.77,True,1898.55,1351.77,True,1898.55,-86.96
2021-10,"Aceites vegetales, de fruta o semillas",True,1453.43,1358.96,True,1908.65,1358.96,True,1908.65,-94.47
2021-11,"Aceites vegetales, de fruta o semillas",True,1457.33,1378.22,True,1935.7,1378.22,True,1935.7,-79.11
2021-12,"Aceites vegetales, de fruta o semillas",True,1467.94,1425.52,True,2002.14,1425.52,True,2002.14,-42.42
2022-01,"Aceites vegetales, de fruta o semillas",True,1491.22,1512.35,True,2124.09,1512.35,True,2124.09,21.13
2022-02,"Aceites vegetales, de fruta o semillas",True,1512.94,1590.81,True,2234.28,1590.81,True,2234.28,77.87
2022-03,"Aceites vegetales, de fruta o semillas",True,1563.93,1856.06,True,2606.82,1856.06,True,2606.82,292.13
2022-04,"Aceites vegetales, de fruta o semillas",True,1598.71,2401.79,True,3373.3,2401.79,True,3373.3,803.08
2022-05,"Aceites vegetales, de fruta o semillas",True,1627.22,2347.55,True,3297.12,2347.55,True,3297.12,720.33
2022-06,"Aceites vegetales, de fruta o semillas",True,1648.9,2412.74,True,3388.69,2412.74,True,3388.69,763.84
2022-07,"Aceites vegetales, de fruta o semillas",True,1676.89,2451.0,True,3442.42,2451.0,True,3442.42,774.11
2022-08,"Aceites vegetales, de fruta o semillas",True,1708.84,2447.57,True,3437.6,2447.57,True,3437.6,738.73
2022-09,"Aceites vegetales, de fruta o semillas",True,1741.66,2460.34,True,3455.54,2460.34,True,3455.54,718.68
2022-10,"Aceites vegetales, de fruta o semillas",True,1755.92,2464.5,True,3461.38,2464.5,True,3461.38,708.58
2022-11,"Aceites vegetales, de fruta o semillas",True,1783.48,2431.55,True,3415.1,2431.55,True,3415.1,648.07
2022-12,"Aceites vegetales, de fruta o semillas",True,1801.63,2399.11,True,3369.54,2399.11,True,3369.54,597.48
2023-01,"Aceites vegetales, de fruta o semillas",True,1819.97,2401.96,True,3373.54,2401.96,True,3373.54,581.99
2023-02,"Aceites vegetales, de fruta o semillas",True,1820.71,2349.83,True,3300.33,2349.83,True,3300.33,529.12
2023-03,"Aceites vegetales, de fruta o semillas",True,1829.09,2284.4,True,3208.43,2284.4,True,3208.43,455.31
2023-04,"Aceites vegetales, de fruta o semillas",True,1831.22,2248.04,True,3157.36,2248.04,True,3157.36,416.82
2023-05,"Aceites vegetales, de fruta o semillas",True,1834.88,2206.78,True,3099.41,2206.78,True,3099.41,371.9
2023-06,"Aceites vegetales, de fruta o semillas",True,1841.75,2137.85,True,3002.6,2137.85,True,3002.6,296.11
2023-07,"Aceites vegetales, de fruta o semillas",True,1861.1,2160.32,False,3034.15,2145.86,False,3013.85,299.22
2023-08,"Aceites vegetales, de fruta o semillas",True,1867.81,2077.96,True,2918.49,2064.06,True,2898.96,210.16
2023-09,"Aceites vegetales, de fruta o semillas",True,1885.18,2078.49,True,2919.23,2064.59,True,2899.7,193.31
2023-10,"Aceites vegetales, de fruta o semillas",True,1899.9,2032.55,True,2854.71,2018.95,True,2835.61,132.65
2023-11,"Aceites vegetales, de fruta o semillas",True,1915.84,1994.62,True,2801.44,1981.28,True,2782.69,78.78
2023-12,"Aceites vegetales, de fruta o semillas",True,1907.66,2000.02,True,2809.02,1986.64,True,2790.23,92.36
2024-01,"Aceites vegetales, de fruta o semillas",True,1924.34,2058.91,True,2891.73,2045.14,True,2872.39,134.58
2024-02,"Aceites vegetales, de fruta o semillas",True,1931.61,2009.82,True,2822.78,1996.37,True,2803.89,78.2
2024-03,"Aceites vegetales, de fruta o semillas",True,1920.7,2008.43,True,2820.83,1994.99,True,2801.96,87.74
2024-04,"Aceites vegetales, de fruta o semillas",True,1934.67,2034.51,True,2857.46,2020.9,True,2838.34,99.85
2024-05,"Aceites vegetales, de fruta o semillas",True,1937.88,1995.6,True,2802.81,1982.25,True,2784.06,57.73
2024-06,"Aceites vegetales, de fruta o semillas",True,1960.47,2000.27,True,2809.37,1986.89,True,2790.58,39.8
2024-07,"Aceites vegetales, de fruta o semillas",True,1963.31,1983.58,True,2785.93,1970.31,True,2767.29,20.27
2024-08,"Aceites vegetales, de fruta o semillas",True,1973.63,1963.0,True,2757.02,1949.86,True,2738.57,-10.63
2024-09,"Aceites vegetales, de fruta o semillas",True,1967.65,1970.32,True,2767.3,1957.14,True,2748.79,2.67
2024-10,"Aceites vegetales, de fruta o semillas",True,2004.45,1984.72,True,2787.53,1971.44,True,2768.88,-19.73
2024-11,"Aceites vegetales, de fruta o semillas",True,2002.68,1941.27,True,2726.5,1928.28,True,2708.26,-61.41
2024-12,"Aceites vegetales, de fruta o semillas",True,1991.69,1966.3,True,2761.65,1953.14,True,2743.18,-25.39
2025-01,"Aceites vegetales, de fruta o semillas",True,2000.67,2052.5,True,2882.73,2038.77,True,2863.44,51.84
2025-02,"Aceites vegetales, de fruta o semillas",True,2005.59,2090.25,True,2935.74,2076.26,True,2916.1,84.65
2025-03,"Aceites vegetales, de fruta o semillas",True,2026.43,2083.9,True,2926.83,2069.96,True,2907.24,57.47
2025-04,"Aceites vegetales, de fruta o semillas",True,2028.53,2133.44,True,2996.4,2119.16,True,2976.35,104.9
2025-05,"Aceites vegetales, de fruta o semillas",True,2034.53,2045.52,True,2872.92,2031.83,True,2853.7,10.99
2025-06,"Aceites vegetales, de fruta o semillas",True,2023.01,2052.84,True,2883.2,2039.1,True,2863.91,29.82
2025-07,"Aceites vegetales, de fruta o semillas",True,2038.27,2076.8,True,2916.85,2062.9,True,2897.34,38.53
2025-08,"Aceites vegetales, de fruta o semillas",True,2054.69,2092.43,True,2938.81,2078.43,True,2919.15,37.74
2025-09,"Aceites vegetales, de fruta o semillas",True,2071.75,2116.54,True,2972.67,2102.38,True,2952.78,44.79
2025-10,"Aceites vegetales, de fruta o semillas",True,2081.51,2040.55,True,2865.94,2026.9,True,2846.77,-40.96
2025-11,"Aceites vegetales, de fruta o semillas",True,2088.49,1982.89,True,2784.96,1969.63,True,2766.33,-105.59
2025-12,"Aceites vegetales, de fruta o semillas",True,2086.13,1935.57,True,2718.5,1922.62,True,2700.31,-150.55
2026-01,"Aceites vegetales, de fruta o semillas",True,2094.01,2078.81,True,2919.68,2064.9,True,2900.14,-15.2
2026-02,"Aceites vegetales, de fruta o semillas",True,2098.67,2019.53,True,2836.41,2006.01,True,2817.43,-79.14
2026-03,"Aceites vegetales, de fruta o semillas",True,2110.17,2015.28,True,2830.45,2001.8,True,2811.51,-94.89
2026-04,"Aceites vegetales, de fruta o semillas",True,2113.04,2073.05,True,2911.59,2059.18,True,2892.11,-39.99
2026-05,"Aceites vegetales, de fruta o semillas",True,2103.95,2117.04,True,2973.38,2102.88,True,2953.48,13.09
2026-06,"Aceites vegetales, de fruta o semillas",True,2119.45,2043.09,True,2869.51,2029.42,True,2850.31,-76.36
2026-07,"Aceites vegetales, de fruta o semillas",True,2132.59,1973.15,True,2771.27,1959.95,True,2752.73,-159.44
2026-08,"Aceites vegetales, de fruta o semillas",True,2158.47,1996.12,True,2803.54,1982.77,True,2784.79,-162.35
2019-01,Mantequillas,True,552.46,602.69,True,7440.57,602.69,True,7440.57,50.23
2019-02,Mantequillas,True,551.37,604.77,True,7466.33,604.77,True,7466.33,53.41
2019-03,Mantequillas,True,555.31,602.52,True,7438.46,602.52,True,7438.46,47.2
2019-04,Mantequillas,True,557.53,609.94,True,7530.16,609.94,True,7530.16,52.41
2019-05,Mantequillas,True,557.86,607.14,True,7495.52,607.14,True,7495.52,49.28
2019-06,Mantequillas,True,560.03,605.39,True,7473.97,605.39,True,7473.97,45.36
2019-07,Mantequillas,True,561.25,609.75,True,7527.83,609.75,True,7527.83,48.5
2019-08,Mantequillas,True,564.39,606.47,True,7487.24,606.47,True,7487.24,42.07
2019-09,Mantequillas,True,564.52,609.64,True,7526.41,609.64,True,7526.41,45.12
2019-10,Mantequillas,True,568.72,607.17,True,7495.87,607.17,True,7495.87,38.45
2019-11,Mantequillas,True,574.37,608.69,True,7514.64,608.69,True,7514.64,34.32
2019-12,Mantequillas,True,572.64,614.1,True,7581.45,614.1,True,7581.45,41.46
2020-01,Mantequillas,True,577.57,614.67,True,7588.46,614.67,True,7588.46,37.09
2020-02,Mantequillas,True,581.66,616.73,True,7613.91,616.73,True,7613.91,35.07
2020-03,Mantequillas,True,585.48,623.39,True,7696.15,623.39,True,7696.15,37.91
2020-04,Mantequillas,True,589.92,628.12,True,7754.58,628.12,True,7754.58,38.2
2020-05,Mantequillas,True,589.72,646.94,True,7986.93,646.94,True,7986.93,57.22
2020-06,Mantequillas,True,591.25,654.18,True,8076.26,654.18,True,8076.26,62.93
2020-07,Mantequillas,True,593.83,655.93,True,8097.9,655.93,True,8097.9,62.1
2020-08,Mantequillas,True,594.93,653.15,True,8063.55,653.15,True,8063.55,58.21
2020-09,Mantequillas,True,603.59,653.68,True,8070.09,653.68,True,8070.09,50.09
2020-10,Mantequillas,True,608.05,655.62,True,8094.06,655.62,True,8094.06,47.57
2020-11,Mantequillas,True,608.9,655.21,True,8088.97,655.21,True,8088.97,46.31
2020-12,Mantequillas,True,610.32,654.93,True,8085.56,654.93,True,8085.56,44.61
2021-01,Mantequillas,True,617.24,642.78,True,7935.53,642.78,True,7935.53,25.54
2021-02,Mantequillas,True,614.87,644.39,True,7955.46,644.39,True,7955.46,29.52
2021-03,Mantequillas,True,613.21,640.38,True,7905.92,640.38,True,7905.92,27.17
2021-04,Mantequillas,True,617.5,657.15,True,8112.99,657.15,True,8112.99,39.66
2021-05,Mantequillas,True,616.52,656.24,True,8101.74,656.24,True,8101.74,39.72
2021-06,Mantequillas,True,616.85,659.55,True,8142.57,659.55,True,8142.57,42.7
2021-07,Mantequillas,True,623.14,670.01,True,8271.77,670.01,True,8271.77,46.88
2021-08,Mantequillas,True,626.08,669.64,True,8267.18,669.64,True,8267.18,43.56
2021-09,Mantequillas,True,637.49,664.9,True,8208.62,664.9,True,8208.62,27.4
2021-10,Mantequillas,True,644.01,665.33,True,8214.0,665.33,True,8214.0,21.33
2021-11,Mantequillas,True,645.73,663.33,True,8189.31,663.33,True,8189.31,17.6
2021-12,Mantequillas,True,650.44,667.88,True,8245.41,667.88,True,8245.41,17.44
2022-01,Mantequillas,True,660.75,670.63,True,8279.36,670.63,True,8279.36,9.88
2022-02,Mantequillas,True,670.38,675.19,True,8335.62,675.19,True,8335.62,4.81
2022-03,Mantequillas,True,692.97,717.06,True,8852.58,717.06,True,8852.58,24.09
2022-04,Mantequillas,True,708.38,732.99,True,9049.26,732.99,True,9049.26,24.61
2022-05,Mantequillas,True,721.01,750.43,True,9264.62,750.43,True,9264.62,29.42
2022-06,Mantequillas,True,730.62,764.06,True,9432.88,764.06,True,9432.88,33.44
2022-07,Mantequillas,True,743.02,770.39,True,9511.04,770.39,True,9511.04,27.37
2022-08,Mantequillas,True,757.18,790.72,True,9761.94,790.72,True,9761.94,33.54
2022-09,Mantequillas,True,771.72,803.04,True,9914.04,803.04,True,9914.04,31.32
2022-10,Mantequillas,True,778.04,812.42,True,10029.93,812.42,True,10029.93,34.39
2022-11,Mantequillas,True,790.25,809.7,True,9996.26,809.7,True,9996.26,19.45
2022-12,Mantequillas,True,798.29,836.93,True,10332.41,836.93,True,10332.41,38.63
2023-01,Mantequillas,True,806.42,855.02,True,10555.83,855.02,True,10555.83,48.6
2023-02,Mantequillas,True,806.75,867.17,True,10705.75,867.17,True,10705.75,60.42
2023-03,Mantequillas,True,810.46,862.61,True,10649.52,862.61,True,10649.52,52.15
2023-04,Mantequillas,True,811.4,866.75,True,10700.56,866.75,True,10700.56,55.34
2023-05,Mantequillas,True,813.02,879.11,True,10853.17,879.11,True,10853.17,66.08
2023-06,Mantequillas,True,816.07,885.77,True,10935.46,885.77,True,10935.46,69.7
2023-07,Mantequillas,True,824.64,927.33,True,11448.55,927.33,True,11448.55,102.69
2023-08,Mantequillas,True,827.61,947.46,True,11697.06,947.46,True,11697.06,119.85
2023-09,Mantequillas,True,835.31,941.41,True,11622.4,941.41,True,11622.4,106.1
2023-10,Mantequillas,True,841.84,962.23,True,11879.38,962.23,True,11879.38,120.39
2023-11,Mantequillas,True,848.9,944.74,True,11663.51,944.74,True,11663.51,95.85
2023-12,Mantequillas,True,845.27,949.34,True,11720.24,949.34,True,11720.24,104.07
2024-01,Mantequillas,True,852.66,951.74,True,11749.89,951.74,True,11749.89,99.08
2024-02,Mantequillas,True,855.89,943.48,True,11647.94,943.48,True,11647.94,87.6
2024-03,Mantequillas,True,851.05,950.39,True,11733.16,950.39,True,11733.16,99.34
2024-04,Mantequillas,True,857.24,955.23,True,11792.92,955.23,True,11792.92,97.99
2024-05,Mantequillas,True,858.66,955.64,True,11798.02,955.64,True,11798.02,96.98
2024-06,Mantequillas,True,868.67,956.88,True,11813.39,956.88,True,11813.39,88.21
2024-07,Mantequillas,True,869.93,971.97,True,11999.67,971.97,True,11999.67,102.04
2024-08,Mantequillas,True,874.5,962.85,True,11887.03,962.85,True,11887.03,88.34
2024-09,Mantequillas,True,871.86,967.53,True,11944.8,967.53,True,11944.8,95.67
2024-10,Mantequillas,True,888.16,969.36,True,11967.35,969.36,True,11967.35,81.19
2024-11,Mantequillas,True,887.38,961.33,True,11868.29,961.33,True,11868.29,73.95
2024-12,Mantequillas,True,882.51,962.26,True,11879.73,962.26,True,11879.73,79.75
2025-01,Mantequillas,True,886.48,982.51,True,12129.81,982.51,True,12129.81,96.03
2025-02,Mantequillas,True,888.67,978.83,True,12084.29,978.83,True,12084.29,90.16
2025-03,Mantequillas,True,897.9,971.01,True,11987.73,971.01,True,11987.73,73.1
2025-04,Mantequillas,True,898.83,991.75,True,12243.78,991.75,True,12243.78,92.91
2025-05,Mantequillas,True,901.49,997.2,True,12311.13,997.2,True,12311.13,95.71
2025-06,Mantequillas,True,896.39,1013.69,True,12514.73,1013.69,True,12514.73,117.31
2025-07,Mantequillas,True,903.15,998.79,True,12330.77,998.79,True,12330.77,95.64
2025-08,Mantequillas,True,910.42,974.9,True,12035.74,974.9,True,12035.74,64.47
2025-09,Mantequillas,True,917.98,987.08,True,12186.15,987.08,True,12186.15,69.1
2025-10,Mantequillas,True,922.31,975.21,True,12039.6,975.21,True,12039.6,52.9
2025-11,Mantequillas,True,925.4,969.11,True,11964.31,969.11,True,11964.31,43.71
2025-12,Mantequillas,True,924.35,990.37,True,12226.82,990.37,True,12226.82,66.02
2026-01,Mantequillas,True,927.85,980.72,True,12107.61,980.72,True,12107.61,52.87
2026-02,Mantequillas,True,929.91,986.31,True,12176.72,986.31,True,12176.72,56.41
2026-03,Mantequillas,True,935.0,977.72,True,12070.61,977.72,True,12070.61,42.71
2026-04,Mantequillas,True,936.28,979.27,True,12089.73,979.27,True,12089.73,42.99
2026-05,Mantequillas,True,932.25,992.49,True,12252.93,992.49,True,12252.93,60.24
2026-06,Mantequillas,True,939.12,974.92,True,12036.04,974.92,True,12036.04,35.8
2026-07,Mantequillas,True,944.94,998.01,True,12321.17,998.01,True,12321.17,53.08
2026-08,Mantequillas,True,956.41,1001.25,True,12361.15,1001.25,True,12361.15,44.85
2019-01,Margarinas y preparaciones similares,True,324.46,260.27,True,2478.71,260.27,True,2478.71,-64.19
2019-02,Margarinas y preparaciones similares,True,323.82,271.97,True,2590.14,271.97,True,2590.14,-51.85
2019-03,Margarinas y preparaciones similares,True,326.14,258.65,True,2463.32,258.65,True,2463.32,-67.49
2019-04,Margarinas y preparaciones similares,True,327.44,270.75,True,2578.62,270.75,True,2578.62,-56.69
2019-05,Margarinas y preparaciones similares,True,327.63,280.84,True,2674.66,280.84,True,2674.66,-46.79
2019-06,Margarinas y preparaciones similares,True,328.91,279.88,True,2665.51,279.88,True,2665.51,-49.03
2019-07,Margarinas y preparaciones similares,True,329.62,275.89,True,2627.48,275.89,True,2627.48,-53.74
2019-08,Margarinas y preparaciones similares,True,331.47,279.24,True,2659.43,279.24,True,2659.43,-52.23
2019-09,Margarinas y preparaciones similares,True,331.54,280.08,True,2667.47,280.08,True,2667.47,-51.46
2019-10,Margarinas y preparaciones similares,True,334.01,277.08,True,2638.89,277.08,True,2638.89,-56.93
2019-11,Margarinas y preparaciones similares,True,337.33,272.56,True,2595.84,272.56,True,2595.84,-64.77
2019-12,Margarinas y preparaciones similares,True,336.31,281.01,True,2676.28,281.01,True,2676.28,-55.3
2020-01,Margarinas y preparaciones similares,True,339.21,290.17,True,2763.57,290.17,True,2763.57,-49.03
2020-02,Margarinas y preparaciones similares,True,341.61,289.7,True,2759.01,289.7,True,2759.01,-51.91
2020-03,Margarinas y preparaciones similares,True,343.85,291.44,True,2775.66,291.44,True,2775.66,-52.41
2020-04,Margarinas y preparaciones similares,True,346.46,293.32,True,2793.49,293.32,True,2793.49,-53.14
2020-05,Margarinas y preparaciones similares,True,346.35,299.18,True,2849.35,299.18,True,2849.35,-47.16
2020-06,Margarinas y preparaciones similares,True,347.24,300.52,True,2862.09,300.52,True,2862.09,-46.72
2020-07,Margarinas y preparaciones similares,True,348.76,308.33,True,2936.51,308.33,True,2936.51,-40.43
2020-08,Margarinas y preparaciones similares,True,349.41,309.36,True,2946.27,309.36,True,2946.27,-40.05
2020-09,Margarinas y preparaciones similares,True,354.49,308.84,True,2941.3,308.84,True,2941.3,-45.65
2020-10,Margarinas y preparaciones similares,True,357.11,313.09,True,2981.83,313.09,True,2981.83,-44.02
2020-11,Margarinas y preparaciones similares,True,357.61,310.18,True,2954.1,310.18,True,2954.1,-47.42
2020-12,Margarinas y preparaciones similares,True,358.44,308.51,True,2938.16,308.51,True,2938.16,-49.93
2021-01,Margarinas y preparaciones similares,True,362.51,307.59,True,2929.46,307.59,True,2929.46,-54.91
2021-02,Margarinas y preparaciones similares,True,361.11,309.54,True,2947.97,309.54,True,2947.97,-51.58
2021-03,Margarinas y preparaciones similares,True,360.14,300.43,True,2861.23,300.43,True,2861.23,-59.71
2021-04,Margarinas y preparaciones similares,True,362.66,303.7,True,2892.4,303.7,True,2892.4,-58.95
2021-05,Margarinas y preparaciones similares,True,362.08,305.7,True,2911.43,305.7,True,2911.43,-56.38
2021-06,Margarinas y preparaciones similares,True,362.27,301.25,True,2869.07,301.25,True,2869.07,-61.02
2021-07,Margarinas y preparaciones similares,True,365.97,309.24,True,2945.15,309.24,True,2945.15,-56.73
2021-08,Margarinas y preparaciones similares,True,367.7,314.82,True,2998.26,314.82,True,2998.26,-52.88
2021-09,Margarinas y preparaciones similares,True,374.4,306.63,True,2920.25,306.63,True,2920.25,-67.77
2021-10,Margarinas y preparaciones similares,True,378.23,308.31,True,2936.32,308.31,True,2936.32,-69.91
2021-11,Margarinas y preparaciones similares,True,379.24,312.0,True,2971.42,312.0,True,2971.42,-67.24
2021-12,Margarinas y preparaciones similares,True,382.0,322.8,True,3074.32,322.8,True,3074.32,-59.2
2022-01,Margarinas y preparaciones similares,True,388.06,328.66,True,3130.12,328.66,True,3130.12,-59.4
2022-02,Margarinas y preparaciones similares,True,393.71,335.37,True,3194.05,335.37,True,3194.05,-58.34
2022-03,Margarinas y preparaciones similares,True,406.98,361.3,True,3440.98,361.3,True,3440.98,-45.68
2022-04,Margarinas y preparaciones similares,True,416.03,363.31,True,3460.14,363.31,True,3460.14,-52.72
2022-05,Margarinas y preparaciones similares,True,423.45,403.38,True,3841.74,403.38,True,3841.74,-20.07
2022-06,Margarinas y preparaciones similares,True,429.09,422.03,True,4019.3,422.03,True,4019.3,-7.07
2022-07,Margarinas y preparaciones similares,True,436.38,423.99,True,4038.02,423.99,True,4038.02,-12.39
2022-08,Margarinas y preparaciones similares,True,444.69,444.5,True,4233.34,444.5,True,4233.34,-0.19
2022-09,Margarinas y preparaciones similares,True,453.23,466.43,True,4442.23,466.43,True,4442.23,13.2
2022-10,Margarinas y preparaciones similares,True,456.94,487.67,True,4644.52,487.67,True,4644.52,30.73
2022-11,Margarinas y preparaciones similares,True,464.12,502.43,True,4785.04,502.43,True,4785.04,38.31
2022-12,Margarinas y preparaciones similares,True,468.84,529.03,True,5038.38,529.03,True,5038.38,60.19
2023-01,Margarinas y preparaciones similares,True,473.61,539.69,True,5139.91,539.69,True,5139.91,66.08
2023-02,Margarinas y preparaciones similares,True,473.8,541.24,True,5154.7,541.24,True,5154.7,67.44
2023-03,Margarinas y preparaciones similares,True,475.98,545.53,True,5195.5,545.53,True,5195.5,69.54
2023-04,Margarinas y preparaciones similares,True,476.54,563.46,True,5366.25,563.46,True,5366.25,86.92
2023-05,Margarinas y preparaciones similares,True,477.49,554.07,True,5276.9,554.07,True,5276.9,76.58
2023-06,Margarinas y preparaciones similares,True,479.28,527.25,True,5021.45,527.25,True,5021.45,47.97
2023-07,Margarinas y preparaciones similares,True,484.31,503.44,True,4794.71,503.44,True,4794.71,19.13
2023-08,Margarinas y preparaciones similares,True,486.06,503.74,True,4797.48,503.74,True,4797.48,17.68
2023-09,Margarinas y preparaciones similares,True,490.58,502.44,True,4785.15,502.44,True,4785.15,11.86
2023-10,Margarinas y preparaciones similares,True,494.41,490.02,True,4666.9,490.02,True,4666.9,-4.39
2023-11,Margarinas y preparaciones similares,True,498.56,479.43,True,4566.02,479.43,True,4566.02,-19.13
2023-12,Margarinas y preparaciones similares,True,496.43,488.53,True,4652.66,488.53,True,4652.66,-7.9
2024-01,Margarinas y preparaciones similares,True,500.77,499.56,True,4757.7,499.56,True,4757.7,-1.21
2024-02,Margarinas y preparaciones similares,True,502.66,490.23,True,4668.85,490.23,True,4668.85,-12.44
2024-03,Margarinas y preparaciones similares,True,499.82,488.26,True,4650.14,488.26,True,4650.14,-11.56
2024-04,Margarinas y preparaciones similares,True,503.46,505.38,True,4813.12,505.38,True,4813.12,1.92
2024-05,Margarinas y preparaciones similares,True,504.29,502.35,True,4784.31,502.35,True,4784.31,-1.94
2024-06,Margarinas y preparaciones similares,True,510.17,495.63,True,4720.25,495.63,True,4720.25,-14.55
2024-07,Margarinas y preparaciones similares,True,510.91,490.49,True,4671.36,490.49,True,4671.36,-20.42
2024-08,Margarinas y preparaciones similares,True,513.6,487.89,True,4646.53,487.89,True,4646.53,-25.71
2024-09,Margarinas y preparaciones similares,True,512.04,505.76,True,4816.77,505.76,True,4816.77,-6.28
2024-10,Margarinas y preparaciones similares,True,521.62,478.51,True,4557.19,478.51,True,4557.19,-43.11
2024-11,Margarinas y preparaciones similares,True,521.16,484.02,True,4609.71,484.02,True,4609.71,-37.14
2024-12,Margarinas y preparaciones similares,True,518.3,482.32,True,4593.55,482.32,True,4593.55,-35.97
2025-01,Margarinas y preparaciones similares,True,520.63,496.82,True,4731.64,496.82,True,4731.64,-23.81
2025-02,Margarinas y preparaciones similares,True,521.92,502.11,True,4782.0,502.11,True,4782.0,-19.81
2025-03,Margarinas y preparaciones similares,True,527.34,490.31,True,4669.66,490.31,True,4669.66,-37.03
2025-04,Margarinas y preparaciones similares,True,527.89,491.08,True,4676.94,491.08,True,4676.94,-36.81
2025-05,Margarinas y preparaciones similares,True,529.45,506.35,True,4822.35,506.35,True,4822.35,-23.1
2025-06,Margarinas y preparaciones similares,True,526.45,511.94,True,4875.58,511.94,True,4875.58,-14.51
2025-07,Margarinas y preparaciones similares,True,530.42,504.43,True,4804.12,504.43,True,4804.12,-25.99
2025-08,Margarinas y preparaciones similares,True,534.69,499.64,True,4758.5,499.64,True,4758.5,-35.05
2025-09,Margarinas y preparaciones similares,True,539.13,511.06,True,4867.19,511.06,True,4867.19,-28.08
2025-10,Margarinas y preparaciones similares,True,541.67,501.04,True,4771.85,501.04,True,4771.85,-40.63
2025-11,Margarinas y preparaciones similares,True,543.49,495.48,True,4718.85,495.48,True,4718.85,-48.01
2025-12,Margarinas y preparaciones similares,True,542.87,497.36,True,4736.78,497.36,True,4736.78,-45.51
2026-01,Margarinas y preparaciones similares,True,544.93,504.72,True,4806.83,504.72,True,4806.83,-40.21
2026-02,Margarinas y preparaciones similares,True,546.14,505.93,True,4818.34,505.93,True,4818.34,-40.21
2026-03,Margarinas y preparaciones similares,True,549.13,503.62,True,4796.34,503.62,True,4796.34,-45.51
2026-04,Margarinas y preparaciones similares,True,549.88,498.58,True,4748.37,498.58,True,4748.37,-51.3
2026-05,Margarinas y preparaciones similares,True,547.51,501.71,True,4778.23,501.71,True,4778.23,-45.8
2026-06,Margarinas y preparaciones similares,True,551.54,491.34,True,4679.47,491.34,True,4679.47,-60.2
2026-07,Margarinas y preparaciones similares,True,554.96,478.95,True,4561.45,478.95,True,4561.45,-76.01
2026-08,Margarinas y preparaciones similares,True,561.7,490.33,True,4669.81,490.33,True,4669.81,-71.37
2019-01,Plátanos frescos,True,710.3,307.84,True,646.72,307.84,True,646.72,-402.46
2019-02,Plátanos frescos,True,708.9,318.77,True,669.69,318.77,True,669.69,-390.13
2019-03,Plátanos frescos,True,713.97,382.43,True,803.42,382.43,True,803.42,-331.55
2019-04,Plátanos frescos,True,716.83,336.85,True,707.67,336.85,True,707.67,-379.98
2019-05,Plátanos frescos,True,717.25,316.83,True,665.62,316.83,True,665.62,-400.42
2019-06,Plátanos frescos,True,720.04,320.1,True,672.47,320.1,True,672.47,-399.94
2019-07,Plátanos frescos,True,721.61,327.26,True,687.51,327.26,True,687.51,-394.35
2019-08,Plátanos frescos,True,725.65,352.5,True,740.55,352.5,True,740.55,-373.14
2019-09,Plátanos frescos,True,725.81,341.56,True,717.56,341.56,True,717.56,-384.26
2019-10,Plátanos frescos,True,731.21,381.63,True,801.75,381.63,True,801.75,-349.58
2019-11,Plátanos frescos,True,738.48,500.76,True,1052.01,500.76,True,1052.01,-237.72
2019-12,Plátanos frescos,True,736.25,380.91,True,800.23,380.91,True,800.23,-355.34
2020-01,Plátanos frescos,True,742.59,382.83,True,804.26,382.83,True,804.26,-359.76
2020-02,Plátanos frescos,True,747.85,371.28,True,780.0,371.28,True,780.0,-376.57
2020-03,Plátanos frescos,True,752.75,435.33,True,914.56,435.33,True,914.56,-317.42
2020-04,Plátanos frescos,True,758.47,451.48,True,948.49,451.48,True,948.49,-306.99
2020-05,Plátanos frescos,True,758.22,420.06,True,882.48,420.06,True,882.48,-338.16
2020-06,Plátanos frescos,True,760.18,390.62,True,820.63,390.62,True,820.63,-369.56
2020-07,Plátanos frescos,True,763.5,402.32,True,845.21,402.32,True,845.21,-361.18
2020-08,Plátanos frescos,True,764.92,386.87,True,812.75,386.87,True,812.75,-378.04
2020-09,Plátanos frescos,True,776.04,408.84,True,858.91,408.84,True,858.91,-367.2
2020-10,Plátanos frescos,True,781.78,382.36,True,803.27,382.36,True,803.27,-399.42
2020-11,Plátanos frescos,True,782.87,434.67,True,913.18,434.67,True,913.18,-348.19
2020-12,Plátanos frescos,True,784.69,425.58,True,894.07,425.58,True,894.07,-359.12
2021-01,Plátanos frescos,True,793.6,433.29,True,910.27,433.29,True,910.27,-360.31
2021-02,Plátanos frescos,True,790.55,430.32,True,904.03,430.32,True,904.03,-360.22
2021-03,Plátanos frescos,True,788.41,420.49,True,883.38,420.49,True,883.38,-367.92
2021-04,Plátanos frescos,True,793.92,412.15,True,865.86,412.15,True,865.86,-381.77
2021-05,Plátanos frescos,True,792.67,407.97,True,857.07,407.97,True,857.07,-384.7
2021-06,Plátanos frescos,True,793.09,401.9,True,844.32,401.9,True,844.32,-391.19
2021-07,Plátanos frescos,True,801.18,409.37,True,860.02,409.37,True,860.02,-391.81
2021-08,Plátanos frescos,True,804.96,419.22,True,880.71,419.22,True,880.71,-385.75
2021-09,Plátanos frescos,True,819.63,476.12,True,1000.26,476.12,True,1000.26,-343.51
2021-10,Plátanos frescos,True,828.01,528.63,True,1110.56,528.63,True,1110.56,-299.38
2021-11,Plátanos frescos,True,830.23,508.42,True,1068.11,508.42,True,1068.11,-321.81
2021-12,Plátanos frescos,True,836.28,463.93,True,974.64,463.93,True,974.64,-372.35
2022-01,Plátanos frescos,True,849.54,424.93,True,892.71,424.93,True,892.71,-424.61
2022-02,Plátanos frescos,True,861.91,431.5,True,906.5,431.5,True,906.5,-430.42
2022-03,Plátanos frescos,True,890.96,517.96,True,1088.16,517.96,True,1088.16,-373.0
2022-04,Plátanos frescos,True,910.77,488.52,True,1026.3,488.52,True,1026.3,-422.25
2022-05,Plátanos frescos,True,927.02,432.07,True,907.72,432.07,True,907.72,-494.94
2022-06,Plátanos frescos,True,939.37,480.79,True,1010.06,480.79,True,1010.06,-458.58
2022-07,Plátanos frescos,True,955.31,637.32,True,1338.91,637.32,True,1338.91,-317.99
2022-08,Plátanos frescos,True,973.51,602.67,True,1266.12,602.67,True,1266.12,-370.84
2022-09,Plátanos frescos,True,992.21,593.37,True,1246.57,593.37,True,1246.57,-398.84
2022-10,Plátanos frescos,True,1000.34,722.09,True,1516.99,722.09,True,1516.99,-278.25
2022-11,Plátanos frescos,True,1016.04,844.53,True,1774.21,844.53,True,1774.21,-171.51
2022-12,Plátanos frescos,True,1026.37,710.17,True,1491.96,710.17,True,1491.96,-316.2
2023-01,Plátanos frescos,True,1036.83,653.64,True,1373.19,653.64,True,1373.19,-383.19
2023-02,Plátanos frescos,True,1037.25,652.7,True,1371.22,652.7,True,1371.22,-384.55
2023-03,Plátanos frescos,True,1042.02,635.38,True,1334.83,635.38,True,1334.83,-406.64
2023-04,Plátanos frescos,True,1043.23,606.37,True,1273.9,606.37,True,1273.9,-436.86
2023-05,Plátanos frescos,True,1045.32,551.21,True,1158.01,551.21,True,1158.01,-494.1
2023-06,Plátanos frescos,True,1049.23,512.38,True,1076.42,512.38,True,1076.42,-536.85
2023-07,Plátanos frescos,True,1060.25,491.2,True,1031.94,491.2,True,1031.94,-569.05
2023-08,Plátanos frescos,True,1064.08,516.74,True,1085.6,516.74,True,1085.6,-547.33
2023-09,Plátanos frescos,True,1073.97,543.06,True,1140.87,543.06,True,1140.87,-530.92
2023-10,Plátanos frescos,True,1082.36,599.33,True,1259.1,599.33,True,1259.1,-483.03
2023-11,Plátanos frescos,True,1091.44,639.59,True,1343.68,639.59,True,1343.68,-451.85
2023-12,Plátanos frescos,True,1086.78,623.33,True,1309.52,623.33,True,1309.52,-463.45
2024-01,Plátanos frescos,True,1096.28,598.91,True,1258.21,598.91,True,1258.21,-497.37
2024-02,Plátanos frescos,True,1100.43,611.26,True,1284.15,611.26,True,1284.15,-489.17
2024-03,Plátanos frescos,True,1094.21,568.96,True,1195.29,568.96,True,1195.29,-525.25
2024-04,Plátanos frescos,True,1102.17,592.61,True,1244.97,592.61,True,1244.97,-509.56
2024-05,Plátanos frescos,True,1103.99,544.8,True,1144.54,544.8,True,1144.54,-559.19
2024-06,Plátanos frescos,True,1116.87,571.21,True,1200.02,571.21,True,1200.02,-545.66
2024-07,Plátanos frescos,True,1118.48,584.02,True,1226.93,584.02,True,1226.93,-534.46
2024-08,Plátanos frescos,True,1124.36,558.02,True,1172.32,558.02,True,1172.32,-566.34
2024-09,Plátanos frescos,True,1120.96,612.31,True,1286.37,612.31,True,1286.37,-508.65
2024-10,Plátanos frescos,True,1141.92,645.97,True,1357.08,645.97,True,1357.08,-495.95
2024-11,Plátanos frescos,True,1140.91,614.52,True,1291.01,614.52,True,1291.01,-526.39
2024-12,Plátanos frescos,True,1134.65,584.74,True,1228.45,584.74,True,1228.45,-549.91
2025-01,Plátanos frescos,True,1139.77,619.59,True,1301.66,619.59,True,1301.66,-520.17
2025-02,Plátanos frescos,True,1142.57,600.21,True,1260.94,600.21,True,1260.94,-542.37
2025-03,Plátanos frescos,True,1154.45,631.54,True,1326.76,631.54,True,1326.76,-522.91
2025-04,Plátanos frescos,True,1155.64,590.59,True,1240.74,590.59,True,1240.74,-565.05
2025-05,Plátanos frescos,True,1159.06,607.96,True,1277.22,607.96,True,1277.22,-551.1
2025-06,Plátanos frescos,True,1152.5,615.49,True,1293.05,615.49,True,1293.05,-537.01
2025-07,Plátanos frescos,True,1161.19,628.58,True,1320.55,628.58,True,1320.55,-532.61
2025-08,Plátanos frescos,True,1170.54,623.55,True,1309.98,623.55,True,1309.98,-546.99
2025-09,Plátanos frescos,True,1180.26,624.93,True,1312.88,624.93,True,1312.88,-555.33
2025-10,Plátanos frescos,True,1185.82,667.72,True,1402.77,667.72,True,1402.77,-518.11
2025-11,Plátanos frescos,True,1189.8,637.04,True,1338.31,637.04,True,1338.31,-552.76
2025-12,Plátanos frescos,True,1188.45,622.34,True,1307.44,622.34,True,1307.44,-566.11
2026-01,Plátanos frescos,True,1192.95,638.4,True,1341.17,638.4,True,1341.17,-554.55
2026-02,Plátanos frescos,True,1195.6,632.12,True,1327.99,632.12,True,1327.99,-563.47
2026-03,Plátanos frescos,True,1202.15,687.69,True,1444.73,687.69,True,1444.73,-514.46
2026-04,Plátanos frescos,True,1203.79,592.86,True,1245.5,592.86,True,1245.5,-610.93
2026-05,Plátanos frescos,True,1198.61,565.18,True,1187.36,565.18,True,1187.36,-633.43
2026-06,Plátanos frescos,True,1207.44,590.4,True,1240.34,590.4,True,1240.34,-617.03
2026-07,Plátanos frescos,True,1214.92,580.75,True,1220.05,580.75,True,1220.05,-634.18
2026-08,Plátanos frescos,True,1229.66,545.56,True,1146.14,545.56,True,1146.14,-684.1
2019-01,Paltas frescas,True,1312.98,933.32,True,2557.05,933.32,True,2557.05,-379.66
2019-02,Paltas frescas,True,1310.39,978.42,True,2680.59,978.42,True,2680.59,-331.98
2019-03,Paltas frescas,True,1319.77,1099.15,True,3011.38,1099.15,True,3011.38,-220.62
2019-04,Paltas frescas,True,1325.05,1091.63,True,2990.76,1091.63,True,2990.76,-233.42
2019-05,Paltas frescas,True,1325.83,1102.96,True,3021.82,1102.96,True,3021.82,-222.86
2019-06,Paltas frescas,True,1330.98,1166.29,True,3195.31,1166.29,True,3195.31,-164.69
2019-07,Paltas frescas,True,1333.88,1107.28,True,3033.65,1107.28,True,3033.65,-226.6
2019-08,Paltas frescas,True,1341.35,1155.29,True,3165.18,1155.29,True,3165.18,-186.06
2019-09,Paltas frescas,True,1341.66,1168.85,True,3202.34,1168.85,True,3202.34,-172.8
2019-10,Paltas frescas,True,1351.63,1079.75,True,2958.21,1079.75,True,2958.21,-271.88
2019-11,Paltas frescas,True,1365.06,1133.21,True,3104.68,1133.21,True,3104.68,-231.85
2019-12,Paltas frescas,True,1360.95,1159.93,True,3177.88,1159.93,True,3177.88,-201.02
2020-01,Paltas frescas,True,1372.67,1234.32,True,3381.7,1234.32,True,3381.7,-138.35
2020-02,Paltas frescas,True,1382.39,1252.75,True,3432.2,1252.75,True,3432.2,-129.64
2020-03,Paltas frescas,True,1391.46,1374.96,True,3767.03,1374.96,True,3767.03,-16.49
2020-04,Paltas frescas,True,1402.01,1410.93,True,3865.56,1410.93,True,3865.56,8.92
2020-05,Paltas frescas,True,1401.55,1459.97,True,3999.9,1459.97,True,3999.9,58.41
2020-06,Paltas frescas,True,1405.18,1519.9,True,4164.11,1519.9,True,4164.11,114.72
2020-07,Paltas frescas,True,1411.32,1454.09,True,3983.81,1454.09,True,3983.81,42.77
2020-08,Paltas frescas,True,1413.93,1418.55,True,3886.45,1418.55,True,3886.45,4.62
2020-09,Paltas frescas,True,1434.5,1456.28,True,3989.82,1456.28,True,3989.82,21.79
2020-10,Paltas frescas,True,1445.11,1466.96,True,4019.07,1466.96,True,4019.07,21.85
2020-11,Paltas frescas,True,1447.12,1458.96,True,3997.14,1458.96,True,3997.14,11.84
2020-12,Paltas frescas,True,1450.49,1626.4,True,4455.88,1626.4,True,4455.88,175.9
2021-01,Paltas frescas,True,1466.95,1760.45,True,4823.16,1760.45,True,4823.16,293.5
2021-02,Paltas frescas,True,1461.31,1763.3,True,4830.97,1763.3,True,4830.97,301.99
2021-03,Paltas frescas,True,1457.37,1890.87,True,5180.48,1890.87,True,5180.48,433.51
2021-04,Paltas frescas,True,1467.55,2040.45,True,5590.27,2040.45,True,5590.27,572.9
2021-05,Paltas frescas,True,1465.24,2043.03,True,5597.34,2043.03,True,5597.34,577.79
2021-06,Paltas frescas,True,1466.01,1996.07,True,5468.69,1996.07,True,5468.69,530.06
2021-07,Paltas frescas,True,1480.96,1843.58,True,5050.92,1843.58,True,5050.92,362.62
2021-08,Paltas frescas,True,1487.96,1477.46,True,4047.83,1477.46,True,4047.83,-10.51
2021-09,Paltas frescas,True,1515.08,1370.0,True,3753.43,1370.0,True,3753.43,-145.08
2021-10,Paltas frescas,True,1530.56,1385.06,True,3794.69,1385.06,True,3794.69,-145.5
2021-11,Paltas frescas,True,1534.67,1304.38,True,3573.65,1304.38,True,3573.65,-230.28
2021-12,Paltas frescas,True,1545.84,1272.63,True,3486.65,1272.63,True,3486.65,-273.22
2022-01,Paltas frescas,True,1570.35,1267.31,True,3472.09,1267.31,True,3472.09,-303.04
2022-02,Paltas frescas,True,1593.23,1276.35,True,3496.85,1276.35,True,3496.85,-316.88
2022-03,Paltas frescas,True,1646.93,1436.96,True,3936.88,1436.96,True,3936.88,-209.96
2022-04,Paltas frescas,True,1683.55,1453.23,True,3981.44,1453.23,True,3981.44,-230.32
2022-05,Paltas frescas,True,1713.57,1451.17,True,3975.81,1451.17,True,3975.81,-262.4
2022-06,Paltas frescas,True,1736.41,1482.5,True,4061.64,1482.5,True,4061.64,-253.91
2022-07,Paltas frescas,True,1765.88,1460.54,True,4001.47,1460.54,True,4001.47,-305.35
2022-08,Paltas frescas,True,1799.53,1488.62,True,4078.42,1488.62,True,4078.42,-310.9
2022-09,Paltas frescas,True,1834.09,1382.95,True,3788.9,1382.95,True,3788.9,-451.14
2022-10,Paltas frescas,True,1849.11,1286.93,True,3525.84,1286.93,True,3525.84,-562.17
2022-11,Paltas frescas,True,1878.13,1293.97,True,3545.14,1293.97,True,3545.14,-584.15
2022-12,Paltas frescas,True,1897.24,1388.0,True,3802.73,1388.0,True,3802.73,-509.24
2023-01,Paltas frescas,True,1916.56,1538.2,True,4214.26,1538.2,True,4214.26,-378.35
2023-02,Paltas frescas,True,1917.33,1665.97,True,4564.31,1665.97,True,4564.31,-251.36
2023-03,Paltas frescas,True,1926.16,1883.94,True,5161.49,1883.94,True,5161.49,-42.22
2023-04,Paltas frescas,True,1928.4,1800.55,True,4933.02,1800.55,True,4933.02,-127.85
2023-05,Paltas frescas,True,1932.25,1865.01,True,5109.63,1865.01,True,5109.63,-67.24
2023-06,Paltas frescas,True,1939.49,1761.47,True,4825.96,1761.47,True,4825.96,-178.01
2023-07,Paltas frescas,True,1959.86,1592.18,True,4362.15,1592.18,True,4362.15,-367.68
2023-08,Paltas frescas,True,1966.93,1415.47,True,3878.01,1415.47,True,3878.01,-551.45
2023-09,Paltas frescas,True,1985.23,1437.07,True,3937.17,1437.07,True,3937.17,-548.16
2023-10,Paltas frescas,True,2000.73,1456.87,True,3991.44,1456.87,True,3991.44,-543.85
2023-11,Paltas frescas,True,2017.51,1456.23,True,3989.66,1456.23,True,3989.66,-561.28
2023-12,Paltas frescas,True,2008.9,1574.49,True,4313.67,1574.49,True,4313.67,-434.41
2024-01,Paltas frescas,True,2026.46,1907.38,True,5225.69,1907.38,True,5225.69,-119.08
2024-02,Paltas frescas,True,2034.12,2093.43,True,5735.41,2093.43,True,5735.41,59.3
2024-03,Paltas frescas,True,2022.63,2189.45,True,5998.49,2189.45,True,5998.49,166.82
2024-04,Paltas frescas,True,2037.34,2167.13,True,5937.34,2167.13,True,5937.34,129.79
2024-05,Paltas frescas,True,2040.72,2069.65,True,5670.26,2069.65,True,5670.26,28.93
2024-06,Paltas frescas,True,2064.51,1991.54,True,5456.29,1991.54,True,5456.29,-72.97
2024-07,Paltas frescas,True,2067.5,1884.79,True,5163.81,1884.79,True,5163.81,-182.71
2024-08,Paltas frescas,True,2078.37,1867.01,True,5115.08,1867.01,True,5115.08,-211.36
2024-09,Paltas frescas,True,2072.07,1904.3,True,5217.25,1904.3,True,5217.25,-167.78
2024-10,Paltas frescas,True,2110.83,1794.88,True,4917.49,1794.88,True,4917.49,-315.94
2024-11,Paltas frescas,True,2108.96,1666.72,True,4566.35,1666.72,True,4566.35,-442.24
2024-12,Paltas frescas,True,2097.39,1663.12,True,4556.5,1663.12,True,4556.5,-434.26
2025-01,Paltas frescas,True,2106.84,1762.31,True,4828.25,1762.31,True,4828.25,-344.53
2025-02,Paltas frescas,True,2112.03,1793.22,True,4912.93,1793.22,True,4912.93,-318.81
2025-03,Paltas frescas,True,2133.97,1835.42,True,5028.55,1835.42,True,5028.55,-298.56
2025-04,Paltas frescas,True,2136.18,1770.68,True,4851.18,1770.68,True,4851.18,-365.5
2025-05,Paltas frescas,True,2142.5,1733.41,True,4749.07,1733.41,True,4749.07,-409.09
2025-06,Paltas frescas,True,2130.37,1760.35,True,4822.87,1760.35,True,4822.87,-370.02
2025-07,Paltas frescas,True,2146.44,1617.62,True,4431.83,1617.62,True,4431.83,-528.83
2025-08,Paltas frescas,True,2163.73,1610.73,True,4412.95,1610.73,True,4412.95,-553.01
2025-09,Paltas frescas,True,2181.7,1505.84,True,4125.59,1505.84,True,4125.59,-675.86
2025-10,Paltas frescas,True,2191.97,1552.14,True,4252.44,1552.14,True,4252.44,-639.83
2025-11,Paltas frescas,True,2199.32,1494.21,True,4093.73,1494.21,True,4093.73,-705.11
2025-12,Paltas frescas,True,2196.83,1508.11,True,4131.8,1508.11,True,4131.8,-688.73
2026-01,Paltas frescas,True,2205.14,1509.67,True,4136.09,1509.67,True,4136.09,-695.47
2026-02,Paltas frescas,True,2210.04,1533.57,True,4201.56,1533.57,True,4201.56,-676.47
2026-03,Paltas frescas,True,2222.15,1724.15,True,4723.7,1724.15,True,4723.7,-498.0
2026-04,Paltas frescas,True,2225.18,1746.4,True,4784.65,1746.4,True,4784.65,-478.79
2026-05,Paltas frescas,True,2215.61,1797.32,True,4924.15,1797.32,True,4924.15,-418.29
2026-06,Paltas frescas,True,2231.93,1793.36,True,4913.31,1793.36,True,4913.31,-438.57
2026-07,Paltas frescas,True,2245.76,1643.92,True,4503.89,1643.92,True,4503.89,-601.84
2026-08,Paltas frescas,True,2273.02,1587.86,True,4350.31,1587.86,True,4350.31,-685.15
2019-01,Naranjas frescas,True,242.35,159.05,True,691.51,159.05,True,691.51,-83.3
2019-02,Naranjas frescas,True,241.87,170.33,True,740.58,170.33,True,740.58,-71.54
2019-03,Naranjas frescas,True,243.6,181.37,True,788.55,181.37,True,788.55,-62.23
2019-04,Naranjas frescas,True,244.57,178.89,True,777.76,178.89,True,777.76,-65.69
2019-05,Naranjas frescas,True,244.72,182.86,True,795.03,182.86,True,795.03,-61.86
2019-06,Naranjas frescas,True,245.67,171.85,True,747.19,171.85,True,747.19,-73.82
2019-07,Naranjas frescas,True,246.21,152.75,True,664.15,152.75,True,664.15,-93.45
2019-08,Naranjas frescas,True,247.58,162.62,True,707.06,162.62,True,707.06,-84.96
2019-09,Naranjas frescas,True,247.64,160.03,True,695.79,160.03,True,695.79,-87.61
2019-10,Naranjas frescas,True,249.48,165.08,True,717.74,165.08,True,717.74,-84.4
2019-11,Naranjas frescas,True,251.96,188.19,True,818.21,188.19,True,818.21,-63.77
2019-12,Naranjas frescas,True,251.2,199.97,True,869.44,199.97,True,869.44,-51.23
2020-01,Naranjas frescas,True,253.36,247.2,True,1074.8,247.2,True,1074.8,-6.16
2020-02,Naranjas frescas,True,255.16,264.22,True,1148.79,264.22,True,1148.79,9.06
2020-03,Naranjas frescas,True,256.83,300.03,True,1304.47,300.03,True,1304.47,43.2
2020-04,Naranjas frescas,True,258.78,351.65,True,1528.92,351.65,True,1528.92,92.87
2020-05,Naranjas frescas,True,258.7,303.34,True,1318.86,303.34,True,1318.86,44.64
2020-06,Naranjas frescas,True,259.37,263.12,True,1144.01,263.12,True,1144.01,3.76
2020-07,Naranjas frescas,True,260.5,268.78,True,1168.61,268.78,True,1168.61,8.28
2020-08,Naranjas frescas,True,260.98,252.6,True,1098.27,252.6,True,1098.27,-8.38
2020-09,Naranjas frescas,True,264.78,282.28,True,1227.3,282.28,True,1227.3,17.5
2020-10,Naranjas frescas,True,266.74,272.43,True,1184.48,272.43,True,1184.48,5.69
2020-11,Naranjas frescas,True,267.11,287.93,True,1251.88,287.93,True,1251.88,20.83
2020-12,Naranjas frescas,True,267.73,322.33,True,1401.42,322.33,True,1401.42,54.6
2021-01,Naranjas frescas,True,270.77,365.87,True,1590.75,365.87,True,1590.75,95.11
2021-02,Naranjas frescas,True,269.73,367.79,True,1599.07,367.79,True,1599.07,98.06
2021-03,Naranjas frescas,True,269.0,391.38,True,1701.66,391.38,True,1701.66,122.39
2021-04,Naranjas frescas,True,270.88,411.28,True,1788.18,411.28,True,1788.18,140.4
2021-05,Naranjas frescas,True,270.45,329.35,True,1431.96,329.35,True,1431.96,58.9
2021-06,Naranjas frescas,True,270.59,268.38,True,1166.86,268.38,True,1166.86,-2.22
2021-07,Naranjas frescas,True,273.35,229.75,True,998.93,229.75,True,998.93,-43.6
2021-08,Naranjas frescas,True,274.65,219.88,True,956.02,219.88,True,956.02,-54.76
2021-09,Naranjas frescas,True,279.65,238.48,True,1036.85,238.48,True,1036.85,-41.17
2021-10,Naranjas frescas,True,282.51,213.48,True,928.15,213.48,True,928.15,-69.03
2021-11,Naranjas frescas,True,283.27,227.38,True,988.62,227.38,True,988.62,-55.88
2021-12,Naranjas frescas,True,285.33,265.83,True,1155.78,265.83,True,1155.78,-19.5
2022-01,Naranjas frescas,True,289.85,273.71,True,1190.05,273.71,True,1190.05,-16.14
2022-02,Naranjas frescas,True,294.08,284.08,True,1235.14,284.08,True,1235.14,-9.99
2022-03,Naranjas frescas,True,303.99,310.28,True,1349.02,310.28,True,1349.02,6.29
2022-04,Naranjas frescas,True,310.75,294.59,True,1280.83,294.59,True,1280.83,-16.16
2022-05,Naranjas frescas,True,316.29,300.27,True,1305.51,300.27,True,1305.51,-16.02
2022-06,Naranjas frescas,True,320.5,275.56,True,1198.08,275.56,True,1198.08,-44.95
2022-07,Naranjas frescas,True,325.94,234.47,True,1019.44,234.47,True,1019.44,-91.47
2022-08,Naranjas frescas,True,332.15,224.92,True,977.9,224.92,True,977.9,-107.24
2022-09,Naranjas frescas,True,338.53,234.76,True,1020.69,234.76,True,1020.69,-103.78
2022-10,Naranjas frescas,True,341.3,243.41,True,1058.32,243.41,True,1058.32,-97.89
2022-11,Naranjas frescas,True,346.66,261.93,True,1138.82,261.93,True,1138.82,-84.73
2022-12,Naranjas frescas,True,350.19,276.13,True,1200.55,276.13,True,1200.55,-74.06
2023-01,Naranjas frescas,True,353.75,302.72,True,1316.15,302.72,True,1316.15,-51.04
2023-02,Naranjas frescas,True,353.9,303.71,True,1320.46,303.71,True,1320.46,-50.19
2023-03,Naranjas frescas,True,355.53,330.04,True,1434.96,330.04,True,1434.96,-25.49
2023-04,Naranjas frescas,True,355.94,363.31,True,1579.62,363.31,True,1579.62,7.37
2023-05,Naranjas frescas,True,356.65,329.73,True,1433.6,329.73,True,1433.6,-26.92
2023-06,Naranjas frescas,True,357.99,309.77,True,1346.82,309.77,True,1346.82,-48.22
2023-07,Naranjas frescas,True,361.75,285.59,True,1241.69,285.59,True,1241.69,-76.16
2023-08,Naranjas frescas,True,363.05,291.07,True,1265.51,291.07,True,1265.51,-71.98
2023-09,Naranjas frescas,True,366.43,289.19,True,1257.34,289.19,True,1257.34,-77.24
2023-10,Naranjas frescas,True,369.29,306.02,True,1330.53,306.02,True,1330.53,-63.27
2023-11,Naranjas frescas,True,372.39,307.44,True,1336.7,307.44,True,1336.7,-64.95
2023-12,Naranjas frescas,True,370.8,312.4,True,1358.25,312.4,True,1358.25,-58.4
2024-01,Naranjas frescas,True,374.04,343.45,True,1493.25,343.45,True,1493.25,-30.59
2024-02,Naranjas frescas,True,375.45,375.56,True,1632.88,375.56,True,1632.88,0.11
2024-03,Naranjas frescas,True,373.33,402.19,True,1748.66,402.19,True,1748.66,28.86
2024-04,Naranjas frescas,True,376.05,429.44,True,1867.12,429.44,True,1867.12,53.39
2024-05,Naranjas frescas,True,376.67,403.91,True,1756.13,403.91,True,1756.13,27.24
2024-06,Naranjas frescas,True,381.06,343.79,True,1494.75,343.79,True,1494.75,-37.27
2024-07,Naranjas frescas,True,381.62,309.26,True,1344.6,309.26,True,1344.6,-72.36
2024-08,Naranjas frescas,True,383.62,290.89,True,1264.76,290.89,True,1264.76,-92.73
2024-09,Naranjas frescas,True,382.46,356.33,True,1549.27,356.33,True,1549.27,-26.13
2024-10,Naranjas frescas,True,389.61,302.73,True,1316.2,302.73,True,1316.2,-86.89
2024-11,Naranjas frescas,True,389.27,313.64,True,1363.67,313.64,True,1363.67,-75.62
2024-12,Naranjas frescas,True,387.13,349.04,True,1517.57,349.04,True,1517.57,-38.09
2025-01,Naranjas frescas,True,388.88,354.34,True,1540.63,354.34,True,1540.63,-34.53
2025-02,Naranjas frescas,True,389.83,378.4,True,1645.23,378.4,True,1645.23,-11.43
2025-03,Naranjas frescas,True,393.88,410.87,True,1786.39,410.87,True,1786.39,16.99
2025-04,Naranjas frescas,True,394.29,408.92,True,1777.93,408.92,True,1777.93,14.63
2025-05,Naranjas frescas,True,395.46,396.77,True,1725.09,396.77,True,1725.09,1.31
2025-06,Naranjas frescas,True,393.22,362.18,True,1574.67,362.18,True,1574.67,-31.04
2025-07,Naranjas frescas,True,396.19,344.86,True,1499.37,344.86,True,1499.37,-51.33
2025-08,Naranjas frescas,True,399.38,356.69,True,1550.81,356.69,True,1550.81,-42.69
2025-09,Naranjas frescas,True,402.69,356.95,True,1551.95,356.95,True,1551.95,-45.74
2025-10,Naranjas frescas,True,404.59,372.23,True,1618.41,372.23,True,1618.41,-32.36
2025-11,Naranjas frescas,True,405.95,383.41,True,1667.0,383.41,True,1667.0,-22.54
2025-12,Naranjas frescas,True,405.49,401.47,True,1745.54,401.47,True,1745.54,-4.01
2026-01,Naranjas frescas,True,407.02,411.57,True,1789.41,411.57,True,1789.41,4.54
2026-02,Naranjas frescas,True,407.93,413.81,True,1799.18,413.81,True,1799.18,5.89
2026-03,Naranjas frescas,True,410.16,400.99,True,1743.42,400.99,True,1743.42,-9.17
2026-04,Naranjas frescas,True,410.72,418.2,True,1818.27,418.2,True,1818.27,7.48
2026-05,Naranjas frescas,True,408.95,387.05,True,1682.84,387.05,True,1682.84,-21.9
2026-06,Naranjas frescas,True,411.96,329.33,True,1431.89,329.33,True,1431.89,-82.63
2026-07,Naranjas frescas,True,414.52,335.53,True,1458.83,335.53,True,1458.83,-78.99
2026-08,Naranjas frescas,True,419.55,335.69,True,1459.53,335.69,True,1459.53,-83.86
2019-01,"Limones y limas, frescas",True,504.62,572.9,True,1595.81,572.9,True,1595.81,68.27
2019-02,"Limones y limas, frescas",True,503.63,620.77,True,1729.16,620.77,True,1729.16,117.14
2019-03,"Limones y limas, frescas",True,507.23,637.34,True,1775.31,637.34,True,1775.31,130.1
2019-04,"Limones y limas, frescas",True,509.26,542.66,True,1511.59,542.66,True,1511.59,33.4
2019-05,"Limones y limas, frescas",True,509.56,485.18,True,1351.48,485.18,True,1351.48,-24.38
2019-06,"Limones y limas, frescas",True,511.54,375.97,True,1047.27,375.97,True,1047.27,-135.57
2019-07,"Limones y limas, frescas",True,512.66,280.53,True,781.43,280.53,True,781.43,-232.12
2019-08,"Limones y limas, frescas",True,515.53,270.27,True,752.84,270.27,True,752.84,-245.26
2019-09,"Limones y limas, frescas",True,515.65,255.45,True,711.56,255.45,True,711.56,-260.2
2019-10,"Limones y limas, frescas",True,519.48,249.51,True,695.02,249.51,True,695.02,-269.97
2019-11,"Limones y limas, frescas",True,524.64,264.23,True,736.02,264.23,True,736.02,-260.41
2019-12,"Limones y limas, frescas",True,523.06,318.0,True,885.79,318.0,True,885.79,-205.06
2020-01,"Limones y limas, frescas",True,527.57,445.52,True,1241.0,445.52,True,1241.0,-82.05
2020-02,"Limones y limas, frescas",True,531.3,520.97,True,1451.17,520.97,True,1451.17,-10.33
2020-03,"Limones y limas, frescas",True,534.79,609.77,True,1698.51,609.77,True,1698.51,74.98
2020-04,"Limones y limas, frescas",True,538.84,568.8,True,1584.4,568.8,True,1584.4,29.95
2020-05,"Limones y limas, frescas",True,538.67,499.85,True,1392.33,499.85,True,1392.33,-38.82
2020-06,"Limones y limas, frescas",True,540.06,390.82,True,1088.63,390.82,True,1088.63,-149.24
2020-07,"Limones y limas, frescas",True,542.42,378.02,True,1052.97,378.02,True,1052.97,-164.4
2020-08,"Limones y limas, frescas",True,543.42,301.92,True,841.01,301.92,True,841.01,-241.5
2020-09,"Limones y limas, frescas",True,551.33,286.77,True,798.8,286.77,True,798.8,-264.56
2020-10,"Limones y limas, frescas",True,555.41,252.85,True,704.31,252.85,True,704.31,-302.56
2020-11,"Limones y limas, frescas",True,556.18,290.13,True,808.17,290.13,True,808.17,-266.05
2020-12,"Limones y limas, frescas",True,557.48,397.78,True,1108.03,397.78,True,1108.03,-159.69
2021-01,"Limones y limas, frescas",True,563.8,517.36,True,1441.12,517.36,True,1441.12,-46.44
2021-02,"Limones y limas, frescas",True,561.63,549.62,True,1530.99,549.62,True,1530.99,-12.01
2021-03,"Limones y limas, frescas",True,560.12,571.54,True,1592.04,571.54,True,1592.04,11.43
2021-04,"Limones y limas, frescas",True,564.03,545.72,True,1520.12,545.72,True,1520.12,-18.31
2021-05,"Limones y limas, frescas",True,563.14,493.11,True,1373.56,493.11,True,1373.56,-70.04
2021-06,"Limones y limas, frescas",True,563.44,365.73,True,1018.74,365.73,True,1018.74,-197.71
2021-07,"Limones y limas, frescas",True,569.19,291.14,True,810.98,291.14,True,810.98,-278.05
2021-08,"Limones y limas, frescas",True,571.88,254.79,True,709.73,254.79,True,709.73,-317.08
2021-09,"Limones y limas, frescas",True,582.3,244.17,True,680.13,244.17,True,680.13,-338.13
2021-10,"Limones y limas, frescas",True,588.25,223.95,True,623.82,223.95,True,623.82,-364.3
2021-11,"Limones y limas, frescas",True,589.83,254.92,True,710.09,254.92,True,710.09,-334.9
2021-12,"Limones y limas, frescas",True,594.12,361.66,True,1007.4,361.66,True,1007.4,-232.47
2022-01,"Limones y limas, frescas",True,603.54,461.14,True,1284.5,461.14,True,1284.5,-142.41
2022-02,"Limones y limas, frescas",True,612.34,536.82,True,1495.31,536.82,True,1495.31,-75.52
2022-03,"Limones y limas, frescas",True,632.97,642.75,True,1790.39,642.75,True,1790.39,9.78
2022-04,"Limones y limas, frescas",True,647.05,612.59,True,1706.37,612.59,True,1706.37,-34.46
2022-05,"Limones y limas, frescas",True,658.59,497.54,True,1385.9,497.54,True,1385.9,-161.05
2022-06,"Limones y limas, frescas",True,667.36,409.61,True,1140.98,409.61,True,1140.98,-257.75
2022-07,"Limones y limas, frescas",True,678.69,368.19,True,1025.6,368.19,True,1025.6,-310.5
2022-08,"Limones y limas, frescas",True,691.62,353.97,True,985.99,353.97,True,985.99,-337.65
2022-09,"Limones y limas, frescas",True,704.91,352.47,True,981.8,352.47,True,981.8,-352.44
2022-10,"Limones y limas, frescas",True,710.68,338.12,True,941.83,338.12,True,941.83,-372.56
2022-11,"Limones y limas, frescas",True,721.83,386.9,True,1077.71,386.9,True,1077.71,-334.93
2022-12,"Limones y limas, frescas",True,729.18,459.0,True,1278.56,459.0,True,1278.56,-270.17
2023-01,"Limones y limas, frescas",True,736.6,540.91,True,1506.7,540.91,True,1506.7,-195.7
2023-02,"Limones y limas, frescas",True,736.9,618.8,True,1723.68,618.8,True,1723.68,-118.1
2023-03,"Limones y limas, frescas",True,740.29,675.36,True,1881.21,675.36,True,1881.21,-64.93
2023-04,"Limones y limas, frescas",True,741.15,682.29,True,1900.54,682.29,True,1900.54,-58.86
2023-05,"Limones y limas, frescas",True,742.63,579.84,True,1615.16,579.84,True,1615.16,-162.79
2023-06,"Limones y limas, frescas",True,745.41,461.38,True,1285.17,461.38,True,1285.17,-284.04
2023-07,"Limones y limas, frescas",True,753.24,394.51,True,1098.91,394.51,True,1098.91,-358.74
2023-08,"Limones y limas, frescas",True,755.96,382.36,True,1065.07,382.36,True,1065.07,-373.6
2023-09,"Limones y limas, frescas",True,762.99,405.63,True,1129.9,405.63,True,1129.9,-357.36
2023-10,"Limones y limas, frescas",True,768.95,411.85,True,1147.21,411.85,True,1147.21,-357.1
2023-11,"Limones y limas, frescas",True,775.4,464.99,True,1295.25,464.99,True,1295.25,-310.41
2023-12,"Limones y limas, frescas",True,772.09,478.21,True,1332.06,478.21,True,1332.06,-293.88
2024-01,"Limones y limas, frescas",True,778.84,552.89,True,1540.08,552.89,True,1540.08,-225.95
2024-02,"Limones y limas, frescas",True,781.78,619.45,True,1725.49,619.45,True,1725.49,-162.33
2024-03,"Limones y limas, frescas",True,777.37,706.29,True,1967.38,706.29,True,1967.38,-71.08
2024-04,"Limones y limas, frescas",True,783.02,663.14,True,1847.18,663.14,True,1847.18,-119.88
2024-05,"Limones y limas, frescas",True,784.32,568.81,True,1584.42,568.81,True,1584.42,-215.51
2024-06,"Limones y limas, frescas",True,793.46,476.53,True,1327.4,476.53,True,1327.4,-316.93
2024-07,"Limones y limas, frescas",True,794.61,420.05,True,1170.06,420.05,True,1170.06,-374.56
2024-08,"Limones y limas, frescas",True,798.79,405.19,True,1128.67,405.19,True,1128.67,-393.6
2024-09,"Limones y limas, frescas",True,796.37,485.25,True,1351.67,485.25,True,1351.67,-311.12
2024-10,"Limones y limas, frescas",True,811.27,432.55,True,1204.88,432.55,True,1204.88,-378.71
2024-11,"Limones y limas, frescas",True,810.55,421.08,True,1172.91,421.08,True,1172.91,-389.47
2024-12,"Limones y limas, frescas",True,806.1,471.37,True,1313.01,471.37,True,1313.01,-334.73
2025-01,"Limones y limas, frescas",True,809.73,510.8,True,1422.83,510.8,True,1422.83,-298.94
2025-02,"Limones y limas, frescas",True,811.73,543.6,True,1514.2,543.6,True,1514.2,-268.13
2025-03,"Limones y limas, frescas",True,820.16,636.39,True,1772.68,636.39,True,1772.68,-183.77
2025-04,"Limones y limas, frescas",True,821.01,610.31,True,1700.03,610.31,True,1700.03,-210.7
2025-05,"Limones y limas, frescas",True,823.44,547.44,True,1524.9,547.44,True,1524.9,-276.0
2025-06,"Limones y limas, frescas",True,818.78,425.88,True,1186.3,425.88,True,1186.3,-392.89
2025-07,"Limones y limas, frescas",True,824.95,389.09,True,1083.81,389.09,True,1083.81,-435.87
2025-08,"Limones y limas, frescas",True,831.6,378.52,True,1054.37,378.52,True,1054.37,-453.08
2025-09,"Limones y limas, frescas",True,838.5,394.25,True,1098.18,394.25,True,1098.18,-444.26
2025-10,"Limones y limas, frescas",True,842.45,403.26,True,1123.28,403.26,True,1123.28,-439.19
2025-11,"Limones y limas, frescas",True,845.28,414.28,True,1153.98,414.28,True,1153.98,-431.0
2025-12,"Limones y limas, frescas",True,844.32,454.8,True,1266.85,454.8,True,1266.85,-389.52
2026-01,"Limones y limas, frescas",True,847.51,521.08,True,1451.47,521.08,True,1451.47,-326.44
2026-02,"Limones y limas, frescas",True,849.4,594.73,True,1656.62,594.73,True,1656.62,-254.67
2026-03,"Limones y limas, frescas",True,854.05,648.99,True,1807.78,648.99,True,1807.78,-205.06
2026-04,"Limones y limas, frescas",True,855.22,559.26,True,1557.84,559.26,True,1557.84,-295.95
2026-05,"Limones y limas, frescas",True,851.53,467.82,True,1303.13,467.82,True,1303.13,-383.71
2026-06,"Limones y limas, frescas",True,857.81,401.4,True,1118.09,401.4,True,1118.09,-456.41
2026-07,"Limones y limas, frescas",True,863.13,405.11,True,1128.44,405.11,True,1128.44,-458.01
2026-08,"Limones y limas, frescas",True,873.6,426.11,True,1186.94,426.11,True,1186.94,-447.49
2019-01,Manzanas frescas,True,371.49,507.62,True,1335.85,507.62,True,1335.85,136.13
2019-02,Manzanas frescas,True,370.76,427.18,True,1124.15,427.18,True,1124.15,56.42
2019-03,Manzanas frescas,True,373.41,397.45,True,1045.91,397.45,True,1045.91,24.03
2019-04,Manzanas frescas,True,374.91,366.48,True,964.43,366.48,True,964.43,-8.42
2019-05,Manzanas frescas,True,375.13,331.9,True,873.43,331.9,True,873.43,-43.22
2019-06,Manzanas frescas,True,376.59,310.65,True,817.5,310.65,True,817.5,-65.94
2019-07,Manzanas frescas,True,377.41,310.02,True,815.83,310.02,True,815.83,-67.39
2019-08,Manzanas frescas,True,379.52,359.63,True,946.38,359.63,True,946.38,-19.89
2019-09,Manzanas frescas,True,379.61,360.34,True,948.25,360.34,True,948.25,-19.27
2019-10,Manzanas frescas,True,382.43,402.87,True,1060.18,402.87,True,1060.18,20.44
2019-11,Manzanas frescas,True,386.23,457.21,True,1203.2,457.21,True,1203.2,70.99
2019-12,Manzanas frescas,True,385.07,555.12,True,1460.84,555.12,True,1460.84,170.05
2020-01,Manzanas frescas,True,388.38,620.23,True,1632.19,620.23,True,1632.19,231.85
2020-02,Manzanas frescas,True,391.13,498.41,True,1311.61,498.41,True,1311.61,107.28
2020-03,Manzanas frescas,True,393.7,421.56,True,1109.37,421.56,True,1109.37,27.86
2020-04,Manzanas frescas,True,396.68,405.33,True,1066.65,405.33,True,1066.65,8.64
2020-05,Manzanas frescas,True,396.55,443.02,True,1165.85,443.02,True,1165.85,46.47
2020-06,Manzanas frescas,True,397.58,441.03,True,1160.61,441.03,True,1160.61,43.45
2020-07,Manzanas frescas,True,399.32,443.81,True,1167.93,443.81,True,1167.93,44.5
2020-08,Manzanas frescas,True,400.06,428.3,True,1127.1,428.3,True,1127.1,28.24
2020-09,Manzanas frescas,True,405.87,464.91,True,1223.43,464.91,True,1223.43,59.03
2020-10,Manzanas frescas,True,408.88,441.53,True,1161.91,441.53,True,1161.91,32.65
2020-11,Manzanas frescas,True,409.44,455.55,True,1198.82,455.55,True,1198.82,46.11
2020-12,Manzanas frescas,True,410.4,542.34,True,1427.22,542.34,True,1427.22,131.94
2021-01,Manzanas frescas,True,415.06,594.04,True,1563.25,594.04,True,1563.25,178.98
2021-02,Manzanas frescas,True,413.46,527.68,True,1388.64,527.68,True,1388.64,114.22
2021-03,Manzanas frescas,True,412.34,488.73,True,1286.14,488.73,True,1286.14,76.39
2021-04,Manzanas frescas,True,415.23,454.26,True,1195.43,454.26,True,1195.43,39.03
2021-05,Manzanas frescas,True,414.57,444.36,True,1169.37,444.36,True,1169.37,29.79
2021-06,Manzanas frescas,True,414.79,452.91,True,1191.87,452.91,True,1191.87,38.12
2021-07,Manzanas frescas,True,419.02,458.83,True,1207.46,458.83,True,1207.46,39.81
2021-08,Manzanas frescas,True,421.0,473.56,True,1246.22,473.56,True,1246.22,52.56
2021-09,Manzanas frescas,True,428.68,487.24,True,1282.21,487.24,True,1282.21,58.57
2021-10,Manzanas frescas,True,433.05,489.2,True,1287.38,489.2,True,1287.38,56.15
2021-11,Manzanas frescas,True,434.22,510.38,True,1343.1,510.38,True,1343.1,76.16
2021-12,Manzanas frescas,True,437.38,561.25,True,1476.97,561.25,True,1476.97,123.87
2022-01,Manzanas frescas,True,444.31,596.53,True,1569.81,596.53,True,1569.81,152.22
2022-02,Manzanas frescas,True,450.79,552.7,True,1454.47,552.7,True,1454.47,101.91
2022-03,Manzanas frescas,True,465.98,504.57,True,1327.81,504.57,True,1327.81,38.59
2022-04,Manzanas frescas,True,476.34,485.63,True,1277.98,485.63,True,1277.98,9.29
2022-05,Manzanas frescas,True,484.84,477.37,True,1256.24,477.37,True,1256.24,-7.47
2022-06,Manzanas frescas,True,491.3,480.53,True,1264.57,480.53,True,1264.57,-10.76
2022-07,Manzanas frescas,True,499.64,471.4,True,1240.52,471.4,True,1240.52,-28.24
2022-08,Manzanas frescas,True,509.16,458.42,True,1206.37,458.42,True,1206.37,-50.73
2022-09,Manzanas frescas,True,518.93,484.12,True,1274.01,484.12,True,1274.01,-34.81
2022-10,Manzanas frescas,True,523.18,535.46,True,1409.12,535.46,True,1409.12,12.28
2022-11,Manzanas frescas,True,531.4,635.59,True,1672.59,635.59,True,1672.59,104.19
2022-12,Manzanas frescas,True,536.8,744.2,True,1958.41,744.2,True,1958.41,207.4
2023-01,Manzanas frescas,True,542.27,836.68,True,2201.8,836.68,True,2201.8,294.42
2023-02,Manzanas frescas,True,542.49,664.37,True,1748.34,664.37,True,1748.34,121.88
2023-03,Manzanas frescas,True,544.99,607.48,True,1598.64,607.48,True,1598.64,62.5
2023-04,Manzanas frescas,True,545.62,580.8,True,1528.43,580.8,True,1528.43,35.18
2023-05,Manzanas frescas,True,546.71,506.92,True,1333.99,506.92,True,1333.99,-39.79
2023-06,Manzanas frescas,True,548.76,506.81,True,1333.71,506.81,True,1333.71,-41.95
2023-07,Manzanas frescas,True,554.52,511.79,True,1346.81,511.79,True,1346.81,-42.73
2023-08,Manzanas frescas,True,556.52,549.42,True,1445.85,549.42,True,1445.85,-7.1
2023-09,Manzanas frescas,True,561.7,591.08,True,1555.48,591.08,True,1555.48,29.38
2023-10,Manzanas frescas,True,566.08,636.52,True,1675.05,636.52,True,1675.05,70.44
2023-11,Manzanas frescas,True,570.83,673.76,True,1773.04,673.76,True,1773.04,102.92
2023-12,Manzanas frescas,True,568.39,735.31,True,1935.02,735.31,True,1935.02,166.91
2024-01,Manzanas frescas,True,573.36,833.94,True,2194.59,833.94,True,2194.59,260.58
2024-02,Manzanas frescas,True,575.53,797.96,True,2099.88,797.96,True,2099.88,222.42
2024-03,Manzanas frescas,True,572.28,695.07,True,1829.13,695.07,True,1829.13,122.79
2024-04,Manzanas frescas,True,576.44,623.3,True,1640.27,623.3,True,1640.27,46.86
2024-05,Manzanas frescas,True,577.4,619.66,True,1630.68,619.66,True,1630.68,42.26
2024-06,Manzanas frescas,True,584.13,615.32,True,1619.27,615.32,True,1619.27,31.19
2024-07,Manzanas frescas,True,584.98,606.41,True,1595.8,606.41,True,1595.8,21.43
2024-08,Manzanas frescas,True,588.05,627.64,True,1651.68,627.64,True,1651.68,39.59
2024-09,Manzanas frescas,True,586.27,707.02,True,1860.57,707.02,True,1860.57,120.75
2024-10,Manzanas frescas,True,597.23,670.99,True,1765.76,670.99,True,1765.76,73.76
2024-11,Manzanas frescas,True,596.71,677.91,True,1783.98,677.91,True,1783.98,81.21
2024-12,Manzanas frescas,True,593.43,750.75,True,1975.66,750.75,True,1975.66,157.32
2025-01,Manzanas frescas,True,596.11,803.28,True,2113.89,803.28,True,2113.89,207.17
2025-02,Manzanas frescas,True,597.57,709.3,True,1866.58,709.3,True,1866.58,111.73
2025-03,Manzanas frescas,True,603.78,671.68,True,1767.59,671.68,True,1767.59,67.9
2025-04,Manzanas frescas,True,604.41,631.34,True,1661.41,631.34,True,1661.41,26.93
2025-05,Manzanas frescas,True,606.2,628.39,True,1653.67,628.39,True,1653.67,22.2
2025-06,Manzanas frescas,True,602.77,619.31,True,1629.77,619.31,True,1629.77,16.55
2025-07,Manzanas frescas,True,607.31,635.34,True,1671.95,635.34,True,1671.95,28.03
2025-08,Manzanas frescas,True,612.2,672.72,True,1770.32,672.72,True,1770.32,60.52
2025-09,Manzanas frescas,True,617.29,658.99,True,1734.18,658.99,True,1734.18,41.7
2025-10,Manzanas frescas,True,620.19,661.22,True,1740.04,661.22,True,1740.04,41.02
2025-11,Manzanas frescas,True,622.27,706.95,True,1860.4,706.95,True,1860.4,84.68
2025-12,Manzanas frescas,True,621.57,796.91,True,2097.13,796.91,True,2097.13,175.34
2026-01,Manzanas frescas,True,623.92,821.02,True,2160.58,821.02,True,2160.58,197.1
2026-02,Manzanas frescas,True,625.31,743.87,True,1957.57,743.87,True,1957.57,118.57
2026-03,Manzanas frescas,True,628.73,662.65,True,1743.81,662.65,True,1743.81,33.92
2026-04,Manzanas frescas,True,629.59,653.32,True,1719.27,653.32,True,1719.27,23.73
2026-05,Manzanas frescas,True,626.88,639.39,True,1682.6,639.39,True,1682.6,12.51
2026-06,Manzanas frescas,True,631.5,610.28,True,1605.99,610.28,True,1605.99,-21.22
2026-07,Manzanas frescas,True,635.41,614.93,True,1618.24,614.93,True,1618.24,-20.48
2026-08,Manzanas frescas,True,643.12,623.57,True,1640.96,623.57,True,1640.96,-19.56
2019-01,"Duraznos y nectarinas, frescos",True,190.53,159.18,True,1128.91,157.14,True,1114.46,-31.35
2019-02,"Duraznos y nectarinas, frescos",True,190.15,145.68,True,1033.21,143.82,True,1019.98,-44.47
2019-03,"Duraznos y nectarinas, frescos",True,191.51,165.73,True,1175.42,163.61,True,1160.37,-25.78
2019-04,"Duraznos y nectarinas, frescos",True,192.28,179.82,True,1275.32,177.52,True,1258.99,-12.46
2019-05,"Duraznos y nectarinas, frescos",True,192.39,179.93,False,1276.07,178.23,False,1264.02,-12.47
2019-06,"Duraznos y nectarinas, frescos",True,193.14,180.63,False,1281.03,178.33,False,1264.77,-12.52
2019-07,"Duraznos y nectarinas, frescos",True,193.56,181.02,False,1283.83,179.03,False,1269.68,-12.54
2019-08,"Duraznos y nectarinas, frescos",True,194.65,182.03,False,1291.01,179.42,False,1272.45,-12.61
2019-09,"Duraznos y nectarinas, frescos",True,194.69,182.07,False,1291.31,180.42,False,1279.57,-12.62
2019-10,"Duraznos y nectarinas, frescos",True,196.14,183.43,False,1300.9,180.46,False,1279.87,-12.71
2019-11,"Duraznos y nectarinas, frescos",True,198.09,185.25,False,1313.83,181.8,False,1289.38,-12.84
2019-12,"Duraznos y nectarinas, frescos",True,197.49,184.69,False,1309.88,183.61,False,1302.19,-12.8
2020-01,"Duraznos y nectarinas, frescos",True,199.19,178.56,True,1266.38,177.51,True,1258.95,-20.63
2020-02,"Duraznos y nectarinas, frescos",True,200.6,162.92,True,1155.45,161.96,True,1148.67,-37.68
2020-03,"Duraznos y nectarinas, frescos",True,201.92,181.34,True,1286.07,180.27,True,1278.53,-20.58
2020-04,"Duraznos y nectarinas, frescos",True,203.45,202.58,True,1436.73,201.39,True,1428.3,-0.87
2020-05,"Duraznos y nectarinas, frescos",True,203.38,202.51,False,1436.26,202.92,False,1439.14,-0.87
2020-06,"Duraznos y nectarinas, frescos",True,203.91,203.04,False,1439.98,202.85,False,1438.67,-0.87
2020-07,"Duraznos y nectarinas, frescos",True,204.8,203.92,False,1446.26,203.38,False,1442.39,-0.88
2020-08,"Duraznos y nectarinas, frescos",True,205.18,204.3,False,1448.95,204.27,False,1448.69,-0.88
2020-09,"Duraznos y nectarinas, frescos",True,208.16,207.27,False,1470.02,204.64,False,1451.38,-0.89
2020-10,"Duraznos y nectarinas, frescos",True,209.7,208.81,False,1480.89,207.62,False,1472.48,-0.9
2020-11,"Duraznos y nectarinas, frescos",True,209.99,209.1,False,1482.95,209.16,False,1483.38,-0.9
2020-12,"Duraznos y nectarinas, frescos",True,210.48,225.09,True,1596.38,225.15,True,1596.84,14.6
2021-01,"Duraznos y nectarinas, frescos",True,212.87,207.11,True,1468.86,207.17,True,1469.29,-5.76
2021-02,"Duraznos y nectarinas, frescos",True,212.05,190.29,True,1349.58,190.35,True,1349.98,-21.76
2021-03,"Duraznos y nectarinas, frescos",True,211.48,190.6,True,1351.75,190.65,True,1352.14,-20.89
2021-04,"Duraznos y nectarinas, frescos",True,212.96,192.73,True,1366.91,192.79,True,1367.31,-20.23
2021-05,"Duraznos y nectarinas, frescos",True,212.62,192.43,False,1364.76,194.14,False,1376.87,-20.19
2021-06,"Duraznos y nectarinas, frescos",True,212.74,192.53,False,1365.48,193.83,False,1374.7,-20.2
2021-07,"Duraznos y nectarinas, frescos",True,214.91,194.5,False,1379.41,193.93,False,1375.42,-20.41
2021-08,"Duraznos y nectarinas, frescos",True,215.92,195.42,False,1385.92,195.91,False,1389.45,-20.51
2021-09,"Duraznos y nectarinas, frescos",True,219.86,198.98,False,1411.18,196.84,False,1396.02,-20.88
2021-10,"Duraznos y nectarinas, frescos",True,222.1,201.01,False,1425.6,200.43,False,1421.46,-21.09
2021-11,"Duraznos y nectarinas, frescos",True,222.7,201.55,False,1429.42,202.47,False,1435.98,-21.15
2021-12,"Duraznos y nectarinas, frescos",True,224.32,203.02,False,1439.84,203.02,False,1439.84,-21.3
2022-01,"Duraznos y nectarinas, frescos",True,227.88,197.84,True,1403.09,197.84,True,1403.09,-30.04
2022-02,"Duraznos y nectarinas, frescos",True,231.2,203.51,True,1443.36,203.51,True,1443.36,-27.68
2022-03,"Duraznos y nectarinas, frescos",True,238.99,222.48,True,1577.89,222.48,True,1577.89,-16.51
2022-04,"Duraznos y nectarinas, frescos",True,244.3,245.72,True,1742.66,245.72,True,1742.66,1.41
2022-05,"Duraznos y nectarinas, frescos",True,248.66,250.1,False,1773.74,251.18,False,1781.42,1.44
2022-06,"Duraznos y nectarinas, frescos",True,251.97,253.43,False,1797.38,255.66,False,1813.19,1.46
2022-07,"Duraznos y nectarinas, frescos",True,256.25,257.73,False,1827.89,259.07,False,1837.35,1.48
2022-08,"Duraznos y nectarinas, frescos",True,261.13,262.64,False,1862.71,263.46,False,1868.53,1.51
2022-09,"Duraznos y nectarinas, frescos",True,266.15,267.69,False,1898.49,268.48,False,1904.13,1.54
2022-10,"Duraznos y nectarinas, frescos",True,268.33,269.88,False,1914.03,273.64,False,1940.71,1.55
2022-11,"Duraznos y nectarinas, frescos",True,272.54,274.11,False,1944.07,275.88,False,1956.59,1.57
2022-12,"Duraznos y nectarinas, frescos",True,275.31,276.9,False,1963.85,280.21,False,1987.3,1.59
2023-01,"Duraznos y nectarinas, frescos",True,278.12,252.37,True,1789.84,255.38,True,1811.21,-25.75
2023-02,"Duraznos y nectarinas, frescos",True,278.23,248.33,True,1761.19,251.29,True,1782.23,-29.9
2023-03,"Duraznos y nectarinas, frescos",True,279.51,271.06,True,1922.42,274.3,True,1945.38,-8.45
2023-04,"Duraznos y nectarinas, frescos",True,279.83,271.38,False,1924.66,275.56,False,1954.33,-8.46
2023-05,"Duraznos y nectarinas, frescos",True,280.39,271.92,False,1928.5,275.88,False,1956.61,-8.47
2023-06,"Duraznos y nectarinas, frescos",True,281.44,272.94,False,1935.73,276.43,False,1960.51,-8.51
2023-07,"Duraznos y nectarinas, frescos",True,284.4,275.8,False,1956.06,277.47,False,1967.86,-8.6
2023-08,"Duraznos y nectarinas, frescos",True,285.43,276.8,False,1963.11,280.38,False,1988.53,-8.63
2023-09,"Duraznos y nectarinas, frescos",True,288.08,279.37,False,1981.37,281.39,False,1995.7,-8.71
2023-10,"Duraznos y nectarinas, frescos",True,290.33,281.56,False,1996.84,284.01,False,2014.26,-8.77
2023-11,"Duraznos y nectarinas, frescos",True,292.77,283.92,False,2013.6,286.23,False,2029.99,-8.85
2023-12,"Duraznos y nectarinas, frescos",True,291.52,282.39,True,2002.79,284.69,True,2019.09,-9.12
2024-01,"Duraznos y nectarinas, frescos",True,294.06,266.46,True,1889.76,268.63,True,1905.15,-27.61
2024-02,"Duraznos y nectarinas, frescos",True,295.18,272.24,True,1930.81,274.46,True,1946.53,-22.93
2024-03,"Duraznos y nectarinas, frescos",True,293.51,270.79,True,1920.5,273.0,True,1936.14,-22.72
2024-04,"Duraznos y nectarinas, frescos",True,295.64,276.34,True,1959.86,278.59,True,1975.82,-19.3
2024-05,"Duraznos y nectarinas, frescos",True,296.13,276.8,False,1963.12,280.62,False,1990.19,-19.33
2024-06,"Duraznos y nectarinas, frescos",True,299.59,280.03,False,1986.01,281.08,False,1993.49,-19.56
2024-07,"Duraznos y nectarinas, frescos",True,300.02,280.43,False,1988.88,284.36,False,2016.74,-19.59
2024-08,"Duraznos y nectarinas, frescos",True,301.6,281.91,False,1999.34,284.77,False,2019.66,-19.69
2024-09,"Duraznos y nectarinas, frescos",True,300.68,281.05,False,1993.28,286.27,False,2030.27,-19.63
2024-10,"Duraznos y nectarinas, frescos",True,306.31,286.31,False,2030.56,285.4,False,2024.12,-20.0
2024-11,"Duraznos y nectarinas, frescos",True,306.04,286.06,False,2028.77,290.74,False,2061.98,-19.98
2024-12,"Duraznos y nectarinas, frescos",True,304.36,275.28,True,1952.34,279.79,True,1984.3,-29.08
2025-01,"Duraznos y nectarinas, frescos",True,305.73,261.44,True,1854.15,265.72,True,1884.51,-44.29
2025-02,"Duraznos y nectarinas, frescos",True,306.48,262.08,False,1858.72,266.91,False,1893.0,-44.4
2025-03,"Duraznos y nectarinas, frescos",True,309.67,264.8,False,1878.03,267.57,False,1897.67,-44.86
2025-04,"Duraznos y nectarinas, frescos",True,309.99,265.08,False,1879.98,270.35,False,1917.38,-44.91
2025-05,"Duraznos y nectarinas, frescos",True,310.9,265.86,False,1885.54,270.63,False,1919.37,-45.04
2025-06,"Duraznos y nectarinas, frescos",True,309.14,264.36,False,1874.86,271.43,False,1925.05,-44.79
2025-07,"Duraznos y nectarinas, frescos",True,311.48,266.35,False,1889.0,269.89,False,1914.15,-45.13
2025-08,"Duraznos y nectarinas, frescos",True,313.98,268.5,False,1904.22,271.93,False,1928.59,-45.49
2025-09,"Duraznos y nectarinas, frescos",True,316.59,270.72,False,1920.03,274.12,False,1944.12,-45.87
2025-10,"Duraznos y nectarinas, frescos",True,318.08,272.0,False,1929.07,276.4,False,1960.26,-46.08
2025-11,"Duraznos y nectarinas, frescos",True,319.15,272.91,False,1935.54,277.7,False,1969.5,-46.24
2025-12,"Duraznos y nectarinas, frescos",True,318.79,272.6,False,1933.35,278.63,False,1976.1,-46.19
2026-01,"Duraznos y nectarinas, frescos",True,319.99,268.45,True,1903.88,274.38,True,1945.97,-51.55
2026-02,"Duraznos y nectarinas, frescos",True,320.7,278.1,True,1972.36,284.25,True,2015.96,-42.6
2026-03,"Duraznos y nectarinas, frescos",True,322.46,273.18,True,1937.48,279.22,True,1980.32,-49.28
2026-04,"Duraznos y nectarinas, frescos",True,322.9,258.94,True,1836.46,264.67,True,1877.06,-63.96
2026-05,"Duraznos y nectarinas, frescos",True,321.51,257.83,False,1828.56,265.03,False,1879.62,-63.68
2026-06,"Duraznos y nectarinas, frescos",True,323.88,259.73,False,1842.09,263.89,False,1871.53,-64.15
2026-07,"Duraznos y nectarinas, frescos",True,325.89,261.33,False,1853.41,265.84,False,1885.38,-64.56
2026-08,"Duraznos y nectarinas, frescos",True,329.84,264.51,False,1875.93,267.47,False,1896.97,-65.34
2019-01,Uvas frescas,True,153.86,322.48,False,2287.07,329.73,False,2338.48,168.62
2019-02,Uvas frescas,True,153.56,250.28,True,1775.07,255.91,True,1814.97,96.73
2019-03,Uvas frescas,True,154.65,224.26,True,1590.51,229.3,True,1626.26,69.61
2019-04,Uvas frescas,True,155.27,208.18,True,1476.43,212.86,True,1509.62,52.9
2019-05,Uvas frescas,True,155.36,321.21,True,2278.11,328.43,True,2329.32,165.85
2019-06,Uvas frescas,True,155.97,288.85,True,2048.59,295.34,True,2094.64,132.88
2019-07,Uvas frescas,True,156.31,289.48,False,2053.06,296.49,False,2102.78,133.17
2019-08,Uvas frescas,True,157.18,291.1,False,2064.54,297.14,False,2107.37,133.92
2019-09,Uvas frescas,True,157.22,291.17,False,2065.02,298.8,False,2119.16,133.95
2019-10,Uvas frescas,True,158.39,293.33,False,2080.36,298.87,False,2119.64,134.94
2019-11,Uvas frescas,True,159.96,296.25,False,2101.04,301.09,False,2135.4,136.29
2019-12,Uvas frescas,True,159.48,295.35,False,2094.72,304.08,False,2156.62,135.87
2020-01,Uvas frescas,True,160.85,297.9,False,2112.76,303.17,False,2150.13,137.05
2020-02,Uvas frescas,True,161.99,290.97,True,2063.61,296.12,True,2100.12,128.98
2020-03,Uvas frescas,True,163.05,283.97,True,2013.98,288.99,True,2049.61,120.92
2020-04,Uvas frescas,True,164.29,275.34,True,1952.76,280.21,True,1987.3,111.05
2020-05,Uvas frescas,True,164.24,306.78,True,2175.74,312.21,True,2214.23,142.54
2020-06,Uvas frescas,True,164.66,338.89,True,2403.5,344.89,True,2446.02,174.23
2020-07,Uvas frescas,True,165.38,340.37,False,2414.0,345.78,False,2452.35,174.99
2020-08,Uvas frescas,True,165.69,341.0,False,2418.47,347.29,False,2463.06,175.32
2020-09,Uvas frescas,True,168.1,345.96,False,2453.64,347.94,False,2467.63,177.87
2020-10,Uvas frescas,True,169.34,348.52,False,2471.8,352.99,False,2503.51,179.18
2020-11,Uvas frescas,True,169.58,349.01,False,2475.23,355.61,False,2522.04,179.43
2020-12,Uvas frescas,True,169.97,349.82,False,2481.01,356.1,False,2525.53,179.85
2021-01,Uvas frescas,True,171.9,353.79,False,2509.16,356.93,False,2531.43,181.89
2021-02,Uvas frescas,True,171.24,360.2,True,2554.6,363.4,True,2577.28,188.96
2021-03,Uvas frescas,True,170.78,305.71,True,2168.16,308.42,True,2187.41,134.93
2021-04,Uvas frescas,True,171.97,298.65,True,2118.11,301.31,True,2136.92,126.68
2021-05,Uvas frescas,True,171.7,305.54,True,2166.96,308.25,True,2186.2,133.84
2021-06,Uvas frescas,True,171.79,305.7,False,2168.1,307.77,False,2182.75,133.91
2021-07,Uvas frescas,True,173.54,308.82,False,2190.22,307.93,False,2183.9,135.28
2021-08,Uvas frescas,True,174.36,310.28,False,2200.57,311.07,False,2206.18,135.92
2021-09,Uvas frescas,True,177.54,315.94,False,2240.68,312.54,False,2216.6,138.39
2021-10,Uvas frescas,True,179.36,319.16,False,2263.57,318.24,False,2257.0,139.81
2021-11,Uvas frescas,True,179.84,320.02,False,2269.64,321.49,False,2280.06,140.18
2021-12,Uvas frescas,True,181.15,322.35,False,2286.17,322.35,False,2286.17,141.2
2022-01,Uvas frescas,True,184.02,272.45,True,1932.23,272.45,True,1932.23,88.43
2022-02,Uvas frescas,True,186.7,286.46,True,2031.61,286.46,True,2031.61,99.76
2022-03,Uvas frescas,True,192.99,250.63,True,1777.5,250.63,True,1777.5,57.64
2022-04,Uvas frescas,True,197.28,202.76,True,1437.99,202.76,True,1437.99,5.47
2022-05,Uvas frescas,True,200.8,236.1,True,1674.5,236.1,True,1674.5,35.3
2022-06,Uvas frescas,True,203.48,269.54,True,1911.63,269.54,True,1911.63,66.06
2022-07,Uvas frescas,True,206.93,197.01,True,1397.22,197.01,True,1397.22,-9.92
2022-08,Uvas frescas,True,210.87,200.76,False,1423.84,200.35,False,1420.94,-10.11
2022-09,Uvas frescas,True,214.92,204.62,False,1451.19,204.17,False,1448.01,-10.31
2022-10,Uvas frescas,True,216.68,206.29,False,1463.07,208.09,False,1475.82,-10.39
2022-11,Uvas frescas,True,220.08,209.53,False,1486.03,209.79,False,1487.91,-10.55
2022-12,Uvas frescas,True,222.32,211.66,False,1501.15,213.09,False,1511.26,-10.66
2023-01,Uvas frescas,True,224.59,213.82,False,1516.44,215.26,False,1526.64,-10.77
2023-02,Uvas frescas,True,224.68,213.97,True,1517.54,215.41,True,1527.74,-10.71
2023-03,Uvas frescas,True,225.71,197.58,True,1401.27,198.91,True,1410.69,-28.13
2023-04,Uvas frescas,True,225.98,213.65,True,1515.25,215.09,True,1525.44,-12.32
2023-05,Uvas frescas,True,226.43,227.57,True,1613.97,229.1,True,1624.82,1.14
2023-06,Uvas frescas,True,227.27,270.04,True,1915.21,271.86,True,1928.08,42.77
2023-07,Uvas frescas,True,229.66,196.19,True,1391.43,197.51,True,1400.78,-33.47
2023-08,Uvas frescas,True,230.49,196.9,False,1396.44,199.59,False,1415.5,-33.59
2023-09,Uvas frescas,True,232.63,198.73,False,1409.43,200.3,False,1420.6,-33.9
2023-10,Uvas frescas,True,234.45,200.28,False,1420.44,202.17,False,1433.81,-34.17
2023-11,Uvas frescas,True,236.42,201.96,False,1432.35,203.75,False,1445.01,-34.46
2023-12,Uvas frescas,True,235.41,206.74,True,1466.22,208.56,True,1479.17,-28.67
2024-01,Uvas frescas,True,237.47,173.2,True,1228.39,174.73,True,1239.25,-64.26
2024-02,Uvas frescas,True,238.36,160.83,True,1140.63,162.25,True,1150.71,-77.54
2024-03,Uvas frescas,True,237.02,143.26,True,1016.0,144.52,True,1024.97,-93.76
2024-04,Uvas frescas,True,238.74,162.3,True,1151.07,163.73,True,1161.24,-76.44
2024-05,Uvas frescas,True,239.14,178.64,True,1266.93,180.22,True,1278.12,-60.5
2024-06,Uvas frescas,True,241.93,169.44,True,1201.71,170.94,True,1212.33,-72.48
2024-07,Uvas frescas,True,242.28,163.76,True,1161.45,165.21,True,1171.71,-78.51
2024-08,Uvas frescas,True,243.55,164.62,False,1167.55,165.45,False,1173.41,-78.92
2024-09,Uvas frescas,True,242.81,164.13,False,1164.02,166.32,False,1179.57,-78.69
2024-10,Uvas frescas,True,247.35,167.2,False,1185.79,165.82,False,1176.0,-80.16
2024-11,Uvas frescas,True,247.13,167.05,False,1184.74,168.92,False,1198.0,-80.09
2024-12,Uvas frescas,True,245.78,166.13,False,1178.23,168.77,False,1196.94,-79.65
2025-01,Uvas frescas,True,246.89,148.31,True,1051.86,150.67,True,1068.56,-98.57
2025-02,Uvas frescas,True,247.49,151.41,True,1073.8,153.81,True,1090.84,-96.09
2025-03,Uvas frescas,True,250.07,152.23,True,1079.61,154.64,True,1096.75,-97.84
2025-04,Uvas frescas,True,250.32,153.7,True,1090.08,156.14,True,1107.38,-96.62
2025-05,Uvas frescas,True,251.06,159.52,True,1131.35,162.05,True,1149.3,-91.54
2025-06,Uvas frescas,True,249.64,145.14,True,1029.35,147.44,True,1045.69,-104.51
2025-07,Uvas frescas,True,251.53,148.55,True,1053.52,150.9,True,1070.25,-102.98
2025-08,Uvas frescas,True,253.55,213.78,True,1516.16,217.17,True,1540.23,-39.77
2025-09,Uvas frescas,True,255.66,287.59,True,2039.67,292.16,True,2072.05,31.94
2025-10,Uvas frescas,True,256.86,288.95,False,2049.28,294.58,False,2089.25,32.09
2025-11,Uvas frescas,True,257.72,289.92,False,2056.15,295.97,False,2099.09,32.19
2025-12,Uvas frescas,True,257.43,289.59,False,2053.82,296.96,False,2106.13,32.16
2026-01,Uvas frescas,True,258.4,232.31,True,1647.59,238.23,True,1689.55,-26.09
2026-02,Uvas frescas,True,258.98,200.74,True,1423.66,205.85,True,1459.92,-58.24
2026-03,Uvas frescas,True,260.4,212.11,True,1504.33,217.51,True,1542.64,-48.29
2026-04,Uvas frescas,True,260.75,211.37,True,1499.09,216.75,True,1537.26,-49.38
2026-05,Uvas frescas,True,259.63,223.82,True,1587.35,229.52,True,1627.77,-35.81
2026-06,Uvas frescas,True,261.54,197.74,True,1402.41,202.78,True,1438.12,-63.8
2026-07,Uvas frescas,True,263.16,310.09,True,2199.2,317.98,True,2255.2,46.92
2026-08,Uvas frescas,True,266.36,334.18,True,2370.1,342.69,True,2430.45,67.83
2019-01,Lechugas frescas o refrigeradas,False,621.01,621.01,False,,621.66,False,,0.0
2019-02,Lechugas frescas o refrigeradas,False,619.79,619.79,False,,621.01,False,,0.0
2019-03,Lechugas frescas o refrigeradas,False,624.23,624.23,False,,619.79,False,,0.0
2019-04,Lechugas frescas o refrigeradas,False,626.72,626.72,False,,624.23,False,,0.0
2019-05,Lechugas frescas o refrigeradas,False,627.09,627.09,False,,626.72,False,,0.0
2019-06,Lechugas frescas o refrigeradas,False,629.53,629.53,False,,627.09,False,,0.0
2019-07,Lechugas frescas o refrigeradas,False,630.9,630.9,False,,629.53,False,,0.0
2019-08,Lechugas frescas o refrigeradas,False,634.43,634.43,False,,630.9,False,,0.0
2019-09,Lechugas frescas o refrigeradas,False,634.58,634.58,False,,634.43,False,,0.0
2019-10,Lechugas frescas o refrigeradas,False,639.29,639.29,False,,634.58,False,,0.0
2019-11,Lechugas frescas o refrigeradas,False,645.65,645.65,False,,639.29,False,,0.0
2019-12,Lechugas frescas o refrigeradas,False,643.7,643.7,False,,645.65,False,,0.0
2020-01,Lechugas frescas o refrigeradas,False,649.25,649.25,False,,643.7,False,,0.0
2020-02,Lechugas frescas o refrigeradas,False,653.84,653.84,False,,649.25,False,,0.0
2020-03,Lechugas frescas o refrigeradas,False,658.13,658.13,False,,653.84,False,,0.0
2020-04,Lechugas frescas o refrigeradas,False,663.13,663.13,False,,658.13,False,,0.0
2020-05,Lechugas frescas o refrigeradas,False,662.91,662.91,False,,663.13,False,,0.0
2020-06,Lechugas frescas o refrigeradas,False,664.62,664.62,False,,662.91,False,,0.0
2020-07,Lechugas frescas o refrigeradas,False,667.53,667.53,False,,664.62,False,,0.0
2020-08,Lechugas frescas o refrigeradas,False,668.76,668.76,False,,667.53,False,,0.0
2020-09,Lechugas frescas o refrigeradas,False,678.49,678.49,False,,668.76,False,,0.0
2020-10,Lechugas frescas o refrigeradas,False,683.51,683.51,False,,678.49,False,,0.0
2020-11,Lechugas frescas o refrigeradas,False,684.46,684.46,False,,683.51,False,,0.0
2020-12,Lechugas frescas o refrigeradas,False,686.06,686.06,False,,684.46,False,,0.0
2021-01,Lechugas frescas o refrigeradas,False,693.84,693.84,False,,686.06,False,,0.0
2021-02,Lechugas frescas o refrigeradas,False,691.17,691.17,False,,693.84,False,,0.0
2021-03,Lechugas frescas o refrigeradas,False,689.31,689.31,False,,691.17,False,,0.0
2021-04,Lechugas frescas o refrigeradas,False,694.13,694.13,False,,689.31,False,,0.0
2021-05,Lechugas frescas o refrigeradas,False,693.03,693.03,False,,694.13,False,,0.0
2021-06,Lechugas frescas o refrigeradas,False,693.39,693.39,False,,693.03,False,,0.0
2021-07,Lechugas frescas o refrigeradas,False,700.47,700.47,False,,693.39,False,,0.0
2021-08,Lechugas frescas o refrigeradas,False,703.78,703.78,False,,700.47,False,,0.0
2021-09,Lechugas frescas o refrigeradas,False,716.61,716.61,False,,703.78,False,,0.0
2021-10,Lechugas frescas o refrigeradas,False,723.93,723.93,False,,716.61,False,,0.0
2021-11,Lechugas frescas o refrigeradas,False,725.87,725.87,False,,723.93,False,,0.0
2021-12,Lechugas frescas o refrigeradas,False,731.16,731.16,False,,725.87,False,,0.0
2022-01,Lechugas frescas o refrigeradas,False,742.75,742.75,False,,731.16,False,,0.0
2022-02,Lechugas frescas o refrigeradas,False,753.57,753.57,False,,742.75,False,,0.0
2022-03,Lechugas frescas o refrigeradas,False,778.97,778.97,False,,753.57,False,,0.0
2022-04,Lechugas frescas o refrigeradas,False,796.29,796.29,False,,778.97,False,,0.0
2022-05,Lechugas frescas o refrigeradas,False,810.49,810.49,False,,796.29,False,,0.0
2022-06,Lechugas frescas o refrigeradas,False,821.29,821.29,False,,810.49,False,,0.0
2022-07,Lechugas frescas o refrigeradas,False,835.23,835.23,False,,821.29,False,,0.0
2022-08,Lechugas frescas o refrigeradas,False,851.14,851.14,False,,835.23,False,,0.0
2022-09,Lechugas frescas o refrigeradas,False,867.49,867.49,False,,851.14,False,,0.0
2022-10,Lechugas frescas o refrigeradas,False,874.59,874.59,False,,867.49,False,,0.0
2022-11,Lechugas frescas o refrigeradas,False,888.32,888.32,False,,874.59,False,,0.0
2022-12,Lechugas frescas o refrigeradas,False,897.36,897.36,False,,888.32,False,,0.0
2023-01,Lechugas frescas o refrigeradas,False,906.5,906.5,False,,897.36,False,,0.0
2023-02,Lechugas frescas o refrigeradas,False,906.86,906.86,False,,906.5,False,,0.0
2023-03,Lechugas frescas o refrigeradas,False,911.04,911.04,False,,906.86,False,,0.0
2023-04,Lechugas frescas o refrigeradas,False,912.1,912.1,False,,911.04,False,,0.0
2023-05,Lechugas frescas o refrigeradas,False,913.92,913.92,False,,912.1,False,,0.0
2023-06,Lechugas frescas o refrigeradas,False,917.34,917.34,False,,913.92,False,,0.0
2023-07,Lechugas frescas o refrigeradas,False,926.98,926.98,False,,917.34,False,,0.0
2023-08,Lechugas frescas o refrigeradas,False,930.32,930.32,False,,926.98,False,,0.0
2023-09,Lechugas frescas o refrigeradas,False,938.97,938.97,False,,930.32,False,,0.0
2023-10,Lechugas frescas o refrigeradas,False,946.31,946.31,False,,938.97,False,,0.0
2023-11,Lechugas frescas o refrigeradas,False,954.24,954.24,False,,946.31,False,,0.0
2023-12,Lechugas frescas o refrigeradas,False,950.17,950.17,False,,954.24,False,,0.0
2024-01,Lechugas frescas o refrigeradas,False,958.48,958.48,False,,950.17,False,,0.0
2024-02,Lechugas frescas o refrigeradas,False,962.1,962.1,False,,958.48,False,,0.0
2024-03,Lechugas frescas o refrigeradas,False,956.66,956.66,False,,962.1,False,,0.0
2024-04,Lechugas frescas o refrigeradas,False,963.62,963.62,False,,956.66,False,,0.0
2024-05,Lechugas frescas o refrigeradas,False,965.22,965.22,False,,963.62,False,,0.0
2024-06,Lechugas frescas o refrigeradas,False,976.48,976.48,False,,965.22,False,,0.0
2024-07,Lechugas frescas o refrigeradas,False,977.89,977.89,False,,976.48,False,,0.0
2024-08,Lechugas frescas o refrigeradas,False,983.03,983.03,False,,977.89,False,,0.0
2024-09,Lechugas frescas o refrigeradas,False,980.05,980.05,False,,983.03,False,,0.0
2024-10,Lechugas frescas o refrigeradas,False,998.38,998.38,False,,980.05,False,,0.0
2024-11,Lechugas frescas o refrigeradas,False,997.5,997.5,False,,998.38,False,,0.0
2024-12,Lechugas frescas o refrigeradas,False,992.02,992.02,False,,997.5,False,,0.0
2025-01,Lechugas frescas o refrigeradas,False,996.5,996.5,False,,992.02,False,,0.0
2025-02,Lechugas frescas o refrigeradas,False,998.95,998.95,False,,996.5,False,,0.0
2025-03,Lechugas frescas o refrigeradas,False,1009.33,1009.33,False,,998.95,False,,0.0
2025-04,Lechugas frescas o refrigeradas,False,1010.38,1010.38,False,,1009.33,False,,0.0
2025-05,Lechugas frescas o refrigeradas,False,1013.36,1013.36,False,,1010.38,False,,0.0
2025-06,Lechugas frescas o refrigeradas,False,1007.63,1007.63,False,,1013.36,False,,0.0
2025-07,Lechugas frescas o refrigeradas,False,1015.23,1015.23,False,,1007.63,False,,0.0
2025-08,Lechugas frescas o refrigeradas,False,1023.41,1023.41,False,,1015.23,False,,0.0
2025-09,Lechugas frescas o refrigeradas,False,1031.9,1031.9,False,,1023.41,False,,0.0
2025-10,Lechugas frescas o refrigeradas,False,1036.76,1036.76,False,,1031.9,False,,0.0
2025-11,Lechugas frescas o refrigeradas,False,1040.24,1040.24,False,,1036.76,False,,0.0
2025-12,Lechugas frescas o refrigeradas,False,1039.06,1039.06,False,,1040.24,False,,0.0
2026-01,Lechugas frescas o refrigeradas,False,1042.99,1042.99,False,,1039.06,False,,0.0
2026-02,Lechugas frescas o refrigeradas,False,1045.31,1045.31,False,,1042.99,False,,0.0
2026-03,Lechugas frescas o refrigeradas,False,1051.04,1051.04,False,,1045.31,False,,0.0
2026-04,Lechugas frescas o refrigeradas,False,1052.47,1052.47,False,,1051.04,False,,0.0
2026-05,Lechugas frescas o refrigeradas,False,1047.94,1047.94,False,,1052.47,False,,0.0
2026-06,Lechugas frescas o refrigeradas,False,1055.66,1055.66,False,,1047.94,False,,0.0
2026-07,Lechugas frescas o refrigeradas,False,1062.2,1062.2,False,,1055.66,False,,0.0
2026-08,Lechugas frescas o refrigeradas,False,1075.09,1075.09,False,,1062.2,False,,0.0
2019-01,Acelgas frescas o refrigeradas,False,103.64,103.64,False,,103.74,False,,0.0
2019-02,Acelgas frescas o refrigeradas,False,103.43,103.43,False,,103.64,False,,0.0
2019-03,Acelgas frescas o refrigeradas,False,104.17,104.17,False,,103.43,False,,0.0
2019-04,Acelgas frescas o refrigeradas,False,104.59,104.59,False,,104.17,False,,0.0
2019-05,Acelgas frescas o refrigeradas,False,104.65,104.65,False,,104.59,False,,0.0
2019-06,Acelgas frescas o refrigeradas,False,105.06,105.06,False,,104.65,False,,0.0
2019-07,Acelgas frescas o refrigeradas,False,105.29,105.29,False,,105.06,False,,0.0
2019-08,Acelgas frescas o refrigeradas,False,105.87,105.87,False,,105.29,False,,0.0
2019-09,Acelgas frescas o refrigeradas,False,105.9,105.9,False,,105.87,False,,0.0
2019-10,Acelgas frescas o refrigeradas,False,106.69,106.69,False,,105.9,False,,0.0
2019-11,Acelgas frescas o refrigeradas,False,107.75,107.75,False,,106.69,False,,0.0
2019-12,Acelgas frescas o refrigeradas,False,107.42,107.42,False,,107.75,False,,0.0
2020-01,Acelgas frescas o refrigeradas,False,108.35,108.35,False,,107.42,False,,0.0
2020-02,Acelgas frescas o refrigeradas,False,109.11,109.11,False,,108.35,False,,0.0
2020-03,Acelgas frescas o refrigeradas,False,109.83,109.83,False,,109.11,False,,0.0
2020-04,Acelgas frescas o refrigeradas,False,110.66,110.66,False,,109.83,False,,0.0
2020-05,Acelgas frescas o refrigeradas,False,110.63,110.63,False,,110.66,False,,0.0
2020-06,Acelgas frescas o refrigeradas,False,110.91,110.91,False,,110.63,False,,0.0
2020-07,Acelgas frescas o refrigeradas,False,111.4,111.4,False,,110.91,False,,0.0
2020-08,Acelgas frescas o refrigeradas,False,111.6,111.6,False,,111.4,False,,0.0
2020-09,Acelgas frescas o refrigeradas,False,113.23,113.23,False,,111.6,False,,0.0
2020-10,Acelgas frescas o refrigeradas,False,114.06,114.06,False,,113.23,False,,0.0
2020-11,Acelgas frescas o refrigeradas,False,114.22,114.22,False,,114.06,False,,0.0
2020-12,Acelgas frescas o refrigeradas,False,114.49,114.49,False,,114.22,False,,0.0
2021-01,Acelgas frescas o refrigeradas,False,115.79,115.79,False,,114.49,False,,0.0
2021-02,Acelgas frescas o refrigeradas,False,115.34,115.34,False,,115.79,False,,0.0
2021-03,Acelgas frescas o refrigeradas,False,115.03,115.03,False,,115.34,False,,0.0
2021-04,Acelgas frescas o refrigeradas,False,115.84,115.84,False,,115.03,False,,0.0
2021-05,Acelgas frescas o refrigeradas,False,115.65,115.65,False,,115.84,False,,0.0
2021-06,Acelgas frescas o refrigeradas,False,115.71,115.71,False,,115.65,False,,0.0
2021-07,Acelgas frescas o refrigeradas,False,116.89,116.89,False,,115.71,False,,0.0
2021-08,Acelgas frescas o refrigeradas,False,117.45,117.45,False,,116.89,False,,0.0
2021-09,Acelgas frescas o refrigeradas,False,119.59,119.59,False,,117.45,False,,0.0
2021-10,Acelgas frescas o refrigeradas,False,120.81,120.81,False,,119.59,False,,0.0
2021-11,Acelgas frescas o refrigeradas,False,121.13,121.13,False,,120.81,False,,0.0
2021-12,Acelgas frescas o refrigeradas,False,122.02,122.02,False,,121.13,False,,0.0
2022-01,Acelgas frescas o refrigeradas,False,123.95,123.95,False,,122.02,False,,0.0
2022-02,Acelgas frescas o refrigeradas,False,125.76,125.76,False,,123.95,False,,0.0
2022-03,Acelgas frescas o refrigeradas,False,129.99,129.99,False,,125.76,False,,0.0
2022-04,Acelgas frescas o refrigeradas,False,132.88,132.88,False,,129.99,False,,0.0
2022-05,Acelgas frescas o refrigeradas,False,135.25,135.25,False,,132.88,False,,0.0
2022-06,Acelgas frescas o refrigeradas,False,137.06,137.06,False,,135.25,False,,0.0
2022-07,Acelgas frescas o refrigeradas,False,139.38,139.38,False,,137.06,False,,0.0
2022-08,Acelgas frescas o refrigeradas,False,142.04,142.04,False,,139.38,False,,0.0
2022-09,Acelgas frescas o refrigeradas,False,144.77,144.77,False,,142.04,False,,0.0
2022-10,Acelgas frescas o refrigeradas,False,145.95,145.95,False,,144.77,False,,0.0
2022-11,Acelgas frescas o refrigeradas,False,148.24,148.24,False,,145.95,False,,0.0
2022-12,Acelgas frescas o refrigeradas,False,149.75,149.75,False,,148.24,False,,0.0
2023-01,Acelgas frescas o refrigeradas,False,151.28,151.28,False,,149.75,False,,0.0
2023-02,Acelgas frescas o refrigeradas,False,151.34,151.34,False,,151.28,False,,0.0
2023-03,Acelgas frescas o refrigeradas,False,152.03,152.03,False,,151.34,False,,0.0
2023-04,Acelgas frescas o refrigeradas,False,152.21,152.21,False,,152.03,False,,0.0
2023-05,Acelgas frescas o refrigeradas,False,152.52,152.52,False,,152.21,False,,0.0
2023-06,Acelgas frescas o refrigeradas,False,153.09,153.09,False,,152.52,False,,0.0
2023-07,Acelgas frescas o refrigeradas,False,154.69,154.69,False,,153.09,False,,0.0
2023-08,Acelgas frescas o refrigeradas,False,155.25,155.25,False,,154.69,False,,0.0
2023-09,Acelgas frescas o refrigeradas,False,156.7,156.7,False,,155.25,False,,0.0
2023-10,Acelgas frescas o refrigeradas,False,157.92,157.92,False,,156.7,False,,0.0
2023-11,Acelgas frescas o refrigeradas,False,159.24,159.24,False,,157.92,False,,0.0
2023-12,Acelgas frescas o refrigeradas,False,158.56,158.56,False,,159.24,False,,0.0
2024-01,Acelgas frescas o refrigeradas,False,159.95,159.95,False,,158.56,False,,0.0
2024-02,Acelgas frescas o refrigeradas,False,160.56,160.56,False,,159.95,False,,0.0
2024-03,Acelgas frescas o refrigeradas,False,159.65,159.65,False,,160.56,False,,0.0
2024-04,Acelgas frescas o refrigeradas,False,160.81,160.81,False,,159.65,False,,0.0
2024-05,Acelgas frescas o refrigeradas,False,161.08,161.08,False,,160.81,False,,0.0
2024-06,Acelgas frescas o refrigeradas,False,162.95,162.95,False,,161.08,False,,0.0
2024-07,Acelgas frescas o refrigeradas,False,163.19,163.19,False,,162.95,False,,0.0
2024-08,Acelgas frescas o refrigeradas,False,164.05,164.05,False,,163.19,False,,0.0
2024-09,Acelgas frescas o refrigeradas,False,163.55,163.55,False,,164.05,False,,0.0
2024-10,Acelgas frescas o refrigeradas,False,166.61,166.61,False,,163.55,False,,0.0
2024-11,Acelgas frescas o refrigeradas,False,166.46,166.46,False,,166.61,False,,0.0
2024-12,Acelgas frescas o refrigeradas,False,165.55,165.55,False,,166.46,False,,0.0
2025-01,Acelgas frescas o refrigeradas,False,166.3,166.3,False,,165.55,False,,0.0
2025-02,Acelgas frescas o refrigeradas,False,166.71,166.71,False,,166.3,False,,0.0
2025-03,Acelgas frescas o refrigeradas,False,168.44,168.44,False,,166.71,False,,0.0
2025-04,Acelgas frescas o refrigeradas,False,168.61,168.61,False,,168.44,False,,0.0
2025-05,Acelgas frescas o refrigeradas,False,169.11,169.11,False,,168.61,False,,0.0
2025-06,Acelgas frescas o refrigeradas,False,168.15,168.15,False,,169.11,False,,0.0
2025-07,Acelgas frescas o refrigeradas,False,169.42,169.42,False,,168.15,False,,0.0
2025-08,Acelgas frescas o refrigeradas,False,170.79,170.79,False,,169.42,False,,0.0
2025-09,Acelgas frescas o refrigeradas,False,172.2,172.2,False,,170.79,False,,0.0
2025-10,Acelgas frescas o refrigeradas,False,173.02,173.02,False,,172.2,False,,0.0
2025-11,Acelgas frescas o refrigeradas,False,173.6,173.6,False,,173.02,False,,0.0
2025-12,Acelgas frescas o refrigeradas,False,173.4,173.4,False,,173.6,False,,0.0
2026-01,Acelgas frescas o refrigeradas,False,174.05,174.05,False,,173.4,False,,0.0
2026-02,Acelgas frescas o refrigeradas,False,174.44,174.44,False,,174.05,False,,0.0
2026-03,Acelgas frescas o refrigeradas,False,175.4,175.4,False,,174.44,False,,0.0
2026-04,Acelgas frescas o refrigeradas,False,175.64,175.64,False,,175.4,False,,0.0
2026-05,Acelgas frescas o refrigeradas,False,174.88,174.88,False,,175.64,False,,0.0
2026-06,Acelgas frescas o refrigeradas,False,176.17,176.17,False,,174.88,False,,0.0
2026-07,Acelgas frescas o refrigeradas,False,177.26,177.26,False,,176.17,False,,0.0
2026-08,Acelgas frescas o refrigeradas,False,179.41,179.41,False,,177.26,False,,0.0
2019-01,Brócolis frescos o refrigerados,False,101.24,101.24,False,,101.35,False,,0.0
2019-02,Brócolis frescos o refrigerados,False,101.04,101.04,False,,101.24,False,,0.0
2019-03,Brócolis frescos o refrigerados,False,101.77,101.77,False,,101.04,False,,0.0
2019-04,Brócolis frescos o refrigerados,False,102.17,102.17,False,,101.77,False,,0.0
2019-05,Brócolis frescos o refrigerados,False,102.23,102.23,False,,102.17,False,,0.0
2019-06,Brócolis frescos o refrigerados,False,102.63,102.63,False,,102.23,False,,0.0
2019-07,Brócolis frescos o refrigerados,False,102.86,102.86,False,,102.63,False,,0.0
2019-08,Brócolis frescos o refrigerados,False,103.43,103.43,False,,102.86,False,,0.0
2019-09,Brócolis frescos o refrigerados,False,103.45,103.45,False,,103.43,False,,0.0
2019-10,Brócolis frescos o refrigerados,False,104.22,104.22,False,,103.45,False,,0.0
2019-11,Brócolis frescos o refrigerados,False,105.26,105.26,False,,104.22,False,,0.0
2019-12,Brócolis frescos o refrigerados,False,104.94,104.94,False,,105.26,False,,0.0
2020-01,Brócolis frescos o refrigerados,False,105.85,105.85,False,,104.94,False,,0.0
2020-02,Brócolis frescos o refrigerados,False,106.6,106.6,False,,105.85,False,,0.0
2020-03,Brócolis frescos o refrigerados,False,107.29,107.29,False,,106.6,False,,0.0
2020-04,Brócolis frescos o refrigerados,False,108.11,108.11,False,,107.29,False,,0.0
2020-05,Brócolis frescos o refrigerados,False,108.07,108.07,False,,108.11,False,,0.0
2020-06,Brócolis frescos o refrigerados,False,108.35,108.35,False,,108.07,False,,0.0
2020-07,Brócolis frescos o refrigerados,False,108.83,108.83,False,,108.35,False,,0.0
2020-08,Brócolis frescos o refrigerados,False,109.03,109.03,False,,108.83,False,,0.0
2020-09,Brócolis frescos o refrigerados,False,110.61,110.61,False,,109.03,False,,0.0
2020-10,Brócolis frescos o refrigerados,False,111.43,111.43,False,,110.61,False,,0.0
2020-11,Brócolis frescos o refrigerados,False,111.59,111.59,False,,111.43,False,,0.0
2020-12,Brócolis frescos o refrigerados,False,111.85,111.85,False,,111.59,False,,0.0
2021-01,Brócolis frescos o refrigerados,False,113.12,113.12,False,,111.85,False,,0.0
2021-02,Brócolis frescos o refrigerados,False,112.68,112.68,False,,113.12,False,,0.0
2021-03,Brócolis frescos o refrigerados,False,112.38,112.38,False,,112.68,False,,0.0
2021-04,Brócolis frescos o refrigerados,False,113.16,113.16,False,,112.38,False,,0.0
2021-05,Brócolis frescos o refrigerados,False,112.98,112.98,False,,113.16,False,,0.0
2021-06,Brócolis frescos o refrigerados,False,113.04,113.04,False,,112.98,False,,0.0
2021-07,Brócolis frescos o refrigerados,False,114.2,114.2,False,,113.04,False,,0.0
2021-08,Brócolis frescos o refrigerados,False,114.74,114.74,False,,114.2,False,,0.0
2021-09,Brócolis frescos o refrigerados,False,116.83,116.83,False,,114.74,False,,0.0
2021-10,Brócolis frescos o refrigerados,False,118.02,118.02,False,,116.83,False,,0.0
2021-11,Brócolis frescos o refrigerados,False,118.34,118.34,False,,118.02,False,,0.0
2021-12,Brócolis frescos o refrigerados,False,119.2,119.2,False,,118.34,False,,0.0
2022-01,Brócolis frescos o refrigerados,False,121.09,121.09,False,,119.2,False,,0.0
2022-02,Brócolis frescos o refrigerados,False,122.85,122.85,False,,121.09,False,,0.0
2022-03,Brócolis frescos o refrigerados,False,126.99,126.99,False,,122.85,False,,0.0
2022-04,Brócolis frescos o refrigerados,False,129.82,129.82,False,,126.99,False,,0.0
2022-05,Brócolis frescos o refrigerados,False,132.13,132.13,False,,129.82,False,,0.0
2022-06,Brócolis frescos o refrigerados,False,133.89,133.89,False,,132.13,False,,0.0
2022-07,Brócolis frescos o refrigerados,False,136.17,136.17,False,,133.89,False,,0.0
2022-08,Brócolis frescos o refrigerados,False,138.76,138.76,False,,136.17,False,,0.0
2022-09,Brócolis frescos o refrigerados,False,141.43,141.43,False,,138.76,False,,0.0
2022-10,Brócolis frescos o refrigerados,False,142.58,142.58,False,,141.43,False,,0.0
2022-11,Brócolis frescos o refrigerados,False,144.82,144.82,False,,142.58,False,,0.0
2022-12,Brócolis frescos o refrigerados,False,146.3,146.3,False,,144.82,False,,0.0
2023-01,Brócolis frescos o refrigerados,False,147.79,147.79,False,,146.3,False,,0.0
2023-02,Brócolis frescos o refrigerados,False,147.85,147.85,False,,147.79,False,,0.0
2023-03,Brócolis frescos o refrigerados,False,148.53,148.53,False,,147.85,False,,0.0
2023-04,Brócolis frescos o refrigerados,False,148.7,148.7,False,,148.53,False,,0.0
2023-05,Brócolis frescos o refrigerados,False,149.0,149.0,False,,148.7,False,,0.0
2023-06,Brócolis frescos o refrigerados,False,149.55,149.55,False,,149.0,False,,0.0
2023-07,Brócolis frescos o refrigerados,False,151.12,151.12,False,,149.55,False,,0.0
2023-08,Brócolis frescos o refrigerados,False,151.67,151.67,False,,151.12,False,,0.0
2023-09,Brócolis frescos o refrigerados,False,153.08,153.08,False,,151.67,False,,0.0
2023-10,Brócolis frescos o refrigerados,False,154.28,154.28,False,,153.08,False,,0.0
2023-11,Brócolis frescos o refrigerados,False,155.57,155.57,False,,154.28,False,,0.0
2023-12,Brócolis frescos o refrigerados,False,154.91,154.91,False,,155.57,False,,0.0
2024-01,Brócolis frescos o refrigerados,False,156.26,156.26,False,,154.91,False,,0.0
2024-02,Brócolis frescos o refrigerados,False,156.85,156.85,False,,156.26,False,,0.0
2024-03,Brócolis frescos o refrigerados,False,155.96,155.96,False,,156.85,False,,0.0
2024-04,Brócolis frescos o refrigerados,False,157.1,157.1,False,,155.96,False,,0.0
2024-05,Brócolis frescos o refrigerados,False,157.36,157.36,False,,157.1,False,,0.0
2024-06,Brócolis frescos o refrigerados,False,159.19,159.19,False,,157.36,False,,0.0
2024-07,Brócolis frescos o refrigerados,False,159.42,159.42,False,,159.19,False,,0.0
2024-08,Brócolis frescos o refrigerados,False,160.26,160.26,False,,159.42,False,,0.0
2024-09,Brócolis frescos o refrigerados,False,159.78,159.78,False,,160.26,False,,0.0
2024-10,Brócolis frescos o refrigerados,False,162.77,162.77,False,,159.78,False,,0.0
2024-11,Brócolis frescos o refrigerados,False,162.62,162.62,False,,162.77,False,,0.0
2024-12,Brócolis frescos o refrigerados,False,161.73,161.73,False,,162.62,False,,0.0
2025-01,Brócolis frescos o refrigerados,False,162.46,162.46,False,,161.73,False,,0.0
2025-02,Brócolis frescos o refrigerados,False,162.86,162.86,False,,162.46,False,,0.0
2025-03,Brócolis frescos o refrigerados,False,164.55,164.55,False,,162.86,False,,0.0
2025-04,Brócolis frescos o refrigerados,False,164.72,164.72,False,,164.55,False,,0.0
2025-05,Brócolis frescos o refrigerados,False,165.21,165.21,False,,164.72,False,,0.0
2025-06,Brócolis frescos o refrigerados,False,164.27,164.27,False,,165.21,False,,0.0
2025-07,Brócolis frescos o refrigerados,False,165.51,165.51,False,,164.27,False,,0.0
2025-08,Brócolis frescos o refrigerados,False,166.85,166.85,False,,165.51,False,,0.0
2025-09,Brócolis frescos o refrigerados,False,168.23,168.23,False,,166.85,False,,0.0
2025-10,Brócolis frescos o refrigerados,False,169.02,169.02,False,,168.23,False,,0.0
2025-11,Brócolis frescos o refrigerados,False,169.59,169.59,False,,169.02,False,,0.0
2025-12,Brócolis frescos o refrigerados,False,169.4,169.4,False,,169.59,False,,0.0
2026-01,Brócolis frescos o refrigerados,False,170.04,170.04,False,,169.4,False,,0.0
2026-02,Brócolis frescos o refrigerados,False,170.42,170.42,False,,170.04,False,,0.0
2026-03,Brócolis frescos o refrigerados,False,171.35,171.35,False,,170.42,False,,0.0
2026-04,Brócolis frescos o refrigerados,False,171.58,171.58,False,,171.35,False,,0.0
2026-05,Brócolis frescos o refrigerados,False,170.85,170.85,False,,171.58,False,,0.0
2026-06,Brócolis frescos o refrigerados,False,172.1,172.1,False,,170.85,False,,0.0
2026-07,Brócolis frescos o refrigerados,False,173.17,173.17,False,,172.1,False,,0.0
2026-08,Brócolis frescos o refrigerados,False,175.27,175.27,False,,173.17,False,,0.0
2019-01,Zapallos frescos o refrigerados,True,397.8,266.04,True,1122.51,266.04,True,1122.51,-131.76
2019-02,Zapallos frescos o refrigerados,True,397.02,250.21,True,1055.74,250.21,True,1055.74,-146.81
2019-03,Zapallos frescos o refrigerados,True,399.86,243.53,True,1027.57,243.53,True,1027.57,-156.32
2019-04,Zapallos frescos o refrigerados,True,401.46,242.06,True,1021.35,242.06,True,1021.35,-159.4
2019-05,Zapallos frescos o refrigerados,True,401.69,223.88,True,944.65,223.88,True,944.65,-177.81
2019-06,Zapallos frescos o refrigerados,True,403.25,257.17,True,1085.12,257.17,True,1085.12,-146.08
2019-07,Zapallos frescos o refrigerados,True,404.13,239.49,True,1010.51,239.49,True,1010.51,-164.64
2019-08,Zapallos frescos o refrigerados,True,406.39,307.43,True,1297.15,307.43,True,1297.15,-98.97
2019-09,Zapallos frescos o refrigerados,True,406.49,304.01,True,1282.76,304.01,True,1282.76,-102.47
2019-10,Zapallos frescos o refrigerados,True,409.51,316.91,True,1337.17,316.91,True,1337.17,-92.6
2019-11,Zapallos frescos o refrigerados,True,413.58,329.18,True,1388.93,329.18,True,1388.93,-84.4
2019-12,Zapallos frescos o refrigerados,True,412.33,293.93,True,1240.2,293.93,True,1240.2,-118.41
2020-01,Zapallos frescos o refrigerados,True,415.89,285.8,True,1205.91,285.8,True,1205.91,-130.08
2020-02,Zapallos frescos o refrigerados,True,418.83,298.12,True,1257.88,298.12,True,1257.88,-120.71
2020-03,Zapallos frescos o refrigerados,True,421.58,302.84,True,1277.81,302.84,True,1277.81,-118.73
2020-04,Zapallos frescos o refrigerados,True,424.78,300.84,True,1269.37,300.84,True,1269.37,-123.94
2020-05,Zapallos frescos o refrigerados,True,424.64,335.57,True,1415.92,335.57,True,1415.92,-89.06
2020-06,Zapallos frescos o refrigerados,True,425.73,333.13,True,1405.63,333.13,True,1405.63,-92.6
2020-07,Zapallos frescos o refrigerados,True,427.59,378.6,True,1597.48,378.6,True,1597.48,-48.99
2020-08,Zapallos frescos o refrigerados,True,428.39,375.44,True,1584.12,375.44,True,1584.12,-52.95
2020-09,Zapallos frescos o refrigerados,True,434.62,411.51,True,1736.35,411.51,True,1736.35,-23.1
2020-10,Zapallos frescos o refrigerados,True,437.83,459.98,True,1940.85,459.98,True,1940.85,22.15
2020-11,Zapallos frescos o refrigerados,True,438.44,538.74,True,2273.17,538.74,True,2273.17,100.3
2020-12,Zapallos frescos o refrigerados,True,439.46,429.03,True,1810.24,429.03,True,1810.24,-10.44
2021-01,Zapallos frescos o refrigerados,True,444.45,357.32,True,1507.69,357.32,True,1507.69,-87.13
2021-02,Zapallos frescos o refrigerados,True,442.74,370.66,True,1563.99,370.66,True,1563.99,-72.08
2021-03,Zapallos frescos o refrigerados,True,441.55,353.25,True,1490.51,353.25,True,1490.51,-88.3
2021-04,Zapallos frescos o refrigerados,True,444.63,349.75,True,1475.75,349.75,True,1475.75,-94.88
2021-05,Zapallos frescos o refrigerados,True,443.93,347.41,True,1465.88,347.41,True,1465.88,-96.52
2021-06,Zapallos frescos o refrigerados,True,444.16,330.17,True,1393.13,330.17,True,1393.13,-113.99
2021-07,Zapallos frescos o refrigerados,True,448.7,338.43,True,1427.96,338.43,True,1427.96,-110.27
2021-08,Zapallos frescos o refrigerados,True,450.82,341.74,True,1441.94,341.74,True,1441.94,-109.08
2021-09,Zapallos frescos o refrigerados,True,459.03,353.52,True,1491.65,353.52,True,1491.65,-105.51
2021-10,Zapallos frescos o refrigerados,True,463.72,335.68,True,1416.36,335.68,True,1416.36,-128.04
2021-11,Zapallos frescos o refrigerados,True,464.97,296.11,True,1249.43,296.11,True,1249.43,-168.85
2021-12,Zapallos frescos o refrigerados,True,468.35,314.81,True,1328.33,314.81,True,1328.33,-153.54
2022-01,Zapallos frescos o refrigerados,True,475.78,287.05,True,1211.17,287.05,True,1211.17,-188.73
2022-02,Zapallos frescos o refrigerados,True,482.71,342.76,True,1446.24,342.76,True,1446.24,-139.95
2022-03,Zapallos frescos o refrigerados,True,498.98,339.49,True,1432.44,339.49,True,1432.44,-159.49
2022-04,Zapallos frescos o refrigerados,True,510.07,308.25,True,1300.62,308.25,True,1300.62,-201.83
2022-05,Zapallos frescos o refrigerados,True,519.17,336.35,True,1419.19,336.35,True,1419.19,-182.82
2022-06,Zapallos frescos o refrigerados,True,526.09,339.08,True,1430.73,339.08,True,1430.73,-187.0
2022-07,Zapallos frescos o refrigerados,True,535.02,358.11,True,1511.03,358.11,True,1511.03,-176.91
2022-08,Zapallos frescos o refrigerados,True,545.21,352.12,True,1485.75,352.12,True,1485.75,-193.09
2022-09,Zapallos frescos o refrigerados,True,555.68,355.54,True,1500.16,355.54,True,1500.16,-200.14
2022-10,Zapallos frescos o refrigerados,True,560.23,402.75,True,1699.38,402.75,True,1699.38,-157.48
2022-11,Zapallos frescos o refrigerados,True,569.03,396.69,True,1673.8,396.69,True,1673.8,-172.34
2022-12,Zapallos frescos o refrigerados,True,574.82,402.87,True,1699.88,402.87,True,1699.88,-171.94
2023-01,Zapallos frescos o refrigerados,True,580.67,398.59,True,1681.81,398.59,True,1681.81,-182.08
2023-02,Zapallos frescos o refrigerados,True,580.9,409.33,True,1727.15,409.33,True,1727.15,-171.57
2023-03,Zapallos frescos o refrigerados,True,583.58,384.8,True,1623.64,384.8,True,1623.64,-198.78
2023-04,Zapallos frescos o refrigerados,True,584.26,412.19,True,1739.2,412.19,True,1739.2,-172.07
2023-05,Zapallos frescos o refrigerados,True,585.42,374.79,True,1581.41,374.79,True,1581.41,-210.63
2023-06,Zapallos frescos o refrigerados,True,587.62,361.43,True,1525.02,361.43,True,1525.02,-226.19
2023-07,Zapallos frescos o refrigerados,True,593.79,359.26,True,1515.87,359.26,True,1515.87,-234.53
2023-08,Zapallos frescos o refrigerados,True,595.93,370.44,True,1563.05,370.44,True,1563.05,-225.49
2023-09,Zapallos frescos o refrigerados,True,601.47,361.6,True,1525.74,361.6,True,1525.74,-239.87
2023-10,Zapallos frescos o refrigerados,True,606.17,416.47,True,1757.27,416.47,True,1757.27,-189.7
2023-11,Zapallos frescos o refrigerados,True,611.26,518.88,True,2189.38,518.88,True,2189.38,-92.37
2023-12,Zapallos frescos o refrigerados,True,608.65,516.57,True,2179.61,516.57,True,2179.61,-92.08
2024-01,Zapallos frescos o refrigerados,True,613.97,422.7,True,1783.55,422.7,True,1783.55,-191.26
2024-02,Zapallos frescos o refrigerados,True,616.29,409.57,True,1728.13,409.57,True,1728.13,-206.72
2024-03,Zapallos frescos o refrigerados,True,612.81,391.36,True,1651.32,391.36,True,1651.32,-221.44
2024-04,Zapallos frescos o refrigerados,True,617.26,379.75,True,1602.33,379.75,True,1602.33,-237.51
2024-05,Zapallos frescos o refrigerados,True,618.29,397.63,True,1677.75,397.63,True,1677.75,-220.66
2024-06,Zapallos frescos o refrigerados,True,625.5,383.23,True,1617.01,383.23,True,1617.01,-242.27
2024-07,Zapallos frescos o refrigerados,True,626.4,398.49,True,1681.39,398.49,True,1681.39,-227.91
2024-08,Zapallos frescos o refrigerados,True,629.69,365.35,True,1541.55,365.35,True,1541.55,-264.35
2024-09,Zapallos frescos o refrigerados,True,627.79,489.33,True,2064.67,489.33,True,2064.67,-138.46
2024-10,Zapallos frescos o refrigerados,True,639.53,448.43,True,1892.1,448.43,True,1892.1,-191.1
2024-11,Zapallos frescos o refrigerados,True,638.96,428.89,True,1809.66,428.89,True,1809.66,-210.07
2024-12,Zapallos frescos o refrigerados,True,635.46,432.39,True,1824.45,432.39,True,1824.45,-203.06
2025-01,Zapallos frescos o refrigerados,True,638.32,434.14,True,1831.79,434.14,True,1831.79,-204.18
2025-02,Zapallos frescos o refrigerados,True,639.89,431.69,True,1821.48,431.69,True,1821.48,-208.2
2025-03,Zapallos frescos o refrigerados,True,646.54,422.23,True,1781.56,422.23,True,1781.56,-224.31
2025-04,Zapallos frescos o refrigerados,True,647.21,394.75,True,1665.59,394.75,True,1665.59,-252.47
2025-05,Zapallos frescos o refrigerados,True,649.12,420.87,True,1775.81,420.87,True,1775.81,-228.26
2025-06,Zapallos frescos o refrigerados,True,645.45,419.21,True,1768.81,419.21,True,1768.81,-226.24
2025-07,Zapallos frescos o refrigerados,True,650.32,418.09,True,1764.11,418.09,True,1764.11,-232.22
2025-08,Zapallos frescos o refrigerados,True,655.56,433.33,True,1828.38,433.33,True,1828.38,-222.23
2025-09,Zapallos frescos o refrigerados,True,661.0,459.78,True,1940.0,459.78,True,1940.0,-201.22
2025-10,Zapallos frescos o refrigerados,True,664.11,490.09,True,2067.88,490.09,True,2067.88,-174.03
2025-11,Zapallos frescos o refrigerados,True,666.34,492.41,True,2077.67,492.41,True,2077.67,-173.93
2025-12,Zapallos frescos o refrigerados,True,665.59,470.27,True,1984.27,470.27,True,1984.27,-195.31
2026-01,Zapallos frescos o refrigerados,True,668.1,411.0,True,1734.16,411.0,True,1734.16,-257.11
2026-02,Zapallos frescos o refrigerados,True,669.59,406.75,True,1716.26,406.75,True,1716.26,-262.83
2026-03,Zapallos frescos o refrigerados,True,673.26,430.95,True,1818.36,430.95,True,1818.36,-242.3
2026-04,Zapallos frescos o refrigerados,True,674.17,466.68,True,1969.13,466.68,True,1969.13,-207.49
2026-05,Zapallos frescos o refrigerados,True,671.27,438.99,True,1852.27,438.99,True,1852.27,-232.28
2026-06,Zapallos frescos o refrigerados,True,676.22,457.77,True,1931.53,457.77,True,1931.53,-218.45
2026-07,Zapallos frescos o refrigerados,True,680.41,527.47,True,2225.63,527.47,True,2225.63,-152.94
2026-08,Zapallos frescos o refrigerados,True,688.67,515.26,True,2174.08,515.26,True,2174.08,-173.41
2019-01,Pepinos (hortalizas) frescos o refrigerados,False,81.31,81.31,False,,81.4,False,,0.0
2019-02,Pepinos (hortalizas) frescos o refrigerados,False,81.15,81.15,False,,81.31,False,,0.0
2019-03,Pepinos (hortalizas) frescos o refrigerados,False,81.73,81.73,False,,81.15,False,,0.0
2019-04,Pepinos (hortalizas) frescos o refrigerados,False,82.06,82.06,False,,81.73,False,,0.0
2019-05,Pepinos (hortalizas) frescos o refrigerados,False,82.11,82.11,False,,82.06,False,,0.0
2019-06,Pepinos (hortalizas) frescos o refrigerados,False,82.43,82.43,False,,82.11,False,,0.0
2019-07,Pepinos (hortalizas) frescos o refrigerados,False,82.61,82.61,False,,82.43,False,,0.0
2019-08,Pepinos (hortalizas) frescos o refrigerados,False,83.07,83.07,False,,82.61,False,,0.0
2019-09,Pepinos (hortalizas) frescos o refrigerados,False,83.09,83.09,False,,83.07,False,,0.0
2019-10,Pepinos (hortalizas) frescos o refrigerados,False,83.71,83.71,False,,83.09,False,,0.0
2019-11,Pepinos (hortalizas) frescos o refrigerados,False,84.54,84.54,False,,83.71,False,,0.0
2019-12,Pepinos (hortalizas) frescos o refrigerados,False,84.28,84.28,False,,84.54,False,,0.0
2020-01,Pepinos (hortalizas) frescos o refrigerados,False,85.01,85.01,False,,84.28,False,,0.0
2020-02,Pepinos (hortalizas) frescos o refrigerados,False,85.61,85.61,False,,85.01,False,,0.0
2020-03,Pepinos (hortalizas) frescos o refrigerados,False,86.17,86.17,False,,85.61,False,,0.0
2020-04,Pepinos (hortalizas) frescos o refrigerados,False,86.83,86.83,False,,86.17,False,,0.0
2020-05,Pepinos (hortalizas) frescos o refrigerados,False,86.8,86.8,False,,86.83,False,,0.0
2020-06,Pepinos (hortalizas) frescos o refrigerados,False,87.02,87.02,False,,86.8,False,,0.0
2020-07,Pepinos (hortalizas) frescos o refrigerados,False,87.4,87.4,False,,87.02,False,,0.0
2020-08,Pepinos (hortalizas) frescos o refrigerados,False,87.57,87.57,False,,87.4,False,,0.0
2020-09,Pepinos (hortalizas) frescos o refrigerados,False,88.84,88.84,False,,87.57,False,,0.0
2020-10,Pepinos (hortalizas) frescos o refrigerados,False,89.5,89.5,False,,88.84,False,,0.0
2020-11,Pepinos (hortalizas) frescos o refrigerados,False,89.62,89.62,False,,89.5,False,,0.0
2020-12,Pepinos (hortalizas) frescos o refrigerados,False,89.83,89.83,False,,89.62,False,,0.0
2021-01,Pepinos (hortalizas) frescos o refrigerados,False,90.85,90.85,False,,89.83,False,,0.0
2021-02,Pepinos (hortalizas) frescos o refrigerados,False,90.5,90.5,False,,90.85,False,,0.0
2021-03,Pepinos (hortalizas) frescos o refrigerados,False,90.26,90.26,False,,90.5,False,,0.0
2021-04,Pepinos (hortalizas) frescos o refrigerados,False,90.89,90.89,False,,90.26,False,,0.0
2021-05,Pepinos (hortalizas) frescos o refrigerados,False,90.74,90.74,False,,90.89,False,,0.0
2021-06,Pepinos (hortalizas) frescos o refrigerados,False,90.79,90.79,False,,90.74,False,,0.0
2021-07,Pepinos (hortalizas) frescos o refrigerados,False,91.72,91.72,False,,90.79,False,,0.0
2021-08,Pepinos (hortalizas) frescos o refrigerados,False,92.15,92.15,False,,91.72,False,,0.0
2021-09,Pepinos (hortalizas) frescos o refrigerados,False,93.83,93.83,False,,92.15,False,,0.0
2021-10,Pepinos (hortalizas) frescos o refrigerados,False,94.79,94.79,False,,93.83,False,,0.0
2021-11,Pepinos (hortalizas) frescos o refrigerados,False,95.04,95.04,False,,94.79,False,,0.0
2021-12,Pepinos (hortalizas) frescos o refrigerados,False,95.74,95.74,False,,95.04,False,,0.0
2022-01,Pepinos (hortalizas) frescos o refrigerados,False,97.25,97.25,False,,95.74,False,,0.0
2022-02,Pepinos (hortalizas) frescos o refrigerados,False,98.67,98.67,False,,97.25,False,,0.0
2022-03,Pepinos (hortalizas) frescos o refrigerados,False,102.0,102.0,False,,98.67,False,,0.0
2022-04,Pepinos (hortalizas) frescos o refrigerados,False,104.26,104.26,False,,102.0,False,,0.0
2022-05,Pepinos (hortalizas) frescos o refrigerados,False,106.12,106.12,False,,104.26,False,,0.0
2022-06,Pepinos (hortalizas) frescos o refrigerados,False,107.54,107.54,False,,106.12,False,,0.0
2022-07,Pepinos (hortalizas) frescos o refrigerados,False,109.36,109.36,False,,107.54,False,,0.0
2022-08,Pepinos (hortalizas) frescos o refrigerados,False,111.45,111.45,False,,109.36,False,,0.0
2022-09,Pepinos (hortalizas) frescos o refrigerados,False,113.59,113.59,False,,111.45,False,,0.0
2022-10,Pepinos (hortalizas) frescos o refrigerados,False,114.52,114.52,False,,113.59,False,,0.0
2022-11,Pepinos (hortalizas) frescos o refrigerados,False,116.31,116.31,False,,114.52,False,,0.0
2022-12,Pepinos (hortalizas) frescos o refrigerados,False,117.5,117.5,False,,116.31,False,,0.0
2023-01,Pepinos (hortalizas) frescos o refrigerados,False,118.69,118.69,False,,117.5,False,,0.0
2023-02,Pepinos (hortalizas) frescos o refrigerados,False,118.74,118.74,False,,118.69,False,,0.0
2023-03,Pepinos (hortalizas) frescos o refrigerados,False,119.29,119.29,False,,118.74,False,,0.0
2023-04,Pepinos (hortalizas) frescos o refrigerados,False,119.43,119.43,False,,119.29,False,,0.0
2023-05,Pepinos (hortalizas) frescos o refrigerados,False,119.67,119.67,False,,119.43,False,,0.0
2023-06,Pepinos (hortalizas) frescos o refrigerados,False,120.11,120.11,False,,119.67,False,,0.0
2023-07,Pepinos (hortalizas) frescos o refrigerados,False,121.38,121.38,False,,120.11,False,,0.0
2023-08,Pepinos (hortalizas) frescos o refrigerados,False,121.81,121.81,False,,121.38,False,,0.0
2023-09,Pepinos (hortalizas) frescos o refrigerados,False,122.95,122.95,False,,121.81,False,,0.0
2023-10,Pepinos (hortalizas) frescos o refrigerados,False,123.91,123.91,False,,122.95,False,,0.0
2023-11,Pepinos (hortalizas) frescos o refrigerados,False,124.95,124.95,False,,123.91,False,,0.0
2023-12,Pepinos (hortalizas) frescos o refrigerados,False,124.41,124.41,False,,124.95,False,,0.0
2024-01,Pepinos (hortalizas) frescos o refrigerados,False,125.5,125.5,False,,124.41,False,,0.0
2024-02,Pepinos (hortalizas) frescos o refrigerados,False,125.97,125.97,False,,125.5,False,,0.0
2024-03,Pepinos (hortalizas) frescos o refrigerados,False,125.26,125.26,False,,125.97,False,,0.0
2024-04,Pepinos (hortalizas) frescos o refrigerados,False,126.17,126.17,False,,125.26,False,,0.0
2024-05,Pepinos (hortalizas) frescos o refrigerados,False,126.38,126.38,False,,126.17,False,,0.0
2024-06,Pepinos (hortalizas) frescos o refrigerados,False,127.86,127.86,False,,126.38,False,,0.0
2024-07,Pepinos (hortalizas) frescos o refrigerados,False,128.04,128.04,False,,127.86,False,,0.0
2024-08,Pepinos (hortalizas) frescos o refrigerados,False,128.72,128.72,False,,128.04,False,,0.0
2024-09,Pepinos (hortalizas) frescos o refrigerados,False,128.33,128.33,False,,128.72,False,,0.0
2024-10,Pepinos (hortalizas) frescos o refrigerados,False,130.73,130.73,False,,128.33,False,,0.0
2024-11,Pepinos (hortalizas) frescos o refrigerados,False,130.61,130.61,False,,130.73,False,,0.0
2024-12,Pepinos (hortalizas) frescos o refrigerados,False,129.89,129.89,False,,130.61,False,,0.0
2025-01,Pepinos (hortalizas) frescos o refrigerados,False,130.48,130.48,False,,129.89,False,,0.0
2025-02,Pepinos (hortalizas) frescos o refrigerados,False,130.8,130.8,False,,130.48,False,,0.0
2025-03,Pepinos (hortalizas) frescos o refrigerados,False,132.16,132.16,False,,130.8,False,,0.0
2025-04,Pepinos (hortalizas) frescos o refrigerados,False,132.3,132.3,False,,132.16,False,,0.0
2025-05,Pepinos (hortalizas) frescos o refrigerados,False,132.69,132.69,False,,132.3,False,,0.0
2025-06,Pepinos (hortalizas) frescos o refrigerados,False,131.94,131.94,False,,132.69,False,,0.0
2025-07,Pepinos (hortalizas) frescos o refrigerados,False,132.93,132.93,False,,131.94,False,,0.0
2025-08,Pepinos (hortalizas) frescos o refrigerados,False,134.0,134.0,False,,132.93,False,,0.0
2025-09,Pepinos (hortalizas) frescos o refrigerados,False,135.11,135.11,False,,134.0,False,,0.0
2025-10,Pepinos (hortalizas) frescos o refrigerados,False,135.75,135.75,False,,135.11,False,,0.0
2025-11,Pepinos (hortalizas) frescos o refrigerados,False,136.21,136.21,False,,135.75,False,,0.0
2025-12,Pepinos (hortalizas) frescos o refrigerados,False,136.05,136.05,False,,136.21,False,,0.0
2026-01,Pepinos (hortalizas) frescos o refrigerados,False,136.57,136.57,False,,136.05,False,,0.0
2026-02,Pepinos (hortalizas) frescos o refrigerados,False,136.87,136.87,False,,136.57,False,,0.0
2026-03,Pepinos (hortalizas) frescos o refrigerados,False,137.62,137.62,False,,136.87,False,,0.0
2026-04,Pepinos (hortalizas) frescos o refrigerados,False,137.81,137.81,False,,137.62,False,,0.0
2026-05,Pepinos (hortalizas) frescos o refrigerados,False,137.21,137.21,False,,137.81,False,,0.0
2026-06,Pepinos (hortalizas) frescos o refrigerados,False,138.23,138.23,False,,137.21,False,,0.0
2026-07,Pepinos (hortalizas) frescos o refrigerados,False,139.08,139.08,False,,138.23,False,,0.0
2026-08,Pepinos (hortalizas) frescos o refrigerados,False,140.77,140.77,False,,139.08,False,,0.0
2019-01,Pimentones y morrones frescos o refrigerados,False,229.59,229.59,False,,229.83,False,,0.0
2019-02,Pimentones y morrones frescos o refrigerados,False,229.14,229.14,False,,229.59,False,,0.0
2019-03,Pimentones y morrones frescos o refrigerados,False,230.78,230.78,False,,229.14,False,,0.0
2019-04,Pimentones y morrones frescos o refrigerados,False,231.7,231.7,False,,230.78,False,,0.0
2019-05,Pimentones y morrones frescos o refrigerados,False,231.84,231.84,False,,231.7,False,,0.0
2019-06,Pimentones y morrones frescos o refrigerados,False,232.74,232.74,False,,231.84,False,,0.0
2019-07,Pimentones y morrones frescos o refrigerados,False,233.25,233.25,False,,232.74,False,,0.0
2019-08,Pimentones y morrones frescos o refrigerados,False,234.55,234.55,False,,233.25,False,,0.0
2019-09,Pimentones y morrones frescos o refrigerados,False,234.61,234.61,False,,234.55,False,,0.0
2019-10,Pimentones y morrones frescos o refrigerados,False,236.35,236.35,False,,234.61,False,,0.0
2019-11,Pimentones y morrones frescos o refrigerados,False,238.7,238.7,False,,236.35,False,,0.0
2019-12,Pimentones y morrones frescos o refrigerados,False,237.98,237.98,False,,238.7,False,,0.0
2020-01,Pimentones y morrones frescos o refrigerados,False,240.03,240.03,False,,237.98,False,,0.0
2020-02,Pimentones y morrones frescos o refrigerados,False,241.73,241.73,False,,240.03,False,,0.0
2020-03,Pimentones y morrones frescos o refrigerados,False,243.31,243.31,False,,241.73,False,,0.0
2020-04,Pimentones y morrones frescos o refrigerados,False,245.16,245.16,False,,243.31,False,,0.0
2020-05,Pimentones y morrones frescos o refrigerados,False,245.08,245.08,False,,245.16,False,,0.0
2020-06,Pimentones y morrones frescos o refrigerados,False,245.71,245.71,False,,245.08,False,,0.0
2020-07,Pimentones y morrones frescos o refrigerados,False,246.79,246.79,False,,245.71,False,,0.0
2020-08,Pimentones y morrones frescos o refrigerados,False,247.25,247.25,False,,246.79,False,,0.0
2020-09,Pimentones y morrones frescos o refrigerados,False,250.84,250.84,False,,247.25,False,,0.0
2020-10,Pimentones y morrones frescos o refrigerados,False,252.7,252.7,False,,250.84,False,,0.0
2020-11,Pimentones y morrones frescos o refrigerados,False,253.05,253.05,False,,252.7,False,,0.0
2020-12,Pimentones y morrones frescos o refrigerados,False,253.64,253.64,False,,253.05,False,,0.0
2021-01,Pimentones y morrones frescos o refrigerados,False,256.52,256.52,False,,253.64,False,,0.0
2021-02,Pimentones y morrones frescos o refrigerados,False,255.53,255.53,False,,256.52,False,,0.0
2021-03,Pimentones y morrones frescos o refrigerados,False,254.84,254.84,False,,255.53,False,,0.0
2021-04,Pimentones y morrones frescos o refrigerados,False,256.62,256.62,False,,254.84,False,,0.0
2021-05,Pimentones y morrones frescos o refrigerados,False,256.22,256.22,False,,256.62,False,,0.0
2021-06,Pimentones y morrones frescos o refrigerados,False,256.35,256.35,False,,256.22,False,,0.0
2021-07,Pimentones y morrones frescos o refrigerados,False,258.97,258.97,False,,256.35,False,,0.0
2021-08,Pimentones y morrones frescos o refrigerados,False,260.19,260.19,False,,258.97,False,,0.0
2021-09,Pimentones y morrones frescos o refrigerados,False,264.93,264.93,False,,260.19,False,,0.0
2021-10,Pimentones y morrones frescos o refrigerados,False,267.64,267.64,False,,264.93,False,,0.0
2021-11,Pimentones y morrones frescos o refrigerados,False,268.36,268.36,False,,267.64,False,,0.0
2021-12,Pimentones y morrones frescos o refrigerados,False,270.31,270.31,False,,268.36,False,,0.0
2022-01,Pimentones y morrones frescos o refrigerados,False,274.6,274.6,False,,270.31,False,,0.0
2022-02,Pimentones y morrones frescos o refrigerados,False,278.6,278.6,False,,274.6,False,,0.0
2022-03,Pimentones y morrones frescos o refrigerados,False,287.99,287.99,False,,278.6,False,,0.0
2022-04,Pimentones y morrones frescos o refrigerados,False,294.39,294.39,False,,287.99,False,,0.0
2022-05,Pimentones y morrones frescos o refrigerados,False,299.64,299.64,False,,294.39,False,,0.0
2022-06,Pimentones y morrones frescos o refrigerados,False,303.63,303.63,False,,299.64,False,,0.0
2022-07,Pimentones y morrones frescos o refrigerados,False,308.79,308.79,False,,303.63,False,,0.0
2022-08,Pimentones y morrones frescos o refrigerados,False,314.67,314.67,False,,308.79,False,,0.0
2022-09,Pimentones y morrones frescos o refrigerados,False,320.72,320.72,False,,314.67,False,,0.0
2022-10,Pimentones y morrones frescos o refrigerados,False,323.34,323.34,False,,320.72,False,,0.0
2022-11,Pimentones y morrones frescos o refrigerados,False,328.42,328.42,False,,323.34,False,,0.0
2022-12,Pimentones y morrones frescos o refrigerados,False,331.76,331.76,False,,328.42,False,,0.0
2023-01,Pimentones y morrones frescos o refrigerados,False,335.14,335.14,False,,331.76,False,,0.0
2023-02,Pimentones y morrones frescos o refrigerados,False,335.27,335.27,False,,335.14,False,,0.0
2023-03,Pimentones y morrones frescos o refrigerados,False,336.81,336.81,False,,335.27,False,,0.0
2023-04,Pimentones y morrones frescos o refrigerados,False,337.21,337.21,False,,336.81,False,,0.0
2023-05,Pimentones y morrones frescos o refrigerados,False,337.88,337.88,False,,337.21,False,,0.0
2023-06,Pimentones y morrones frescos o refrigerados,False,339.15,339.15,False,,337.88,False,,0.0
2023-07,Pimentones y morrones frescos o refrigerados,False,342.71,342.71,False,,339.15,False,,0.0
2023-08,Pimentones y morrones frescos o refrigerados,False,343.94,343.94,False,,342.71,False,,0.0
2023-09,Pimentones y morrones frescos o refrigerados,False,347.14,347.14,False,,343.94,False,,0.0
2023-10,Pimentones y morrones frescos o refrigerados,False,349.85,349.85,False,,347.14,False,,0.0
2023-11,Pimentones y morrones frescos o refrigerados,False,352.79,352.79,False,,349.85,False,,0.0
2023-12,Pimentones y morrones frescos o refrigerados,False,351.28,351.28,False,,352.79,False,,0.0
2024-01,Pimentones y morrones frescos o refrigerados,False,354.35,354.35,False,,351.28,False,,0.0
2024-02,Pimentones y morrones frescos o refrigerados,False,355.69,355.69,False,,354.35,False,,0.0
2024-03,Pimentones y morrones frescos o refrigerados,False,353.68,353.68,False,,355.69,False,,0.0
2024-04,Pimentones y morrones frescos o refrigerados,False,356.26,356.26,False,,353.68,False,,0.0
2024-05,Pimentones y morrones frescos o refrigerados,False,356.85,356.85,False,,356.26,False,,0.0
2024-06,Pimentones y morrones frescos o refrigerados,False,361.01,361.01,False,,356.85,False,,0.0
2024-07,Pimentones y morrones frescos o refrigerados,False,361.53,361.53,False,,361.01,False,,0.0
2024-08,Pimentones y morrones frescos o refrigerados,False,363.43,363.43,False,,361.53,False,,0.0
2024-09,Pimentones y morrones frescos o refrigerados,False,362.33,362.33,False,,363.43,False,,0.0
2024-10,Pimentones y morrones frescos o refrigerados,False,369.11,369.11,False,,362.33,False,,0.0
2024-11,Pimentones y morrones frescos o refrigerados,False,368.78,368.78,False,,369.11,False,,0.0
2024-12,Pimentones y morrones frescos o refrigerados,False,366.76,366.76,False,,368.78,False,,0.0
2025-01,Pimentones y morrones frescos o refrigerados,False,368.41,368.41,False,,366.76,False,,0.0
2025-02,Pimentones y morrones frescos o refrigerados,False,369.32,369.32,False,,368.41,False,,0.0
2025-03,Pimentones y morrones frescos o refrigerados,False,373.15,373.15,False,,369.32,False,,0.0
2025-04,Pimentones y morrones frescos o refrigerados,False,373.54,373.54,False,,373.15,False,,0.0
2025-05,Pimentones y morrones frescos o refrigerados,False,374.65,374.65,False,,373.54,False,,0.0
2025-06,Pimentones y morrones frescos o refrigerados,False,372.52,372.52,False,,374.65,False,,0.0
2025-07,Pimentones y morrones frescos o refrigerados,False,375.33,375.33,False,,372.52,False,,0.0
2025-08,Pimentones y morrones frescos o refrigerados,False,378.36,378.36,False,,375.33,False,,0.0
2025-09,Pimentones y morrones frescos o refrigerados,False,381.5,381.5,False,,378.36,False,,0.0
2025-10,Pimentones y morrones frescos o refrigerados,False,383.3,383.3,False,,381.5,False,,0.0
2025-11,Pimentones y morrones frescos o refrigerados,False,384.58,384.58,False,,383.3,False,,0.0
2025-12,Pimentones y morrones frescos o refrigerados,False,384.15,384.15,False,,384.58,False,,0.0
2026-01,Pimentones y morrones frescos o refrigerados,False,385.6,385.6,False,,384.15,False,,0.0
2026-02,Pimentones y morrones frescos o refrigerados,False,386.46,386.46,False,,385.6,False,,0.0
2026-03,Pimentones y morrones frescos o refrigerados,False,388.57,388.57,False,,386.46,False,,0.0
2026-04,Pimentones y morrones frescos o refrigerados,False,389.1,389.1,False,,388.57,False,,0.0
2026-05,Pimentones y morrones frescos o refrigerados,False,387.43,387.43,False,,389.1,False,,0.0
2026-06,Pimentones y morrones frescos o refrigerados,False,390.28,390.28,False,,387.43,False,,0.0
2026-07,Pimentones y morrones frescos o refrigerados,False,392.7,392.7,False,,390.28,False,,0.0
2026-08,Pimentones y morrones frescos o refrigerados,False,397.47,397.47,False,,392.7,False,,0.0
2019-01,Zapallos italianos frescos o refrigerados,False,101.24,101.24,False,,101.35,False,,0.0
2019-02,Zapallos italianos frescos o refrigerados,False,101.04,101.04,False,,101.24,False,,0.0
2019-03,Zapallos italianos frescos o refrigerados,False,101.77,101.77,False,,101.04,False,,0.0
2019-04,Zapallos italianos frescos o refrigerados,False,102.17,102.17,False,,101.77,False,,0.0
2019-05,Zapallos italianos frescos o refrigerados,False,102.23,102.23,False,,102.17,False,,0.0
2019-06,Zapallos italianos frescos o refrigerados,False,102.63,102.63,False,,102.23,False,,0.0
2019-07,Zapallos italianos frescos o refrigerados,False,102.86,102.86,False,,102.63,False,,0.0
2019-08,Zapallos italianos frescos o refrigerados,False,103.43,103.43,False,,102.86,False,,0.0
2019-09,Zapallos italianos frescos o refrigerados,False,103.45,103.45,False,,103.43,False,,0.0
2019-10,Zapallos italianos frescos o refrigerados,False,104.22,104.22,False,,103.45,False,,0.0
2019-11,Zapallos italianos frescos o refrigerados,False,105.26,105.26,False,,104.22,False,,0.0
2019-12,Zapallos italianos frescos o refrigerados,False,104.94,104.94,False,,105.26,False,,0.0
2020-01,Zapallos italianos frescos o refrigerados,False,105.85,105.85,False,,104.94,False,,0.0
2020-02,Zapallos italianos frescos o refrigerados,False,106.6,106.6,False,,105.85,False,,0.0
2020-03,Zapallos italianos frescos o refrigerados,False,107.29,107.29,False,,106.6,False,,0.0
2020-04,Zapallos italianos frescos o refrigerados,False,108.11,108.11,False,,107.29,False,,0.0
2020-05,Zapallos italianos frescos o refrigerados,False,108.07,108.07,False,,108.11,False,,0.0
2020-06,Zapallos italianos frescos o refrigerados,False,108.35,108.35,False,,108.07,False,,0.0
2020-07,Zapallos italianos frescos o refrigerados,False,108.83,108.83,False,,108.35,False,,0.0
2020-08,Zapallos italianos frescos o refrigerados,False,109.03,109.03,False,,108.83,False,,0.0
2020-09,Zapallos italianos frescos o refrigerados,False,110.61,110.61,False,,109.03,False,,0.0
2020-10,Zapallos italianos frescos o refrigerados,False,111.43,111.43,False,,110.61,False,,0.0
2020-11,Zapallos italianos frescos o refrigerados,False,111.59,111.59,False,,111.43,False,,0.0
2020-12,Zapallos italianos frescos o refrigerados,False,111.85,111.85,False,,111.59,False,,0.0
2021-01,Zapallos italianos frescos o refrigerados,False,113.12,113.12,False,,111.85,False,,0.0
2021-02,Zapallos italianos frescos o refrigerados,False,112.68,112.68,False,,113.12,False,,0.0
2021-03,Zapallos italianos frescos o refrigerados,False,112.38,112.38,False,,112.68,False,,0.0
2021-04,Zapallos italianos frescos o refrigerados,False,113.16,113.16,False,,112.38,False,,0.0
2021-05,Zapallos italianos frescos o refrigerados,False,112.98,112.98,False,,113.16,False,,0.0
2021-06,Zapallos italianos frescos o refrigerados,False,113.04,113.04,False,,112.98,False,,0.0
2021-07,Zapallos italianos frescos o refrigerados,False,114.2,114.2,False,,113.04,False,,0.0
2021-08,Zapallos italianos frescos o refrigerados,False,114.74,114.74,False,,114.2,False,,0.0
2021-09,Zapallos italianos frescos o refrigerados,False,116.83,116.83,False,,114.74,False,,0.0
2021-10,Zapallos italianos frescos o refrigerados,False,118.02,118.02,False,,116.83,False,,0.0
2021-11,Zapallos italianos frescos o refrigerados,False,118.34,118.34,False,,118.02,False,,0.0
2021-12,Zapallos italianos frescos o refrigerados,False,119.2,119.2,False,,118.34,False,,0.0
2022-01,Zapallos italianos frescos o refrigerados,False,121.09,121.09,False,,119.2,False,,0.0
2022-02,Zapallos italianos frescos o refrigerados,False,122.85,122.85,False,,121.09,False,,0.0
2022-03,Zapallos italianos frescos o refrigerados,False,126.99,126.99,False,,122.85,False,,0.0
2022-04,Zapallos italianos frescos o refrigerados,False,129.82,129.82,False,,126.99,False,,0.0
2022-05,Zapallos italianos frescos o refrigerados,False,132.13,132.13,False,,129.82,False,,0.0
2022-06,Zapallos italianos frescos o refrigerados,False,133.89,133.89,False,,132.13,False,,0.0
2022-07,Zapallos italianos frescos o refrigerados,False,136.17,136.17,False,,133.89,False,,0.0
2022-08,Zapallos italianos frescos o refrigerados,False,138.76,138.76,False,,136.17,False,,0.0
2022-09,Zapallos italianos frescos o refrigerados,False,141.43,141.43,False,,138.76,False,,0.0
2022-10,Zapallos italianos frescos o refrigerados,False,142.58,142.58,False,,141.43,False,,0.0
2022-11,Zapallos italianos frescos o refrigerados,False,144.82,144.82,False,,142.58,False,,0.0
2022-12,Zapallos italianos frescos o refrigerados,False,146.3,146.3,False,,144.82,False,,0.0
2023-01,Zapallos italianos frescos o refrigerados,False,147.79,147.79,False,,146.3,False,,0.0
2023-02,Zapallos italianos frescos o refrigerados,False,147.85,147.85,False,,147.79,False,,0.0
2023-03,Zapallos italianos frescos o refrigerados,False,148.53,148.53,False,,147.85,False,,0.0
2023-04,Zapallos italianos frescos o refrigerados,False,148.7,148.7,False,,148.53,False,,0.0
2023-05,Zapallos italianos frescos o refrigerados,False,149.0,149.0,False,,148.7,False,,0.0
2023-06,Zapallos italianos frescos o refrigerados,False,149.55,149.55,False,,149.0,False,,0.0
2023-07,Zapallos italianos frescos o refrigerados,False,151.12,151.12,False,,149.55,False,,0.0
2023-08,Zapallos italianos frescos o refrigerados,False,151.67,151.67,False,,151.12,False,,0.0
2023-09,Zapallos italianos frescos o refrigerados,False,153.08,153.08,False,,151.67,False,,0.0
2023-10,Zapallos italianos frescos o refrigerados,False,154.28,154.28,False,,153.08,False,,0.0
2023-11,Zapallos italianos frescos o refrigerados,False,155.57,155.57,False,,154.28,False,,0.0
2023-12,Zapallos italianos frescos o refrigerados,False,154.91,154.91,False,,155.57,False,,0.0
2024-01,Zapallos italianos frescos o refrigerados,False,156.26,156.26,False,,154.91,False,,0.0
2024-02,Zapallos italianos frescos o refrigerados,False,156.85,156.85,False,,156.26,False,,0.0
2024-03,Zapallos italianos frescos o refrigerados,False,155.96,155.96,False,,156.85,False,,0.0
2024-04,Zapallos italianos frescos o refrigerados,False,157.1,157.1,False,,155.96,False,,0.0
2024-05,Zapallos italianos frescos o refrigerados,False,157.36,157.36,False,,157.1,False,,0.0
2024-06,Zapallos italianos frescos o refrigerados,False,159.19,159.19,False,,157.36,False,,0.0
2024-07,Zapallos italianos frescos o refrigerados,False,159.42,159.42,False,,159.19,False,,0.0
2024-08,Zapallos italianos frescos o refrigerados,False,160.26,160.26,False,,159.42,False,,0.0
2024-09,Zapallos italianos frescos o refrigerados,False,159.78,159.78,False,,160.26,False,,0.0
2024-10,Zapallos italianos frescos o refrigerados,False,162.77,162.77,False,,159.78,False,,0.0
2024-11,Zapallos italianos frescos o refrigerados,False,162.62,162.62,False,,162.77,False,,0.0
2024-12,Zapallos italianos frescos o refrigerados,False,161.73,161.73,False,,162.62,False,,0.0
2025-01,Zapallos italianos frescos o refrigerados,False,162.46,162.46,False,,161.73,False,,0.0
2025-02,Zapallos italianos frescos o refrigerados,False,162.86,162.86,False,,162.46,False,,0.0
2025-03,Zapallos italianos frescos o refrigerados,False,164.55,164.55,False,,162.86,False,,0.0
2025-04,Zapallos italianos frescos o refrigerados,False,164.72,164.72,False,,164.55,False,,0.0
2025-05,Zapallos italianos frescos o refrigerados,False,165.21,165.21,False,,164.72,False,,0.0
2025-06,Zapallos italianos frescos o refrigerados,False,164.27,164.27,False,,165.21,False,,0.0
2025-07,Zapallos italianos frescos o refrigerados,False,165.51,165.51,False,,164.27,False,,0.0
2025-08,Zapallos italianos frescos o refrigerados,False,166.85,166.85,False,,165.51,False,,0.0
2025-09,Zapallos italianos frescos o refrigerados,False,168.23,168.23,False,,166.85,False,,0.0
2025-10,Zapallos italianos frescos o refrigerados,False,169.02,169.02,False,,168.23,False,,0.0
2025-11,Zapallos italianos frescos o refrigerados,False,169.59,169.59,False,,169.02,False,,0.0
2025-12,Zapallos italianos frescos o refrigerados,False,169.4,169.4,False,,169.59,False,,0.0
2026-01,Zapallos italianos frescos o refrigerados,False,170.04,170.04,False,,169.4,False,,0.0
2026-02,Zapallos italianos frescos o refrigerados,False,170.42,170.42,False,,170.04,False,,0.0
2026-03,Zapallos italianos frescos o refrigerados,False,171.35,171.35,False,,170.42,False,,0.0
2026-04,Zapallos italianos frescos o refrigerados,False,171.58,171.58,False,,171.35,False,,0.0
2026-05,Zapallos italianos frescos o refrigerados,False,170.85,170.85,False,,171.58,False,,0.0
2026-06,Zapallos italianos frescos o refrigerados,False,172.1,172.1,False,,170.85,False,,0.0
2026-07,Zapallos italianos frescos o refrigerados,False,173.17,173.17,False,,172.1,False,,0.0
2026-08,Zapallos italianos frescos o refrigerados,False,175.27,175.27,False,,173.17,False,,0.0
2019-01,Tomates frescos o refrigerados,True,1152.74,782.8,True,747.66,782.8,True,747.66,-369.94
2019-02,Tomates frescos o refrigerados,True,1150.47,756.79,True,722.82,756.79,True,722.82,-393.68
2019-03,Tomates frescos o refrigerados,True,1158.7,825.73,True,788.66,825.73,True,788.66,-332.98
2019-04,Tomates frescos o refrigerados,True,1163.34,872.11,True,832.96,872.11,True,832.96,-291.23
2019-05,Tomates frescos o refrigerados,True,1164.02,914.47,True,873.42,914.47,True,873.42,-249.55
2019-06,Tomates frescos o refrigerados,True,1168.55,1048.35,True,1001.29,1048.35,True,1001.29,-120.2
2019-07,Tomates frescos o refrigerados,True,1171.1,920.6,True,879.28,920.6,True,879.28,-250.49
2019-08,Tomates frescos o refrigerados,True,1177.65,994.7,True,950.05,994.7,True,950.05,-182.95
2019-09,Tomates frescos o refrigerados,True,1177.92,966.24,True,922.87,966.24,True,922.87,-211.67
2019-10,Tomates frescos o refrigerados,True,1186.67,1056.16,True,1008.75,1056.16,True,1008.75,-130.52
2019-11,Tomates frescos o refrigerados,True,1198.47,980.46,True,936.45,980.46,True,936.45,-218.01
2019-12,Tomates frescos o refrigerados,True,1194.86,974.41,True,930.67,974.41,True,930.67,-220.45
2020-01,Tomates frescos o refrigerados,True,1205.15,776.58,True,741.71,776.58,True,741.71,-428.58
2020-02,Tomates frescos o refrigerados,True,1213.68,810.07,True,773.7,810.07,True,773.7,-403.61
2020-03,Tomates frescos o refrigerados,True,1221.64,853.23,True,814.93,853.23,True,814.93,-368.41
2020-04,Tomates frescos o refrigerados,True,1230.91,809.46,True,773.12,809.46,True,773.12,-421.46
2020-05,Tomates frescos o refrigerados,True,1230.51,957.26,True,914.29,957.26,True,914.29,-273.25
2020-06,Tomates frescos o refrigerados,True,1233.69,955.81,True,912.9,955.81,True,912.9,-277.89
2020-07,Tomates frescos o refrigerados,True,1239.08,977.27,True,933.4,977.27,True,933.4,-261.81
2020-08,Tomates frescos o refrigerados,True,1241.38,1073.14,True,1024.97,1073.14,True,1024.97,-168.24
2020-09,Tomates frescos o refrigerados,True,1259.43,1379.76,True,1317.82,1379.76,True,1317.82,120.33
2020-10,Tomates frescos o refrigerados,True,1268.75,1454.27,True,1388.98,1454.27,True,1388.98,185.52
2020-11,Tomates frescos o refrigerados,True,1270.51,1236.53,True,1181.02,1236.53,True,1181.02,-33.98
2020-12,Tomates frescos o refrigerados,True,1273.48,1214.74,True,1160.21,1214.74,True,1160.21,-58.74
2021-01,Tomates frescos o refrigerados,True,1287.93,1040.54,True,993.83,1040.54,True,993.83,-247.38
2021-02,Tomates frescos o refrigerados,True,1282.97,978.22,True,934.31,978.22,True,934.31,-304.75
2021-03,Tomates frescos o refrigerados,True,1279.51,934.71,True,892.75,934.71,True,892.75,-344.79
2021-04,Tomates frescos o refrigerados,True,1288.45,938.34,True,896.22,938.34,True,896.22,-350.11
2021-05,Tomates frescos o refrigerados,True,1286.42,979.79,True,935.81,979.79,True,935.81,-306.63
2021-06,Tomates frescos o refrigerados,True,1287.1,1118.48,True,1068.28,1118.48,True,1068.28,-168.61
2021-07,Tomates frescos o refrigerados,True,1300.23,1132.75,True,1081.9,1132.75,True,1081.9,-167.48
2021-08,Tomates frescos o refrigerados,True,1306.37,1127.72,True,1077.1,1127.72,True,1077.1,-178.65
2021-09,Tomates frescos o refrigerados,True,1330.18,1373.8,True,1312.13,1373.8,True,1312.13,43.61
2021-10,Tomates frescos o refrigerados,True,1343.77,1323.13,True,1263.74,1323.13,True,1263.74,-20.64
2021-11,Tomates frescos o refrigerados,True,1347.38,1209.39,True,1155.1,1209.39,True,1155.1,-137.98
2021-12,Tomates frescos o refrigerados,True,1357.19,1201.65,True,1147.71,1201.65,True,1147.71,-155.54
2022-01,Tomates frescos o refrigerados,True,1378.71,1087.29,True,1038.48,1087.29,True,1038.48,-291.42
2022-02,Tomates frescos o refrigerados,True,1398.79,1076.49,True,1028.16,1076.49,True,1028.16,-322.31
2022-03,Tomates frescos o refrigerados,True,1445.94,1244.04,True,1188.2,1244.04,True,1188.2,-201.89
2022-04,Tomates frescos o refrigerados,True,1478.09,1562.49,True,1492.35,1562.49,True,1492.35,84.4
2022-05,Tomates frescos o refrigerados,True,1504.45,1599.92,True,1528.1,1599.92,True,1528.1,95.47
2022-06,Tomates frescos o refrigerados,True,1524.5,1496.57,True,1429.39,1496.57,True,1429.39,-27.93
2022-07,Tomates frescos o refrigerados,True,1550.37,1321.04,True,1261.74,1321.04,True,1261.74,-229.33
2022-08,Tomates frescos o refrigerados,True,1579.91,1391.87,True,1329.39,1391.87,True,1329.39,-188.05
2022-09,Tomates frescos o refrigerados,True,1610.26,1466.92,True,1401.07,1466.92,True,1401.07,-143.34
2022-10,Tomates frescos o refrigerados,True,1623.44,1525.58,True,1457.1,1525.58,True,1457.1,-97.86
2022-11,Tomates frescos o refrigerados,True,1648.92,1630.3,True,1557.11,1630.3,True,1557.11,-18.62
2022-12,Tomates frescos o refrigerados,True,1665.7,1342.28,True,1282.03,1342.28,True,1282.03,-323.42
2023-01,Tomates frescos o refrigerados,True,1682.66,1329.67,True,1269.98,1329.67,True,1269.98,-352.99
2023-02,Tomates frescos o refrigerados,True,1683.34,1088.49,True,1039.63,1088.49,True,1039.63,-594.85
2023-03,Tomates frescos o refrigerados,True,1691.09,1121.83,True,1071.47,1121.83,True,1071.47,-569.26
2023-04,Tomates frescos o refrigerados,True,1693.06,1226.68,True,1171.61,1226.68,True,1171.61,-466.38
2023-05,Tomates frescos o refrigerados,True,1696.44,1430.39,True,1366.18,1430.39,True,1366.18,-266.05
2023-06,Tomates frescos o refrigerados,True,1702.79,1468.29,True,1402.38,1468.29,True,1402.38,-234.5
2023-07,Tomates frescos o refrigerados,True,1720.68,1540.29,True,1471.15,1540.29,True,1471.15,-180.39
2023-08,Tomates frescos o refrigerados,True,1726.88,1576.85,True,1506.06,1576.85,True,1506.06,-150.04
2023-09,Tomates frescos o refrigerados,True,1742.95,1490.71,True,1423.8,1490.71,True,1423.8,-252.23
2023-10,Tomates frescos o refrigerados,True,1756.56,1533.38,True,1464.55,1533.38,True,1464.55,-223.17
2023-11,Tomates frescos o refrigerados,True,1771.29,1547.0,True,1477.55,1547.0,True,1477.55,-224.3
2023-12,Tomates frescos o refrigerados,True,1763.73,1488.61,True,1421.78,1488.61,True,1421.78,-275.12
2024-01,Tomates frescos o refrigerados,True,1779.15,1624.73,True,1551.8,1624.73,True,1551.8,-154.42
2024-02,Tomates frescos o refrigerados,True,1785.88,1235.74,True,1180.27,1235.74,True,1180.27,-550.14
2024-03,Tomates frescos o refrigerados,True,1775.78,1260.2,True,1203.63,1260.2,True,1203.63,-515.58
2024-04,Tomates frescos o refrigerados,True,1788.7,1230.36,True,1175.12,1230.36,True,1175.12,-558.34
2024-05,Tomates frescos o refrigerados,True,1791.67,1320.22,True,1260.95,1320.22,True,1260.95,-471.45
2024-06,Tomates frescos o refrigerados,True,1812.56,1576.27,True,1505.51,1576.27,True,1505.51,-236.29
2024-07,Tomates frescos o refrigerados,True,1815.18,1551.03,True,1481.41,1551.03,True,1481.41,-264.15
2024-08,Tomates frescos o refrigerados,True,1824.72,1573.58,True,1502.94,1573.58,True,1502.94,-251.15
2024-09,Tomates frescos o refrigerados,True,1819.2,1711.45,True,1634.63,1711.45,True,1634.63,-107.74
2024-10,Tomates frescos o refrigerados,True,1853.22,1613.02,True,1540.61,1613.02,True,1540.61,-240.2
2024-11,Tomates frescos o refrigerados,True,1851.58,1595.72,True,1524.09,1595.72,True,1524.09,-255.86
2024-12,Tomates frescos o refrigerados,True,1841.42,1442.57,True,1377.81,1442.57,True,1377.81,-398.85
2025-01,Tomates frescos o refrigerados,True,1849.72,1191.52,True,1138.03,1191.52,True,1138.03,-658.21
2025-02,Tomates frescos o refrigerados,True,1854.28,1265.16,True,1208.36,1265.16,True,1208.36,-589.12
2025-03,Tomates frescos o refrigerados,True,1873.54,1522.59,True,1454.24,1522.59,True,1454.24,-350.95
2025-04,Tomates frescos o refrigerados,True,1875.48,1732.09,True,1654.34,1732.09,True,1654.34,-143.39
2025-05,Tomates frescos o refrigerados,True,1881.03,1664.34,True,1589.63,1664.34,True,1589.63,-216.69
2025-06,Tomates frescos o refrigerados,True,1870.38,1483.61,True,1417.01,1483.61,True,1417.01,-386.77
2025-07,Tomates frescos o refrigerados,True,1884.49,1362.33,True,1301.17,1362.33,True,1301.17,-522.16
2025-08,Tomates frescos o refrigerados,True,1899.67,1356.01,True,1295.14,1356.01,True,1295.14,-543.66
2025-09,Tomates frescos o refrigerados,True,1915.44,1536.15,True,1467.19,1536.15,True,1467.19,-379.29
2025-10,Tomates frescos o refrigerados,True,1924.46,1601.09,True,1529.21,1601.09,True,1529.21,-323.38
2025-11,Tomates frescos o refrigerados,True,1930.91,1572.08,True,1501.51,1572.08,True,1501.51,-358.84
2025-12,Tomates frescos o refrigerados,True,1928.73,1494.8,True,1427.7,1494.8,True,1427.7,-433.94
2026-01,Tomates frescos o refrigerados,True,1936.03,1530.8,True,1462.08,1530.8,True,1462.08,-405.23
2026-02,Tomates frescos o refrigerados,True,1940.33,1336.23,True,1276.24,1336.23,True,1276.24,-604.1
2026-03,Tomates frescos o refrigerados,True,1950.96,1428.06,True,1363.95,1428.06,True,1363.95,-522.9
2026-04,Tomates frescos o refrigerados,True,1953.62,1404.0,True,1340.97,1404.0,True,1340.97,-549.63
2026-05,Tomates frescos o refrigerados,True,1945.21,1410.81,True,1347.48,1410.81,True,1347.48,-534.4
2026-06,Tomates frescos o refrigerados,True,1959.54,1539.15,True,1470.06,1539.15,True,1470.06,-420.39
2026-07,Tomates frescos o refrigerados,True,1971.69,1572.52,True,1501.93,1572.52,True,1501.93,-399.17
2026-08,Tomates frescos o refrigerados,True,1995.62,1574.5,True,1503.82,1574.5,True,1503.82,-421.12
2019-01,Ajos frescos o refrigerados,False,108.42,108.42,False,,108.53,False,,0.0
2019-02,Ajos frescos o refrigerados,False,108.2,108.2,False,,108.42,False,,0.0
2019-03,Ajos frescos o refrigerados,False,108.98,108.98,False,,108.2,False,,0.0
2019-04,Ajos frescos o refrigerados,False,109.41,109.41,False,,108.98,False,,0.0
2019-05,Ajos frescos o refrigerados,False,109.48,109.48,False,,109.41,False,,0.0
2019-06,Ajos frescos o refrigerados,False,109.9,109.9,False,,109.48,False,,0.0
2019-07,Ajos frescos o refrigerados,False,110.14,110.14,False,,109.9,False,,0.0
2019-08,Ajos frescos o refrigerados,False,110.76,110.76,False,,110.14,False,,0.0
2019-09,Ajos frescos o refrigerados,False,110.79,110.79,False,,110.76,False,,0.0
2019-10,Ajos frescos o refrigerados,False,111.61,111.61,False,,110.79,False,,0.0
2019-11,Ajos frescos o refrigerados,False,112.72,112.72,False,,111.61,False,,0.0
2019-12,Ajos frescos o refrigerados,False,112.38,112.38,False,,112.72,False,,0.0
2020-01,Ajos frescos o refrigerados,False,113.35,113.35,False,,112.38,False,,0.0
2020-02,Ajos frescos o refrigerados,False,114.15,114.15,False,,113.35,False,,0.0
2020-03,Ajos frescos o refrigerados,False,114.9,114.9,False,,114.15,False,,0.0
2020-04,Ajos frescos o refrigerados,False,115.77,115.77,False,,114.9,False,,0.0
2020-05,Ajos frescos o refrigerados,False,115.73,115.73,False,,115.77,False,,0.0
2020-06,Ajos frescos o refrigerados,False,116.03,116.03,False,,115.73,False,,0.0
2020-07,Ajos frescos o refrigerados,False,116.54,116.54,False,,116.03,False,,0.0
2020-08,Ajos frescos o refrigerados,False,116.75,116.75,False,,116.54,False,,0.0
2020-09,Ajos frescos o refrigerados,False,118.45,118.45,False,,116.75,False,,0.0
2020-10,Ajos frescos o refrigerados,False,119.33,119.33,False,,118.45,False,,0.0
2020-11,Ajos frescos o refrigerados,False,119.49,119.49,False,,119.33,False,,0.0
2020-12,Ajos frescos o refrigerados,False,119.77,119.77,False,,119.49,False,,0.0
2021-01,Ajos frescos o refrigerados,False,121.13,121.13,False,,119.77,False,,0.0
2021-02,Ajos frescos o refrigerados,False,120.67,120.67,False,,121.13,False,,0.0
2021-03,Ajos frescos o refrigerados,False,120.34,120.34,False,,120.67,False,,0.0
2021-04,Ajos frescos o refrigerados,False,121.18,121.18,False,,120.34,False,,0.0
2021-05,Ajos frescos o refrigerados,False,120.99,120.99,False,,121.18,False,,0.0
2021-06,Ajos frescos o refrigerados,False,121.05,121.05,False,,120.99,False,,0.0
2021-07,Ajos frescos o refrigerados,False,122.29,122.29,False,,121.05,False,,0.0
2021-08,Ajos frescos o refrigerados,False,122.87,122.87,False,,122.29,False,,0.0
2021-09,Ajos frescos o refrigerados,False,125.11,125.11,False,,122.87,False,,0.0
2021-10,Ajos frescos o refrigerados,False,126.39,126.39,False,,125.11,False,,0.0
2021-11,Ajos frescos o refrigerados,False,126.72,126.72,False,,126.39,False,,0.0
2021-12,Ajos frescos o refrigerados,False,127.65,127.65,False,,126.72,False,,0.0
2022-01,Ajos frescos o refrigerados,False,129.67,129.67,False,,127.65,False,,0.0
2022-02,Ajos frescos o refrigerados,False,131.56,131.56,False,,129.67,False,,0.0
2022-03,Ajos frescos o refrigerados,False,135.99,135.99,False,,131.56,False,,0.0
2022-04,Ajos frescos o refrigerados,False,139.02,139.02,False,,135.99,False,,0.0
2022-05,Ajos frescos o refrigerados,False,141.5,141.5,False,,139.02,False,,0.0
2022-06,Ajos frescos o refrigerados,False,143.38,143.38,False,,141.5,False,,0.0
2022-07,Ajos frescos o refrigerados,False,145.82,145.82,False,,143.38,False,,0.0
2022-08,Ajos frescos o refrigerados,False,148.59,148.59,False,,145.82,False,,0.0
2022-09,Ajos frescos o refrigerados,False,151.45,151.45,False,,148.59,False,,0.0
2022-10,Ajos frescos o refrigerados,False,152.69,152.69,False,,151.45,False,,0.0
2022-11,Ajos frescos o refrigerados,False,155.09,155.09,False,,152.69,False,,0.0
2022-12,Ajos frescos o refrigerados,False,156.66,156.66,False,,155.09,False,,0.0
2023-01,Ajos frescos o refrigerados,False,158.26,158.26,False,,156.66,False,,0.0
2023-02,Ajos frescos o refrigerados,False,158.32,158.32,False,,158.26,False,,0.0
2023-03,Ajos frescos o refrigerados,False,159.05,159.05,False,,158.32,False,,0.0
2023-04,Ajos frescos o refrigerados,False,159.24,159.24,False,,159.05,False,,0.0
2023-05,Ajos frescos o refrigerados,False,159.55,159.55,False,,159.24,False,,0.0
2023-06,Ajos frescos o refrigerados,False,160.15,160.15,False,,159.55,False,,0.0
2023-07,Ajos frescos o refrigerados,False,161.83,161.83,False,,160.15,False,,0.0
2023-08,Ajos frescos o refrigerados,False,162.42,162.42,False,,161.83,False,,0.0
2023-09,Ajos frescos o refrigerados,False,163.93,163.93,False,,162.42,False,,0.0
2023-10,Ajos frescos o refrigerados,False,165.21,165.21,False,,163.93,False,,0.0
2023-11,Ajos frescos o refrigerados,False,166.59,166.59,False,,165.21,False,,0.0
2023-12,Ajos frescos o refrigerados,False,165.88,165.88,False,,166.59,False,,0.0
2024-01,Ajos frescos o refrigerados,False,167.33,167.33,False,,165.88,False,,0.0
2024-02,Ajos frescos o refrigerados,False,167.97,167.97,False,,167.33,False,,0.0
2024-03,Ajos frescos o refrigerados,False,167.02,167.02,False,,167.97,False,,0.0
2024-04,Ajos frescos o refrigerados,False,168.23,168.23,False,,167.02,False,,0.0
2024-05,Ajos frescos o refrigerados,False,168.51,168.51,False,,168.23,False,,0.0
2024-06,Ajos frescos o refrigerados,False,170.48,170.48,False,,168.51,False,,0.0
2024-07,Ajos frescos o refrigerados,False,170.72,170.72,False,,170.48,False,,0.0
2024-08,Ajos frescos o refrigerados,False,171.62,171.62,False,,170.72,False,,0.0
2024-09,Ajos frescos o refrigerados,False,171.1,171.1,False,,171.62,False,,0.0
2024-10,Ajos frescos o refrigerados,False,174.3,174.3,False,,171.1,False,,0.0
2024-11,Ajos frescos o refrigerados,False,174.15,174.15,False,,174.3,False,,0.0
2024-12,Ajos frescos o refrigerados,False,173.19,173.19,False,,174.15,False,,0.0
2025-01,Ajos frescos o refrigerados,False,173.97,173.97,False,,173.19,False,,0.0
2025-02,Ajos frescos o refrigerados,False,174.4,174.4,False,,173.97,False,,0.0
2025-03,Ajos frescos o refrigerados,False,176.21,176.21,False,,174.4,False,,0.0
2025-04,Ajos frescos o refrigerados,False,176.39,176.39,False,,176.21,False,,0.0
2025-05,Ajos frescos o refrigerados,False,176.92,176.92,False,,176.39,False,,0.0
2025-06,Ajos frescos o refrigerados,False,175.91,175.91,False,,176.92,False,,0.0
2025-07,Ajos frescos o refrigerados,False,177.24,177.24,False,,175.91,False,,0.0
2025-08,Ajos frescos o refrigerados,False,178.67,178.67,False,,177.24,False,,0.0
2025-09,Ajos frescos o refrigerados,False,180.15,180.15,False,,178.67,False,,0.0
2025-10,Ajos frescos o refrigerados,False,181.0,181.0,False,,180.15,False,,0.0
2025-11,Ajos frescos o refrigerados,False,181.61,181.61,False,,181.0,False,,0.0
2025-12,Ajos frescos o refrigerados,False,181.4,181.4,False,,181.61,False,,0.0
2026-01,Ajos frescos o refrigerados,False,182.09,182.09,False,,181.4,False,,0.0
2026-02,Ajos frescos o refrigerados,False,182.49,182.49,False,,182.09,False,,0.0
2026-03,Ajos frescos o refrigerados,False,183.49,183.49,False,,182.49,False,,0.0
2026-04,Ajos frescos o refrigerados,False,183.74,183.74,False,,183.49,False,,0.0
2026-05,Ajos frescos o refrigerados,False,182.95,182.95,False,,183.74,False,,0.0
2026-06,Ajos frescos o refrigerados,False,184.3,184.3,False,,182.95,False,,0.0
2026-07,Ajos frescos o refrigerados,False,185.44,185.44,False,,184.3,False,,0.0
2026-08,Ajos frescos o refrigerados,False,187.69,187.69,False,,185.44,False,,0.0
2019-01,Zanahorias frescas o refrigeradas,True,338.01,291.57,True,624.35,291.57,True,624.35,-46.44
2019-02,Zanahorias frescas o refrigeradas,True,337.34,283.08,True,606.17,283.08,True,606.17,-54.26
2019-03,Zanahorias frescas o refrigeradas,True,339.76,292.52,True,626.39,292.52,True,626.39,-47.24
2019-04,Zanahorias frescas o refrigeradas,True,341.12,289.27,True,619.41,289.27,True,619.41,-51.85
2019-05,Zanahorias frescas o refrigeradas,True,341.32,284.69,True,609.62,284.69,True,609.62,-56.63
2019-06,Zanahorias frescas o refrigeradas,True,342.64,292.38,True,626.07,292.38,True,626.07,-50.27
2019-07,Zanahorias frescas o refrigeradas,True,343.39,297.6,True,637.25,297.6,True,637.25,-45.8
2019-08,Zanahorias frescas o refrigeradas,True,345.31,313.44,True,671.17,313.44,True,671.17,-31.88
2019-09,Zanahorias frescas o refrigeradas,True,345.39,308.08,True,659.7,308.08,True,659.7,-37.31
2019-10,Zanahorias frescas o refrigeradas,True,347.96,337.56,True,722.82,337.56,True,722.82,-10.4
2019-11,Zanahorias frescas o refrigeradas,True,351.42,322.57,True,690.73,322.57,True,690.73,-28.85
2019-12,Zanahorias frescas o refrigeradas,True,350.36,298.24,True,638.64,298.24,True,638.64,-52.12
2020-01,Zanahorias frescas o refrigeradas,True,353.38,310.07,True,663.97,310.07,True,663.97,-43.31
2020-02,Zanahorias frescas o refrigeradas,True,355.88,301.81,True,646.27,301.81,True,646.27,-54.07
2020-03,Zanahorias frescas o refrigeradas,True,358.21,327.62,True,701.54,327.62,True,701.54,-30.59
2020-04,Zanahorias frescas o refrigeradas,True,360.93,302.34,True,647.42,302.34,True,647.42,-58.59
2020-05,Zanahorias frescas o refrigeradas,True,360.81,324.19,True,694.2,324.19,True,694.2,-36.62
2020-06,Zanahorias frescas o refrigeradas,True,361.75,319.8,True,684.8,319.8,True,684.8,-41.95
2020-07,Zanahorias frescas o refrigeradas,True,363.33,317.21,True,679.26,317.21,True,679.26,-46.11
2020-08,Zanahorias frescas o refrigeradas,True,364.0,301.16,True,644.89,301.16,True,644.89,-62.84
2020-09,Zanahorias frescas o refrigeradas,True,369.29,321.05,True,687.46,321.05,True,687.46,-48.25
2020-10,Zanahorias frescas o refrigeradas,True,372.03,308.36,True,660.3,308.36,True,660.3,-63.67
2020-11,Zanahorias frescas o refrigeradas,True,372.54,314.46,True,673.35,314.46,True,673.35,-58.09
2020-12,Zanahorias frescas o refrigeradas,True,373.41,327.3,True,700.85,327.3,True,700.85,-46.11
2021-01,Zanahorias frescas o refrigeradas,True,377.65,345.03,True,738.82,345.03,True,738.82,-32.62
2021-02,Zanahorias frescas o refrigeradas,True,376.2,338.4,True,724.62,338.4,True,724.62,-37.8
2021-03,Zanahorias frescas o refrigeradas,True,375.18,328.98,True,704.46,328.98,True,704.46,-46.2
2021-04,Zanahorias frescas o refrigeradas,True,377.8,335.46,True,718.33,335.46,True,718.33,-42.34
2021-05,Zanahorias frescas o refrigeradas,True,377.21,327.74,True,701.79,327.74,True,701.79,-49.47
2021-06,Zanahorias frescas o refrigeradas,True,377.41,312.63,True,669.45,312.63,True,669.45,-64.78
2021-07,Zanahorias frescas o refrigeradas,True,381.26,327.86,True,702.05,327.86,True,702.05,-53.4
2021-08,Zanahorias frescas o refrigeradas,True,383.06,321.94,True,689.37,321.94,True,689.37,-61.12
2021-09,Zanahorias frescas o refrigeradas,True,390.04,329.77,True,706.14,329.77,True,706.14,-60.27
2021-10,Zanahorias frescas o refrigeradas,True,394.02,343.07,True,734.62,343.07,True,734.62,-50.96
2021-11,Zanahorias frescas o refrigeradas,True,395.08,335.24,True,717.87,335.24,True,717.87,-59.84
2021-12,Zanahorias frescas o refrigeradas,True,397.96,326.39,True,698.92,326.39,True,698.92,-71.56
2022-01,Zanahorias frescas o refrigeradas,True,404.27,339.81,True,727.65,339.81,True,727.65,-64.46
2022-02,Zanahorias frescas o refrigeradas,True,410.16,361.45,True,773.98,361.45,True,773.98,-48.71
2022-03,Zanahorias frescas o refrigeradas,True,423.98,357.56,True,765.64,357.56,True,765.64,-66.43
2022-04,Zanahorias frescas o refrigeradas,True,433.41,342.22,True,732.81,342.22,True,732.81,-91.19
2022-05,Zanahorias frescas o refrigeradas,True,441.14,357.02,True,764.5,357.02,True,764.5,-84.12
2022-06,Zanahorias frescas o refrigeradas,True,447.02,362.04,True,775.24,362.04,True,775.24,-84.98
2022-07,Zanahorias frescas o refrigeradas,True,454.6,401.13,True,858.96,401.13,True,858.96,-53.47
2022-08,Zanahorias frescas o refrigeradas,True,463.27,421.48,True,902.53,421.48,True,902.53,-41.79
2022-09,Zanahorias frescas o refrigeradas,True,472.16,426.29,True,912.83,426.29,True,912.83,-45.87
2022-10,Zanahorias frescas o refrigeradas,True,476.03,560.7,True,1200.65,560.7,True,1200.65,84.67
2022-11,Zanahorias frescas o refrigeradas,True,483.5,470.25,True,1006.96,470.25,True,1006.96,-13.25
2022-12,Zanahorias frescas o refrigeradas,True,488.42,425.3,True,910.7,425.3,True,910.7,-63.13
2023-01,Zanahorias frescas o refrigeradas,True,493.39,437.44,True,936.69,437.44,True,936.69,-55.96
2023-02,Zanahorias frescas o refrigeradas,True,493.59,423.18,True,906.16,423.18,True,906.16,-70.42
2023-03,Zanahorias frescas o refrigeradas,True,495.87,404.86,True,866.95,404.86,True,866.95,-91.0
2023-04,Zanahorias frescas o refrigeradas,True,496.44,419.34,True,897.95,419.34,True,897.95,-77.1
2023-05,Zanahorias frescas o refrigeradas,True,497.43,413.11,True,884.61,413.11,True,884.61,-84.32
2023-06,Zanahorias frescas o refrigeradas,True,499.3,404.05,True,865.21,404.05,True,865.21,-95.25
2023-07,Zanahorias frescas o refrigeradas,True,504.54,385.21,True,824.86,385.21,True,824.86,-119.34
2023-08,Zanahorias frescas o refrigeradas,True,506.36,390.48,True,836.15,390.48,True,836.15,-115.88
2023-09,Zanahorias frescas o refrigeradas,True,511.07,411.06,True,880.21,411.06,True,880.21,-100.01
2023-10,Zanahorias frescas o refrigeradas,True,515.06,385.46,True,825.4,385.46,True,825.4,-129.6
2023-11,Zanahorias frescas o refrigeradas,True,519.38,377.03,True,807.35,377.03,True,807.35,-142.35
2023-12,Zanahorias frescas o refrigeradas,True,517.17,399.78,True,856.06,399.78,True,856.06,-117.38
2024-01,Zanahorias frescas o refrigeradas,True,521.69,437.85,True,937.57,437.85,True,937.57,-83.84
2024-02,Zanahorias frescas o refrigeradas,True,523.66,455.64,True,975.68,455.64,True,975.68,-68.02
2024-03,Zanahorias frescas o refrigeradas,True,520.7,438.19,True,938.31,438.19,True,938.31,-82.51
2024-04,Zanahorias frescas o refrigeradas,True,524.49,443.7,True,950.1,443.7,True,950.1,-80.79
2024-05,Zanahorias frescas o refrigeradas,True,525.36,418.86,True,896.91,418.86,True,896.91,-106.5
2024-06,Zanahorias frescas o refrigeradas,True,531.48,415.03,True,888.71,415.03,True,888.71,-116.46
2024-07,Zanahorias frescas o refrigeradas,True,532.25,411.42,True,880.98,411.42,True,880.98,-120.84
2024-08,Zanahorias frescas o refrigeradas,True,535.05,451.73,True,967.31,451.73,True,967.31,-83.32
2024-09,Zanahorias frescas o refrigeradas,True,533.43,494.17,True,1058.17,494.17,True,1058.17,-39.26
2024-10,Zanahorias frescas o refrigeradas,True,543.41,504.31,True,1079.89,504.31,True,1079.89,-39.1
2024-11,Zanahorias frescas o refrigeradas,True,542.93,475.32,True,1017.82,475.32,True,1017.82,-67.61
2024-12,Zanahorias frescas o refrigeradas,True,539.95,482.46,True,1033.11,482.46,True,1033.11,-57.48
2025-01,Zanahorias frescas o refrigeradas,True,542.38,506.19,True,1083.91,506.19,True,1083.91,-36.19
2025-02,Zanahorias frescas o refrigeradas,True,543.72,472.46,True,1011.7,472.46,True,1011.7,-71.25
2025-03,Zanahorias frescas o refrigeradas,True,549.37,457.77,True,980.23,457.77,True,980.23,-91.6
2025-04,Zanahorias frescas o refrigeradas,True,549.93,423.96,True,907.83,423.96,True,907.83,-125.98
2025-05,Zanahorias frescas o refrigeradas,True,551.56,422.49,True,904.68,422.49,True,904.68,-129.07
2025-06,Zanahorias frescas o refrigeradas,True,548.44,402.47,True,861.83,402.47,True,861.83,-145.97
2025-07,Zanahorias frescas o refrigeradas,True,552.58,401.31,True,859.34,401.31,True,859.34,-151.26
2025-08,Zanahorias frescas o refrigeradas,True,557.03,445.07,True,953.04,445.07,True,953.04,-111.96
2025-09,Zanahorias frescas o refrigeradas,True,561.65,445.86,True,954.73,445.86,True,954.73,-115.79
2025-10,Zanahorias frescas o refrigeradas,True,564.3,427.23,True,914.85,427.23,True,914.85,-137.06
2025-11,Zanahorias frescas o refrigeradas,True,566.19,435.24,True,932.0,435.24,True,932.0,-130.95
2025-12,Zanahorias frescas o refrigeradas,True,565.55,442.0,True,946.47,442.0,True,946.47,-123.55
2026-01,Zanahorias frescas o refrigeradas,True,567.69,468.33,True,1002.84,468.33,True,1002.84,-99.36
2026-02,Zanahorias frescas o refrigeradas,True,568.95,452.81,True,969.61,452.81,True,969.61,-116.14
2026-03,Zanahorias frescas o refrigeradas,True,572.07,479.08,True,1025.87,479.08,True,1025.87,-92.98
2026-04,Zanahorias frescas o refrigeradas,True,572.85,472.81,True,1012.44,472.81,True,1012.44,-100.03
2026-05,Zanahorias frescas o refrigeradas,True,570.38,448.32,True,960.0,448.32,True,960.0,-122.06
2026-06,Zanahorias frescas o refrigeradas,True,574.58,459.4,True,983.73,459.4,True,983.73,-115.18
2026-07,Zanahorias frescas o refrigeradas,True,578.14,529.59,True,1134.02,529.59,True,1134.02,-48.56
2026-08,Zanahorias frescas o refrigeradas,True,585.16,600.22,True,1285.27,600.22,True,1285.27,15.06
2019-01,Cebollas frescas o refrigeradas,True,547.67,564.33,True,837.29,564.33,True,837.29,16.66
2019-02,Cebollas frescas o refrigeradas,True,546.59,557.53,True,827.2,557.53,True,827.2,10.94
2019-03,Cebollas frescas o refrigeradas,True,550.5,564.68,True,837.81,564.68,True,837.81,14.18
2019-04,Cebollas frescas o refrigeradas,True,552.71,609.6,True,904.46,609.6,True,904.46,56.9
2019-05,Cebollas frescas o refrigeradas,True,553.03,565.81,True,839.48,565.81,True,839.48,12.78
2019-06,Cebollas frescas o refrigeradas,True,555.18,554.53,True,822.74,554.53,True,822.74,-0.65
2019-07,Cebollas frescas o refrigeradas,True,556.39,532.62,True,790.23,532.62,True,790.23,-23.77
2019-08,Cebollas frescas o refrigeradas,True,559.51,571.39,True,847.76,571.39,True,847.76,11.88
2019-09,Cebollas frescas o refrigeradas,True,559.63,587.38,True,871.48,587.38,True,871.48,27.74
2019-10,Cebollas frescas o refrigeradas,True,563.79,579.2,True,859.34,579.2,True,859.34,15.4
2019-11,Cebollas frescas o refrigeradas,True,569.4,593.19,True,880.11,593.19,True,880.11,23.8
2019-12,Cebollas frescas o refrigeradas,True,567.68,631.9,True,937.54,631.9,True,937.54,64.22
2020-01,Cebollas frescas o refrigeradas,True,572.57,588.23,True,872.74,588.23,True,872.74,15.66
2020-02,Cebollas frescas o refrigeradas,True,576.63,596.85,True,885.54,596.85,True,885.54,20.23
2020-03,Cebollas frescas o refrigeradas,True,580.41,641.85,True,952.3,641.85,True,952.3,61.44
2020-04,Cebollas frescas o refrigeradas,True,584.81,661.19,True,980.99,661.19,True,980.99,76.38
2020-05,Cebollas frescas o refrigeradas,True,584.62,671.99,True,997.01,671.99,True,997.01,87.37
2020-06,Cebollas frescas o refrigeradas,True,586.13,665.81,True,987.84,665.81,True,987.84,79.67
2020-07,Cebollas frescas o refrigeradas,True,588.69,655.78,True,972.97,655.78,True,972.97,67.09
2020-08,Cebollas frescas o refrigeradas,True,589.78,664.32,True,985.64,664.32,True,985.64,74.54
2020-09,Cebollas frescas o refrigeradas,True,598.36,680.69,True,1009.93,680.69,True,1009.93,82.33
2020-10,Cebollas frescas o refrigeradas,True,602.79,667.69,True,990.64,667.69,True,990.64,64.91
2020-11,Cebollas frescas o refrigeradas,True,603.62,661.08,True,980.82,661.08,True,980.82,57.45
2020-12,Cebollas frescas o refrigeradas,True,605.03,689.48,True,1022.96,689.48,True,1022.96,84.44
2021-01,Cebollas frescas o refrigeradas,True,611.9,660.56,True,980.05,660.56,True,980.05,48.66
2021-02,Cebollas frescas o refrigeradas,True,609.54,683.42,True,1013.98,683.42,True,1013.98,73.88
2021-03,Cebollas frescas o refrigeradas,True,607.9,685.07,True,1016.42,685.07,True,1016.42,77.17
2021-04,Cebollas frescas o refrigeradas,True,612.15,685.27,True,1016.72,685.27,True,1016.72,73.12
2021-05,Cebollas frescas o refrigeradas,True,611.18,675.98,True,1002.94,675.98,True,1002.94,64.8
2021-06,Cebollas frescas o refrigeradas,True,611.5,689.72,True,1023.32,689.72,True,1023.32,78.21
2021-07,Cebollas frescas o refrigeradas,True,617.74,695.5,True,1031.9,695.5,True,1031.9,77.76
2021-08,Cebollas frescas o refrigeradas,True,620.66,692.3,True,1027.15,692.3,True,1027.15,71.63
2021-09,Cebollas frescas o refrigeradas,True,631.97,700.67,True,1039.56,700.67,True,1039.56,68.69
2021-10,Cebollas frescas o refrigeradas,True,638.43,693.52,True,1028.96,693.52,True,1028.96,55.09
2021-11,Cebollas frescas o refrigeradas,True,640.14,702.95,True,1042.95,702.95,True,1042.95,62.8
2021-12,Cebollas frescas o refrigeradas,True,644.81,698.18,True,1035.87,698.18,True,1035.87,53.37
2022-01,Cebollas frescas o refrigeradas,True,655.03,698.06,True,1035.69,698.06,True,1035.69,43.03
2022-02,Cebollas frescas o refrigeradas,True,664.57,712.75,True,1057.5,712.75,True,1057.5,48.18
2022-03,Cebollas frescas o refrigeradas,True,686.97,710.2,True,1053.71,710.2,True,1053.71,23.23
2022-04,Cebollas frescas o refrigeradas,True,702.25,706.33,True,1047.96,706.33,True,1047.96,4.08
2022-05,Cebollas frescas o refrigeradas,True,714.77,720.55,True,1069.06,720.55,True,1069.06,5.78
2022-06,Cebollas frescas o refrigeradas,True,724.29,729.08,True,1081.72,729.08,True,1081.72,4.79
2022-07,Cebollas frescas o refrigeradas,True,736.59,731.61,True,1085.48,731.61,True,1085.48,-4.97
2022-08,Cebollas frescas o refrigeradas,True,750.62,736.76,True,1093.12,736.76,True,1093.12,-13.86
2022-09,Cebollas frescas o refrigeradas,True,765.04,731.63,True,1085.51,731.63,True,1085.51,-33.41
2022-10,Cebollas frescas o refrigeradas,True,771.3,749.43,True,1111.91,749.43,True,1111.91,-21.87
2022-11,Cebollas frescas o refrigeradas,True,783.41,814.95,True,1209.13,814.95,True,1209.13,31.54
2022-12,Cebollas frescas o refrigeradas,True,791.38,825.42,True,1224.66,825.42,True,1224.66,34.04
2023-01,Cebollas frescas o refrigeradas,True,799.44,806.69,True,1196.88,806.69,True,1196.88,7.26
2023-02,Cebollas frescas o refrigeradas,True,799.76,851.01,True,1262.63,851.01,True,1262.63,51.25
2023-03,Cebollas frescas o refrigeradas,True,803.44,827.35,True,1227.52,827.35,True,1227.52,23.9
2023-04,Cebollas frescas o refrigeradas,True,804.38,822.04,True,1219.64,822.04,True,1219.64,17.66
2023-05,Cebollas frescas o refrigeradas,True,805.98,819.12,True,1215.32,819.12,True,1215.32,13.14
2023-06,Cebollas frescas o refrigeradas,True,809.0,810.38,True,1202.34,810.38,True,1202.34,1.38
2023-07,Cebollas frescas o refrigeradas,True,817.5,856.84,True,1271.27,856.84,True,1271.27,39.34
2023-08,Cebollas frescas o refrigeradas,True,820.45,873.93,True,1296.63,873.93,True,1296.63,53.48
2023-09,Cebollas frescas o refrigeradas,True,828.08,945.83,True,1403.3,945.83,True,1403.3,117.74
2023-10,Cebollas frescas o refrigeradas,True,834.55,965.32,True,1432.22,965.32,True,1432.22,130.77
2023-11,Cebollas frescas o refrigeradas,True,841.55,1029.47,True,1527.41,1029.47,True,1527.41,187.92
2023-12,Cebollas frescas o refrigeradas,True,837.95,985.68,True,1462.44,985.68,True,1462.44,147.73
2024-01,Cebollas frescas o refrigeradas,True,845.28,930.1,True,1379.97,930.1,True,1379.97,84.82
2024-02,Cebollas frescas o refrigeradas,True,848.48,932.78,True,1383.95,932.78,True,1383.95,84.3
2024-03,Cebollas frescas o refrigeradas,True,843.68,928.33,True,1377.35,928.33,True,1377.35,84.65
2024-04,Cebollas frescas o refrigeradas,True,849.82,915.4,True,1358.16,915.4,True,1358.16,65.58
2024-05,Cebollas frescas o refrigeradas,True,851.23,866.94,True,1286.26,866.94,True,1286.26,15.71
2024-06,Cebollas frescas o refrigeradas,True,861.15,883.04,True,1310.15,883.04,True,1310.15,21.89
2024-07,Cebollas frescas o refrigeradas,True,862.4,884.28,True,1311.99,884.28,True,1311.99,21.88
2024-08,Cebollas frescas o refrigeradas,True,866.93,897.07,True,1330.96,897.07,True,1330.96,30.13
2024-09,Cebollas frescas o refrigeradas,True,864.31,951.94,True,1412.38,951.94,True,1412.38,87.63
2024-10,Cebollas frescas o refrigeradas,True,880.47,906.75,True,1345.33,906.75,True,1345.33,26.28
2024-11,Cebollas frescas o refrigeradas,True,879.69,900.17,True,1335.57,900.17,True,1335.57,20.48
2024-12,Cebollas frescas o refrigeradas,True,874.87,902.8,True,1339.46,902.8,True,1339.46,27.93
2025-01,Cebollas frescas o refrigeradas,True,878.81,1020.35,True,1513.88,1020.35,True,1513.88,141.54
2025-02,Cebollas frescas o refrigeradas,True,880.97,965.36,True,1432.29,965.36,True,1432.29,84.39
2025-03,Cebollas frescas o refrigeradas,True,890.13,937.99,True,1391.68,937.99,True,1391.68,47.86
2025-04,Cebollas frescas o refrigeradas,True,891.05,909.99,True,1350.13,909.99,True,1350.13,18.94
2025-05,Cebollas frescas o refrigeradas,True,893.68,924.56,True,1371.75,924.56,True,1371.75,30.87
2025-06,Cebollas frescas o refrigeradas,True,888.63,914.37,True,1356.63,914.37,True,1356.63,25.75
2025-07,Cebollas frescas o refrigeradas,True,895.33,858.05,True,1273.07,858.05,True,1273.07,-37.28
2025-08,Cebollas frescas o refrigeradas,True,902.54,895.28,True,1328.3,895.28,True,1328.3,-7.27
2025-09,Cebollas frescas o refrigeradas,True,910.03,889.73,True,1320.08,889.73,True,1320.08,-20.3
2025-10,Cebollas frescas o refrigeradas,True,914.32,982.53,True,1457.75,982.53,True,1457.75,68.21
2025-11,Cebollas frescas o refrigeradas,True,917.38,948.25,True,1406.9,948.25,True,1406.9,30.86
2025-12,Cebollas frescas o refrigeradas,True,916.35,980.76,True,1455.13,980.76,True,1455.13,64.41
2026-01,Cebollas frescas o refrigeradas,True,919.81,993.31,True,1473.75,993.31,True,1473.75,73.5
2026-02,Cebollas frescas o refrigeradas,True,921.86,1018.19,True,1510.66,1018.19,True,1510.66,96.33
2026-03,Cebollas frescas o refrigeradas,True,926.91,1021.1,True,1514.99,1021.1,True,1514.99,94.19
2026-04,Cebollas frescas o refrigeradas,True,928.17,994.15,True,1474.99,994.15,True,1474.99,65.97
2026-05,Cebollas frescas o refrigeradas,True,924.18,1018.23,True,1510.73,1018.23,True,1510.73,94.05
2026-06,Cebollas frescas o refrigeradas,True,930.99,992.99,True,1473.28,992.99,True,1473.28,62.01
2026-07,Cebollas frescas o refrigeradas,True,936.76,1002.34,True,1487.16,1002.34,True,1487.16,65.59
2026-08,Cebollas frescas o refrigeradas,True,948.13,1008.26,True,1495.93,1008.26,True,1495.93,60.13
2019-01,Choclos frescos o refrigerados,False,196.91,196.91,False,,197.11,False,,0.0
2019-02,Choclos frescos o refrigerados,False,196.52,196.52,False,,196.91,False,,0.0
2019-03,Choclos frescos o refrigerados,False,197.93,197.93,False,,196.52,False,,0.0
2019-04,Choclos frescos o refrigerados,False,198.72,198.72,False,,197.93,False,,0.0
2019-05,Choclos frescos o refrigerados,False,198.83,198.83,False,,198.72,False,,0.0
2019-06,Choclos frescos o refrigerados,False,199.61,199.61,False,,198.83,False,,0.0
2019-07,Choclos frescos o refrigerados,False,200.04,200.04,False,,199.61,False,,0.0
2019-08,Choclos frescos o refrigerados,False,201.16,201.16,False,,200.04,False,,0.0
2019-09,Choclos frescos o refrigerados,False,201.21,201.21,False,,201.16,False,,0.0
2019-10,Choclos frescos o refrigerados,False,202.7,202.7,False,,201.21,False,,0.0
2019-11,Choclos frescos o refrigerados,False,204.72,204.72,False,,202.7,False,,0.0
2019-12,Choclos frescos o refrigerados,False,204.1,204.1,False,,204.72,False,,0.0
2020-01,Choclos frescos o refrigerados,False,205.86,205.86,False,,204.1,False,,0.0
2020-02,Choclos frescos o refrigerados,False,207.32,207.32,False,,205.86,False,,0.0
2020-03,Choclos frescos o refrigerados,False,208.68,208.68,False,,207.32,False,,0.0
2020-04,Choclos frescos o refrigerados,False,210.26,210.26,False,,208.68,False,,0.0
2020-05,Choclos frescos o refrigerados,False,210.19,210.19,False,,210.26,False,,0.0
2020-06,Choclos frescos o refrigerados,False,210.73,210.73,False,,210.19,False,,0.0
2020-07,Choclos frescos o refrigerados,False,211.65,211.65,False,,210.73,False,,0.0
2020-08,Choclos frescos o refrigerados,False,212.05,212.05,False,,211.65,False,,0.0
2020-09,Choclos frescos o refrigerados,False,215.13,215.13,False,,212.05,False,,0.0
2020-10,Choclos frescos o refrigerados,False,216.72,216.72,False,,215.13,False,,0.0
2020-11,Choclos frescos o refrigerados,False,217.02,217.02,False,,216.72,False,,0.0
2020-12,Choclos frescos o refrigerados,False,217.53,217.53,False,,217.02,False,,0.0
2021-01,Choclos frescos o refrigerados,False,220.0,220.0,False,,217.53,False,,0.0
2021-02,Choclos frescos o refrigerados,False,219.15,219.15,False,,220.0,False,,0.0
2021-03,Choclos frescos o refrigerados,False,218.56,218.56,False,,219.15,False,,0.0
2021-04,Choclos frescos o refrigerados,False,220.09,220.09,False,,218.56,False,,0.0
2021-05,Choclos frescos o refrigerados,False,219.74,219.74,False,,220.09,False,,0.0
2021-06,Choclos frescos o refrigerados,False,219.86,219.86,False,,219.74,False,,0.0
2021-07,Choclos frescos o refrigerados,False,222.1,222.1,False,,219.86,False,,0.0
2021-08,Choclos frescos o refrigerados,False,223.15,223.15,False,,222.1,False,,0.0
2021-09,Choclos frescos o refrigerados,False,227.22,227.22,False,,223.15,False,,0.0
2021-10,Choclos frescos o refrigerados,False,229.54,229.54,False,,227.22,False,,0.0
2021-11,Choclos frescos o refrigerados,False,230.15,230.15,False,,229.54,False,,0.0
2021-12,Choclos frescos o refrigerados,False,231.83,231.83,False,,230.15,False,,0.0
2022-01,Choclos frescos o refrigerados,False,235.51,235.51,False,,231.83,False,,0.0
2022-02,Choclos frescos o refrigerados,False,238.94,238.94,False,,235.51,False,,0.0
2022-03,Choclos frescos o refrigerados,False,246.99,246.99,False,,238.94,False,,0.0
2022-04,Choclos frescos o refrigerados,False,252.48,252.48,False,,246.99,False,,0.0
2022-05,Choclos frescos o refrigerados,False,256.98,256.98,False,,252.48,False,,0.0
2022-06,Choclos frescos o refrigerados,False,260.41,260.41,False,,256.98,False,,0.0
2022-07,Choclos frescos o refrigerados,False,264.83,264.83,False,,260.41,False,,0.0
2022-08,Choclos frescos o refrigerados,False,269.87,269.87,False,,264.83,False,,0.0
2022-09,Choclos frescos o refrigerados,False,275.06,275.06,False,,269.87,False,,0.0
2022-10,Choclos frescos o refrigerados,False,277.31,277.31,False,,275.06,False,,0.0
2022-11,Choclos frescos o refrigerados,False,281.66,281.66,False,,277.31,False,,0.0
2022-12,Choclos frescos o refrigerados,False,284.53,284.53,False,,281.66,False,,0.0
2023-01,Choclos frescos o refrigerados,False,287.43,287.43,False,,284.53,False,,0.0
2023-02,Choclos frescos o refrigerados,False,287.54,287.54,False,,287.43,False,,0.0
2023-03,Choclos frescos o refrigerados,False,288.87,288.87,False,,287.54,False,,0.0
2023-04,Choclos frescos o refrigerados,False,289.2,289.2,False,,288.87,False,,0.0
2023-05,Choclos frescos o refrigerados,False,289.78,289.78,False,,289.2,False,,0.0
2023-06,Choclos frescos o refrigerados,False,290.86,290.86,False,,289.78,False,,0.0
2023-07,Choclos frescos o refrigerados,False,293.92,293.92,False,,290.86,False,,0.0
2023-08,Choclos frescos o refrigerados,False,294.98,294.98,False,,293.92,False,,0.0
2023-09,Choclos frescos o refrigerados,False,297.72,297.72,False,,294.98,False,,0.0
2023-10,Choclos frescos o refrigerados,False,300.05,300.05,False,,297.72,False,,0.0
2023-11,Choclos frescos o refrigerados,False,302.57,302.57,False,,300.05,False,,0.0
2023-12,Choclos frescos o refrigerados,False,301.27,301.27,False,,302.57,False,,0.0
2024-01,Choclos frescos o refrigerados,False,303.91,303.91,False,,301.27,False,,0.0
2024-02,Choclos frescos o refrigerados,False,305.06,305.06,False,,303.91,False,,0.0
2024-03,Choclos frescos o refrigerados,False,303.33,303.33,False,,305.06,False,,0.0
2024-04,Choclos frescos o refrigerados,False,305.54,305.54,False,,303.33,False,,0.0
2024-05,Choclos frescos o refrigerados,False,306.05,306.05,False,,305.54,False,,0.0
2024-06,Choclos frescos o refrigerados,False,309.61,309.61,False,,306.05,False,,0.0
2024-07,Choclos frescos o refrigerados,False,310.06,310.06,False,,309.61,False,,0.0
2024-08,Choclos frescos o refrigerados,False,311.69,311.69,False,,310.06,False,,0.0
2024-09,Choclos frescos o refrigerados,False,310.75,310.75,False,,311.69,False,,0.0
2024-10,Choclos frescos o refrigerados,False,316.56,316.56,False,,310.75,False,,0.0
2024-11,Choclos frescos o refrigerados,False,316.28,316.28,False,,316.56,False,,0.0
2024-12,Choclos frescos o refrigerados,False,314.54,314.54,False,,316.28,False,,0.0
2025-01,Choclos frescos o refrigerados,False,315.96,315.96,False,,314.54,False,,0.0
2025-02,Choclos frescos o refrigerados,False,316.74,316.74,False,,315.96,False,,0.0
2025-03,Choclos frescos o refrigerados,False,320.03,320.03,False,,316.74,False,,0.0
2025-04,Choclos frescos o refrigerados,False,320.36,320.36,False,,320.03,False,,0.0
2025-05,Choclos frescos o refrigerados,False,321.31,321.31,False,,320.36,False,,0.0
2025-06,Choclos frescos o refrigerados,False,319.49,319.49,False,,321.31,False,,0.0
2025-07,Choclos frescos o refrigerados,False,321.9,321.9,False,,319.49,False,,0.0
2025-08,Choclos frescos o refrigerados,False,324.49,324.49,False,,321.9,False,,0.0
2025-09,Choclos frescos o refrigerados,False,327.19,327.19,False,,324.49,False,,0.0
2025-10,Choclos frescos o refrigerados,False,328.73,328.73,False,,327.19,False,,0.0
2025-11,Choclos frescos o refrigerados,False,329.83,329.83,False,,328.73,False,,0.0
2025-12,Choclos frescos o refrigerados,False,329.46,329.46,False,,329.83,False,,0.0
2026-01,Choclos frescos o refrigerados,False,330.7,330.7,False,,329.46,False,,0.0
2026-02,Choclos frescos o refrigerados,False,331.44,331.44,False,,330.7,False,,0.0
2026-03,Choclos frescos o refrigerados,False,333.26,333.26,False,,331.44,False,,0.0
2026-04,Choclos frescos o refrigerados,False,333.71,333.71,False,,333.26,False,,0.0
2026-05,Choclos frescos o refrigerados,False,332.27,332.27,False,,333.71,False,,0.0
2026-06,Choclos frescos o refrigerados,False,334.72,334.72,False,,332.27,False,,0.0
2026-07,Choclos frescos o refrigerados,False,336.8,336.8,False,,334.72,False,,0.0
2026-08,Choclos frescos o refrigerados,False,340.88,340.88,False,,336.8,False,,0.0
2019-01,Papas y otros tubérculos,True,1527.42,1867.8,True,626.99,1867.8,True,626.99,340.38
2019-02,Papas y otros tubérculos,True,1524.41,1972.85,True,662.25,1972.85,True,662.25,448.43
2019-03,Papas y otros tubérculos,True,1535.32,1841.37,True,618.12,1841.37,True,618.12,306.05
2019-04,Papas y otros tubérculos,True,1541.46,1787.95,True,600.18,1787.95,True,600.18,246.48
2019-05,Papas y otros tubérculos,True,1542.37,1941.19,True,651.62,1941.19,True,651.62,398.82
2019-06,Papas y otros tubérculos,True,1548.37,2005.94,True,673.36,2005.94,True,673.36,457.57
2019-07,Papas y otros tubérculos,True,1551.74,1963.47,True,659.1,1963.47,True,659.1,411.73
2019-08,Papas y otros tubérculos,True,1560.43,2438.1,True,818.43,2438.1,True,818.43,877.67
2019-09,Papas y otros tubérculos,True,1560.78,2032.4,True,682.24,2032.4,True,682.24,471.61
2019-10,Papas y otros tubérculos,True,1572.38,2106.31,True,707.05,2106.31,True,707.05,533.93
2019-11,Papas y otros tubérculos,True,1588.01,2070.61,True,695.07,2070.61,True,695.07,482.6
2019-12,Papas y otros tubérculos,True,1583.23,2002.9,True,672.34,2002.9,True,672.34,419.67
2020-01,Papas y otros tubérculos,True,1596.87,1996.86,True,670.31,1996.86,True,670.31,400.0
2020-02,Papas y otros tubérculos,True,1608.17,1942.34,True,652.01,1942.34,True,652.01,334.16
2020-03,Papas y otros tubérculos,True,1618.72,2090.31,True,701.68,2090.31,True,701.68,471.59
2020-04,Papas y otros tubérculos,True,1631.0,1969.64,True,661.18,1969.64,True,661.18,338.64
2020-05,Papas y otros tubérculos,True,1630.47,2154.41,True,723.2,2154.41,True,723.2,523.94
2020-06,Papas y otros tubérculos,True,1634.69,1843.47,True,618.82,1843.47,True,618.82,208.79
2020-07,Papas y otros tubérculos,True,1641.82,1952.75,True,655.51,1952.75,True,655.51,310.93
2020-08,Papas y otros tubérculos,True,1644.87,1929.45,True,647.68,1929.45,True,647.68,284.58
2020-09,Papas y otros tubérculos,True,1668.79,2367.89,True,794.86,2367.89,True,794.86,699.11
2020-10,Papas y otros tubérculos,True,1681.14,2155.03,True,723.41,2155.03,True,723.41,473.89
2020-11,Papas y otros tubérculos,True,1683.47,2336.43,True,784.3,2336.43,True,784.3,652.96
2020-12,Papas y otros tubérculos,True,1687.4,2611.51,True,876.64,2611.51,True,876.64,924.1
2021-01,Papas y otros tubérculos,True,1706.55,2692.95,True,903.98,2692.95,True,903.98,986.41
2021-02,Papas y otros tubérculos,True,1699.98,2451.99,True,823.09,2451.99,True,823.09,752.0
2021-03,Papas y otros tubérculos,True,1695.39,2257.0,True,757.64,2257.0,True,757.64,561.61
2021-04,Papas y otros tubérculos,True,1707.25,2225.8,True,747.16,2225.8,True,747.16,518.56
2021-05,Papas y otros tubérculos,True,1704.55,2153.73,True,722.97,2153.73,True,722.97,449.18
2021-06,Papas y otros tubérculos,True,1705.45,2064.86,True,693.14,2064.86,True,693.14,359.41
2021-07,Papas y otros tubérculos,True,1722.85,2207.1,True,740.89,2207.1,True,740.89,484.25
2021-08,Papas y otros tubérculos,True,1730.99,2278.96,True,765.01,2278.96,True,765.01,547.97
2021-09,Papas y otros tubérculos,True,1762.54,2561.63,True,859.9,2561.63,True,859.9,799.09
2021-10,Papas y otros tubérculos,True,1780.54,2396.76,True,804.55,2396.76,True,804.55,616.21
2021-11,Papas y otros tubérculos,True,1785.32,2444.93,True,820.72,2444.93,True,820.72,659.61
2021-12,Papas y otros tubérculos,True,1798.32,2589.15,True,869.13,2589.15,True,869.13,790.83
2022-01,Papas y otros tubérculos,True,1826.84,2376.79,True,797.85,2376.79,True,797.85,549.95
2022-02,Papas y otros tubérculos,True,1853.45,2336.4,True,784.29,2336.4,True,784.29,482.95
2022-03,Papas y otros tubérculos,True,1915.91,2388.81,True,801.88,2388.81,True,801.88,472.89
2022-04,Papas y otros tubérculos,True,1958.52,2356.66,True,791.09,2356.66,True,791.09,398.14
2022-05,Papas y otros tubérculos,True,1993.45,2372.99,True,796.57,2372.99,True,796.57,379.54
2022-06,Papas y otros tubérculos,True,2020.01,2465.91,True,827.76,2465.91,True,827.76,445.89
2022-07,Papas y otros tubérculos,True,2054.3,2357.88,True,791.5,2357.88,True,791.5,303.58
2022-08,Papas y otros tubérculos,True,2093.44,2384.0,True,800.27,2384.0,True,800.27,290.56
2022-09,Papas y otros tubérculos,True,2133.65,2408.49,True,808.49,2408.49,True,808.49,274.84
2022-10,Papas y otros tubérculos,True,2151.11,2511.03,True,842.91,2511.03,True,842.91,359.92
2022-11,Papas y otros tubérculos,True,2184.88,2627.84,True,882.12,2627.84,True,882.12,442.96
2022-12,Papas y otros tubérculos,True,2207.11,2695.28,True,904.76,2695.28,True,904.76,488.17
2023-01,Papas y otros tubérculos,True,2229.58,2742.42,True,920.59,2742.42,True,920.59,512.84
2023-02,Papas y otros tubérculos,True,2230.49,2824.01,True,947.97,2824.01,True,947.97,593.52
2023-03,Papas y otros tubérculos,True,2240.75,2900.61,True,973.68,2900.61,True,973.68,659.85
2023-04,Papas y otros tubérculos,True,2243.36,2975.59,True,998.85,2975.59,True,998.85,732.22
2023-05,Papas y otros tubérculos,True,2247.84,2774.48,True,931.35,2774.48,True,931.35,526.64
2023-06,Papas y otros tubérculos,True,2256.26,3005.33,True,1008.84,3005.33,True,1008.84,749.08
2023-07,Papas y otros tubérculos,True,2279.96,3493.73,True,1172.79,3493.73,True,1172.79,1213.77
2023-08,Papas y otros tubérculos,True,2288.18,4648.65,True,1560.47,4648.65,True,1560.47,2360.47
2023-09,Papas y otros tubérculos,True,2309.47,5315.14,True,1784.2,5315.14,True,1784.2,3005.67
2023-10,Papas y otros tubérculos,True,2327.5,5315.47,True,1784.31,5315.47,True,1784.31,2987.97
2023-11,Papas y otros tubérculos,True,2347.02,5407.95,True,1815.36,5407.95,True,1815.36,3060.92
2023-12,Papas y otros tubérculos,True,2337.0,4446.12,True,1492.49,4446.12,True,1492.49,2109.12
2024-01,Papas y otros tubérculos,True,2357.43,3875.36,True,1300.89,3875.36,True,1300.89,1517.92
2024-02,Papas y otros tubérculos,True,2366.35,3398.83,True,1140.93,3398.83,True,1140.93,1032.48
2024-03,Papas y otros tubérculos,True,2352.98,3193.94,True,1072.15,3193.94,True,1072.15,840.96
2024-04,Papas y otros tubérculos,True,2370.09,3272.1,True,1098.39,3272.1,True,1098.39,902.01
2024-05,Papas y otros tubérculos,True,2374.02,3237.01,True,1086.61,3237.01,True,1086.61,862.99
2024-06,Papas y otros tubérculos,True,2401.7,3348.42,True,1124.01,3348.42,True,1124.01,946.72
2024-07,Papas y otros tubérculos,True,2405.18,3305.35,True,1109.55,3305.35,True,1109.55,900.17
2024-08,Papas y otros tubérculos,True,2417.82,3245.71,True,1089.53,3245.71,True,1089.53,827.88
2024-09,Papas y otros tubérculos,True,2410.5,3865.56,True,1297.6,3865.56,True,1297.6,1455.06
2024-10,Papas y otros tubérculos,True,2455.58,4269.62,True,1433.24,4269.62,True,1433.24,1814.04
2024-11,Papas y otros tubérculos,True,2453.41,3934.88,True,1320.87,3934.88,True,1320.87,1481.47
2024-12,Papas y otros tubérculos,True,2439.95,3650.16,True,1225.3,3650.16,True,1225.3,1210.21
2025-01,Papas y otros tubérculos,True,2450.95,3023.77,True,1015.03,3023.77,True,1015.03,572.82
2025-02,Papas y otros tubérculos,True,2456.98,3100.5,True,1040.79,3100.5,True,1040.79,643.52
2025-03,Papas y otros tubérculos,True,2482.51,2844.8,True,954.95,2844.8,True,954.95,362.29
2025-04,Papas y otros tubérculos,True,2485.08,2740.34,True,919.88,2740.34,True,919.88,255.25
2025-05,Papas y otros tubérculos,True,2492.43,2758.51,True,925.99,2758.51,True,925.99,266.08
2025-06,Papas y otros tubérculos,True,2478.32,2488.94,True,835.49,2488.94,True,835.49,10.62
2025-07,Papas y otros tubérculos,True,2497.02,2241.5,True,752.43,2241.5,True,752.43,-255.51
2025-08,Papas y otros tubérculos,True,2517.13,2192.96,True,736.14,2192.96,True,736.14,-324.17
2025-09,Papas y otros tubérculos,True,2538.03,2087.64,True,700.79,2087.64,True,700.79,-450.38
2025-10,Papas y otros tubérculos,True,2549.98,1885.61,True,632.97,1885.61,True,632.97,-664.37
2025-11,Papas y otros tubérculos,True,2558.53,2085.24,True,699.98,2085.24,True,699.98,-473.29
2025-12,Papas y otros tubérculos,True,2555.64,2213.72,True,743.11,2213.72,True,743.11,-341.91
2026-01,Papas y otros tubérculos,True,2565.3,2274.89,True,763.64,2274.89,True,763.64,-290.41
2026-02,Papas y otros tubérculos,True,2571.0,2340.89,True,785.8,2340.89,True,785.8,-230.11
2026-03,Papas y otros tubérculos,True,2585.09,2601.17,True,873.17,2601.17,True,873.17,16.08
2026-04,Papas y otros tubérculos,True,2588.61,2710.39,True,909.83,2710.39,True,909.83,121.77
2026-05,Papas y otros tubérculos,True,2577.47,2718.08,True,912.41,2718.08,True,912.41,140.61
2026-06,Papas y otros tubérculos,True,2596.46,2817.66,True,945.84,2817.66,True,945.84,221.2
2026-07,Papas y otros tubérculos,True,2612.56,3053.46,True,1025.0,3053.46,True,1025.0,440.9
2026-08,Papas y otros tubérculos,True,2644.26,3287.91,True,1103.69,3287.91,True,1103.69,643.64
2019-01,Porotos secos,True,314.09,440.73,True,2295.47,440.73,True,2295.47,126.64
2019-02,Porotos secos,True,313.48,437.24,True,2277.27,437.24,True,2277.27,123.76
2019-03,Porotos secos,True,315.72,427.78,True,2228.04,427.78,True,2228.04,112.06
2019-04,Porotos secos,True,316.98,437.13,True,2276.74,437.13,True,2276.74,120.15
2019-05,Porotos secos,True,317.17,435.18,True,2266.58,435.18,True,2266.58,118.02
2019-06,Porotos secos,True,318.4,424.03,True,2208.49,424.03,True,2208.49,105.63
2019-07,Porotos secos,True,319.1,424.66,True,2211.76,424.66,True,2211.76,105.56
2019-08,Porotos secos,True,320.88,416.67,True,2170.13,416.67,True,2170.13,95.78
2019-09,Porotos secos,True,320.95,413.78,True,2155.08,413.78,True,2155.08,92.82
2019-10,Porotos secos,True,323.34,430.03,True,2239.74,430.03,True,2239.74,106.69
2019-11,Porotos secos,True,326.55,425.53,True,2216.32,425.53,True,2216.32,98.98
2019-12,Porotos secos,True,325.57,418.82,True,2181.34,418.82,True,2181.34,93.25
2020-01,Porotos secos,True,328.37,417.49,True,2174.43,417.49,True,2174.43,89.12
2020-02,Porotos secos,True,330.7,412.46,True,2148.24,412.46,True,2148.24,81.76
2020-03,Porotos secos,True,332.87,421.12,True,2193.31,421.12,True,2193.31,88.25
2020-04,Porotos secos,True,335.39,444.64,True,2315.82,444.64,True,2315.82,109.24
2020-05,Porotos secos,True,335.28,447.74,True,2331.98,447.74,True,2331.98,112.46
2020-06,Porotos secos,True,336.15,479.16,True,2495.63,479.16,True,2495.63,143.01
2020-07,Porotos secos,True,337.62,486.32,True,2532.89,486.32,True,2532.89,148.7
2020-08,Porotos secos,True,338.25,491.92,True,2562.11,491.92,True,2562.11,153.68
2020-09,Porotos secos,True,343.16,476.49,True,2481.69,476.49,True,2481.69,133.32
2020-10,Porotos secos,True,345.7,503.7,True,2623.42,503.7,True,2623.42,157.99
2020-11,Porotos secos,True,346.18,498.28,True,2595.23,498.28,True,2595.23,152.1
2020-12,Porotos secos,True,346.99,492.41,True,2564.61,492.41,True,2564.61,145.41
2021-01,Porotos secos,True,350.93,476.28,True,2480.62,476.28,True,2480.62,125.35
2021-02,Porotos secos,True,349.58,462.26,True,2407.6,462.26,True,2407.6,112.68
2021-03,Porotos secos,True,348.64,462.81,True,2410.47,462.81,True,2410.47,114.18
2021-04,Porotos secos,True,351.07,486.01,True,2531.3,486.01,True,2531.3,134.94
2021-05,Porotos secos,True,350.52,488.39,True,2543.69,488.39,True,2543.69,137.87
2021-06,Porotos secos,True,350.7,482.68,True,2513.96,482.68,True,2513.96,131.98
2021-07,Porotos secos,True,354.28,480.21,True,2501.08,480.21,True,2501.08,125.93
2021-08,Porotos secos,True,355.95,477.5,True,2486.96,477.5,True,2486.96,121.54
2021-09,Porotos secos,True,362.44,479.68,True,2498.34,479.68,True,2498.34,117.24
2021-10,Porotos secos,True,366.14,473.05,True,2463.81,473.05,True,2463.81,106.91
2021-11,Porotos secos,True,367.13,463.97,True,2416.5,463.97,True,2416.5,96.84
2021-12,Porotos secos,True,369.8,472.47,True,2460.76,472.47,True,2460.76,102.66
2022-01,Porotos secos,True,375.66,476.92,True,2483.93,476.92,True,2483.93,101.25
2022-02,Porotos secos,True,381.14,483.64,True,2518.94,483.64,True,2518.94,102.5
2022-03,Porotos secos,True,393.98,481.37,True,2507.12,481.37,True,2507.12,87.39
2022-04,Porotos secos,True,402.74,497.66,True,2591.99,497.66,True,2591.99,94.92
2022-05,Porotos secos,True,409.93,497.45,True,2590.86,497.45,True,2590.86,87.52
2022-06,Porotos secos,True,415.39,497.84,True,2592.91,497.84,True,2592.91,82.45
2022-07,Porotos secos,True,422.44,501.93,True,2614.2,501.93,True,2614.2,79.49
2022-08,Porotos secos,True,430.49,508.68,True,2649.37,508.68,True,2649.37,78.19
2022-09,Porotos secos,True,438.76,513.53,True,2674.66,513.53,True,2674.66,74.78
2022-10,Porotos secos,True,442.35,518.41,True,2700.07,518.41,True,2700.07,76.07
2022-11,Porotos secos,True,449.29,525.08,True,2734.78,525.08,True,2734.78,75.79
2022-12,Porotos secos,True,453.86,530.69,True,2764.03,530.69,True,2764.03,76.83
2023-01,Porotos secos,True,458.48,543.57,True,2831.09,543.57,True,2831.09,85.08
2023-02,Porotos secos,True,458.67,553.06,True,2880.52,553.06,True,2880.52,94.39
2023-03,Porotos secos,True,460.78,546.95,True,2848.72,546.95,True,2848.72,86.17
2023-04,Porotos secos,True,461.32,547.63,True,2852.26,547.63,True,2852.26,86.32
2023-05,Porotos secos,True,462.24,550.3,True,2866.13,550.3,True,2866.13,88.06
2023-06,Porotos secos,True,463.97,564.38,True,2939.5,564.38,True,2939.5,100.41
2023-07,Porotos secos,True,468.84,593.28,True,3090.01,593.28,True,3090.01,124.44
2023-08,Porotos secos,True,470.53,597.68,True,3112.92,597.68,True,3112.92,127.15
2023-09,Porotos secos,True,474.91,598.65,True,3117.96,598.65,True,3117.96,123.74
2023-10,Porotos secos,True,478.62,609.23,True,3173.1,609.23,True,3173.1,130.62
2023-11,Porotos secos,True,482.63,597.56,True,3112.28,597.56,True,3112.28,114.92
2023-12,Porotos secos,True,480.57,596.91,True,3108.93,596.91,True,3108.93,116.34
2024-01,Porotos secos,True,484.78,599.96,True,3124.8,599.96,True,3124.8,115.19
2024-02,Porotos secos,True,486.61,607.06,True,3161.8,607.06,True,3161.8,120.46
2024-03,Porotos secos,True,483.86,612.82,True,3191.8,612.82,True,3191.8,128.97
2024-04,Porotos secos,True,487.38,624.39,True,3252.02,624.39,True,3252.02,137.01
2024-05,Porotos secos,True,488.19,647.01,True,3369.83,647.01,True,3369.83,158.82
2024-06,Porotos secos,True,493.88,655.31,True,3413.09,655.31,True,3413.09,161.43
2024-07,Porotos secos,True,494.59,652.3,True,3397.42,652.3,True,3397.42,157.71
2024-08,Porotos secos,True,497.19,655.86,True,3415.94,655.86,True,3415.94,158.67
2024-09,Porotos secos,True,495.69,661.52,True,3445.43,661.52,True,3445.43,165.83
2024-10,Porotos secos,True,504.96,656.88,True,3421.25,656.88,True,3421.25,151.92
2024-11,Porotos secos,True,504.51,655.44,True,3413.75,655.44,True,3413.75,150.93
2024-12,Porotos secos,True,501.74,662.25,True,3449.24,662.25,True,3449.24,160.51
2025-01,Porotos secos,True,504.0,663.51,True,3455.79,663.51,True,3455.79,159.51
2025-02,Porotos secos,True,505.25,667.72,True,3477.71,667.72,True,3477.71,162.47
2025-03,Porotos secos,True,510.5,666.53,True,3471.49,666.53,True,3471.49,156.03
2025-04,Porotos secos,True,511.02,674.6,True,3513.52,674.6,True,3513.52,163.57
2025-05,Porotos secos,True,512.54,678.17,True,3532.11,678.17,True,3532.11,165.63
2025-06,Porotos secos,True,509.63,675.91,True,3520.37,675.91,True,3520.37,166.28
2025-07,Porotos secos,True,513.48,662.91,True,3452.65,662.91,True,3452.65,149.43
2025-08,Porotos secos,True,517.61,663.34,True,3454.89,663.34,True,3454.89,145.72
2025-09,Porotos secos,True,521.91,655.11,True,3412.05,655.11,True,3412.05,133.2
2025-10,Porotos secos,True,524.37,644.95,True,3359.13,644.95,True,3359.13,120.58
2025-11,Porotos secos,True,526.13,638.18,True,3323.86,638.18,True,3323.86,112.05
2025-12,Porotos secos,True,525.53,639.29,True,3329.63,639.29,True,3329.63,113.76
2026-01,Porotos secos,True,527.52,640.01,True,3333.38,640.01,True,3333.38,112.49
2026-02,Porotos secos,True,528.69,633.32,True,3298.54,633.32,True,3298.54,104.63
2026-03,Porotos secos,True,531.59,633.25,True,3298.2,633.25,True,3298.2,101.66
2026-04,Porotos secos,True,532.31,650.02,True,3385.53,650.02,True,3385.53,117.71
2026-05,Porotos secos,True,530.02,649.06,True,3380.53,649.06,True,3380.53,119.04
2026-06,Porotos secos,True,533.93,623.95,True,3249.74,623.95,True,3249.74,90.02
2026-07,Porotos secos,True,537.24,630.91,True,3285.99,630.91,True,3285.99,93.67
2026-08,Porotos secos,True,543.76,625.66,True,3258.66,625.66,True,3258.66,81.9
2019-01,Lentejas secas,True,158.64,188.11,True,2044.65,188.11,True,2044.65,29.47
2019-02,Lentejas secas,True,158.33,188.92,True,2053.52,188.92,True,2053.52,30.59
2019-03,Lentejas secas,True,159.46,194.85,True,2117.95,194.85,True,2117.95,35.39
2019-04,Lentejas secas,True,160.1,186.22,True,2024.18,186.22,True,2024.18,26.12
2019-05,Lentejas secas,True,160.19,180.11,True,1957.7,180.11,True,1957.7,19.91
2019-06,Lentejas secas,True,160.82,187.5,True,2038.08,187.5,True,2038.08,26.69
2019-07,Lentejas secas,True,161.17,189.16,True,2056.09,189.16,True,2056.09,27.99
2019-08,Lentejas secas,True,162.07,184.08,True,2000.89,184.08,True,2000.89,22.01
2019-09,Lentejas secas,True,162.11,175.47,True,1907.31,175.47,True,1907.31,13.37
2019-10,Lentejas secas,True,163.31,180.82,True,1965.46,180.82,True,1965.46,17.51
2019-11,Lentejas secas,True,164.93,187.29,True,2035.79,187.29,True,2035.79,22.36
2019-12,Lentejas secas,True,164.44,182.82,True,1987.17,182.82,True,1987.17,18.38
2020-01,Lentejas secas,True,165.85,190.23,True,2067.71,190.23,True,2067.71,24.38
2020-02,Lentejas secas,True,167.03,187.13,True,2034.03,187.13,True,2034.03,20.1
2020-03,Lentejas secas,True,168.12,198.78,True,2160.66,198.78,True,2160.66,30.66
2020-04,Lentejas secas,True,169.4,204.1,True,2218.49,204.1,True,2218.49,34.7
2020-05,Lentejas secas,True,169.34,197.1,True,2142.38,197.1,True,2142.38,27.75
2020-06,Lentejas secas,True,169.78,211.73,True,2301.38,211.73,True,2301.38,41.94
2020-07,Lentejas secas,True,170.52,215.6,True,2343.48,215.6,True,2343.48,45.08
2020-08,Lentejas secas,True,170.84,213.31,True,2318.54,213.31,True,2318.54,42.47
2020-09,Lentejas secas,True,173.32,208.1,True,2261.96,208.1,True,2261.96,34.78
2020-10,Lentejas secas,True,174.61,213.64,True,2322.17,213.64,True,2322.17,39.03
2020-11,Lentejas secas,True,174.85,209.2,True,2273.91,209.2,True,2273.91,34.35
2020-12,Lentejas secas,True,175.26,207.02,True,2250.26,207.02,True,2250.26,31.77
2021-01,Lentejas secas,True,177.25,205.18,True,2230.26,205.18,True,2230.26,27.94
2021-02,Lentejas secas,True,176.56,202.73,True,2203.56,202.73,True,2203.56,26.16
2021-03,Lentejas secas,True,176.09,197.15,True,2142.92,197.15,True,2142.92,21.06
2021-04,Lentejas secas,True,177.32,208.45,True,2265.74,208.45,True,2265.74,31.13
2021-05,Lentejas secas,True,177.04,203.38,True,2210.66,203.38,True,2210.66,26.34
2021-06,Lentejas secas,True,177.13,195.0,True,2119.59,195.0,True,2119.59,17.87
2021-07,Lentejas secas,True,178.94,207.07,True,2250.81,207.07,True,2250.81,28.14
2021-08,Lentejas secas,True,179.78,201.83,True,2193.76,201.83,True,2193.76,22.04
2021-09,Lentejas secas,True,183.06,197.4,True,2145.61,197.4,True,2145.61,14.34
2021-10,Lentejas secas,True,184.93,200.57,True,2180.12,200.57,True,2180.12,15.64
2021-11,Lentejas secas,True,185.43,198.93,True,2162.27,198.93,True,2162.27,13.5
2021-12,Lentejas secas,True,186.78,204.08,True,2218.3,204.08,True,2218.3,17.31
2022-01,Lentejas secas,True,189.74,209.71,True,2279.49,209.71,True,2279.49,19.97
2022-02,Lentejas secas,True,192.5,210.81,True,2291.38,210.81,True,2291.38,18.3
2022-03,Lentejas secas,True,198.99,215.44,True,2341.74,215.44,True,2341.74,16.45
2022-04,Lentejas secas,True,203.42,229.63,True,2496.0,229.63,True,2496.0,26.22
2022-05,Lentejas secas,True,207.04,222.46,True,2418.07,222.46,True,2418.07,15.42
2022-06,Lentejas secas,True,209.8,225.06,True,2446.35,225.06,True,2446.35,15.26
2022-07,Lentejas secas,True,213.36,224.34,True,2438.48,224.34,True,2438.48,10.98
2022-08,Lentejas secas,True,217.43,232.42,True,2526.3,232.42,True,2526.3,14.99
2022-09,Lentejas secas,True,221.61,238.61,True,2593.55,238.61,True,2593.55,17.0
2022-10,Lentejas secas,True,223.42,243.47,True,2646.41,243.47,True,2646.41,20.05
2022-11,Lentejas secas,True,226.93,251.94,True,2738.5,251.94,True,2738.5,25.02
2022-12,Lentejas secas,True,229.24,263.18,True,2860.65,263.18,True,2860.65,33.95
2023-01,Lentejas secas,True,231.57,271.03,True,2945.97,271.03,True,2945.97,39.46
2023-02,Lentejas secas,True,231.66,273.52,True,2973.07,273.52,True,2973.07,41.86
2023-03,Lentejas secas,True,232.73,274.89,True,2987.94,274.89,True,2987.94,42.16
2023-04,Lentejas secas,True,233.0,278.65,True,3028.83,278.65,True,3028.83,45.65
2023-05,Lentejas secas,True,233.47,282.15,True,3066.81,282.15,True,3066.81,48.68
2023-06,Lentejas secas,True,234.34,283.08,True,3077.01,283.08,True,3077.01,48.74
2023-07,Lentejas secas,True,236.8,281.49,True,3059.67,281.49,True,3059.67,44.69
2023-08,Lentejas secas,True,237.66,284.01,True,3087.06,284.01,True,3087.06,46.35
2023-09,Lentejas secas,True,239.87,279.56,True,3038.73,279.56,True,3038.73,39.7
2023-10,Lentejas secas,True,241.74,290.55,True,3158.17,290.55,True,3158.17,48.81
2023-11,Lentejas secas,True,243.77,286.03,True,3109.03,286.03,True,3109.03,42.26
2023-12,Lentejas secas,True,242.73,284.28,True,3090.0,284.28,True,3090.0,41.55
2024-01,Lentejas secas,True,244.85,284.93,True,3097.11,284.93,True,3097.11,40.09
2024-02,Lentejas secas,True,245.77,289.69,True,3148.79,289.69,True,3148.79,43.91
2024-03,Lentejas secas,True,244.39,300.21,True,3263.21,300.21,True,3263.21,55.83
2024-04,Lentejas secas,True,246.16,307.95,True,3347.33,307.95,True,3347.33,61.79
2024-05,Lentejas secas,True,246.57,320.18,True,3480.2,320.18,True,3480.2,73.61
2024-06,Lentejas secas,True,249.45,329.76,True,3584.3,329.76,True,3584.3,80.31
2024-07,Lentejas secas,True,249.81,335.79,True,3649.93,335.79,True,3649.93,85.99
2024-08,Lentejas secas,True,251.12,339.31,True,3688.14,339.31,True,3688.14,88.19
2024-09,Lentejas secas,True,250.36,345.15,True,3751.64,345.15,True,3751.64,94.79
2024-10,Lentejas secas,True,255.04,337.55,True,3669.07,337.55,True,3669.07,82.51
2024-11,Lentejas secas,True,254.82,336.8,True,3660.82,336.8,True,3660.82,81.98
2024-12,Lentejas secas,True,253.42,337.59,True,3669.43,337.59,True,3669.43,84.17
2025-01,Lentejas secas,True,254.56,339.88,True,3694.32,339.88,True,3694.32,85.32
2025-02,Lentejas secas,True,255.19,341.23,True,3709.07,341.23,True,3709.07,86.05
2025-03,Lentejas secas,True,257.84,336.92,True,3662.21,336.92,True,3662.21,79.08
2025-04,Lentejas secas,True,258.11,339.17,True,3686.62,339.17,True,3686.62,81.06
2025-05,Lentejas secas,True,258.87,341.93,True,3716.64,341.93,True,3716.64,83.06
2025-06,Lentejas secas,True,257.4,342.04,True,3717.8,342.04,True,3717.8,84.63
2025-07,Lentejas secas,True,259.35,335.48,True,3646.5,335.48,True,3646.5,76.13
2025-08,Lentejas secas,True,261.43,338.4,True,3678.25,338.4,True,3678.25,76.96
2025-09,Lentejas secas,True,263.61,332.09,True,3609.65,332.09,True,3609.65,68.48
2025-10,Lentejas secas,True,264.85,323.3,True,3514.12,323.3,True,3514.12,58.45
2025-11,Lentejas secas,True,265.73,327.63,True,3561.14,327.63,True,3561.14,61.89
2025-12,Lentejas secas,True,265.43,326.76,True,3551.75,326.76,True,3551.75,61.33
2026-01,Lentejas secas,True,266.44,334.5,True,3635.87,334.5,True,3635.87,68.06
2026-02,Lentejas secas,True,267.03,333.41,True,3623.97,333.41,True,3623.97,66.38
2026-03,Lentejas secas,True,268.49,324.77,True,3530.05,324.77,True,3530.05,56.27
2026-04,Lentejas secas,True,268.86,318.31,True,3459.86,318.31,True,3459.86,49.45
2026-05,Lentejas secas,True,267.7,316.58,True,3441.14,316.58,True,3441.14,48.88
2026-06,Lentejas secas,True,269.67,310.07,True,3370.31,310.07,True,3370.31,40.39
2026-07,Lentejas secas,True,271.35,312.18,True,3393.24,312.18,True,3393.24,40.83
2026-08,Lentejas secas,True,274.64,317.85,True,3454.91,317.85,True,3454.91,43.21
2019-01,Choclos congelados,False,123.57,123.57,False,,123.69,False,,0.0
2019-02,Choclos congelados,False,123.32,123.32,False,,123.57,False,,0.0
2019-03,Choclos congelados,False,124.2,124.2,False,,123.32,False,,0.0
2019-04,Choclos congelados,False,124.7,124.7,False,,124.2,False,,0.0
2019-05,Choclos congelados,False,124.77,124.77,False,,124.7,False,,0.0
2019-06,Choclos congelados,False,125.26,125.26,False,,124.77,False,,0.0
2019-07,Choclos congelados,False,125.53,125.53,False,,125.26,False,,0.0
2019-08,Choclos congelados,False,126.23,126.23,False,,125.53,False,,0.0
2019-09,Choclos congelados,False,126.26,126.26,False,,126.23,False,,0.0
2019-10,Choclos congelados,False,127.2,127.2,False,,126.26,False,,0.0
2019-11,Choclos congelados,False,128.47,128.47,False,,127.2,False,,0.0
2019-12,Choclos congelados,False,128.08,128.08,False,,128.47,False,,0.0
2020-01,Choclos congelados,False,129.18,129.18,False,,128.08,False,,0.0
2020-02,Choclos congelados,False,130.1,130.1,False,,129.18,False,,0.0
2020-03,Choclos congelados,False,130.95,130.95,False,,130.1,False,,0.0
2020-04,Choclos congelados,False,131.94,131.94,False,,130.95,False,,0.0
2020-05,Choclos congelados,False,131.9,131.9,False,,131.94,False,,0.0
2020-06,Choclos congelados,False,132.24,132.24,False,,131.9,False,,0.0
2020-07,Choclos congelados,False,132.82,132.82,False,,132.24,False,,0.0
2020-08,Choclos congelados,False,133.07,133.07,False,,132.82,False,,0.0
2020-09,Choclos congelados,False,135.0,135.0,False,,133.07,False,,0.0
2020-10,Choclos congelados,False,136.0,136.0,False,,135.0,False,,0.0
2020-11,Choclos congelados,False,136.19,136.19,False,,136.0,False,,0.0
2020-12,Choclos congelados,False,136.51,136.51,False,,136.19,False,,0.0
2021-01,Choclos congelados,False,138.06,138.06,False,,136.51,False,,0.0
2021-02,Choclos congelados,False,137.52,137.52,False,,138.06,False,,0.0
2021-03,Choclos congelados,False,137.15,137.15,False,,137.52,False,,0.0
2021-04,Choclos congelados,False,138.11,138.11,False,,137.15,False,,0.0
2021-05,Choclos congelados,False,137.89,137.89,False,,138.11,False,,0.0
2021-06,Choclos congelados,False,137.97,137.97,False,,137.89,False,,0.0
2021-07,Choclos congelados,False,139.37,139.37,False,,137.97,False,,0.0
2021-08,Choclos congelados,False,140.03,140.03,False,,139.37,False,,0.0
2021-09,Choclos congelados,False,142.59,142.59,False,,140.03,False,,0.0
2021-10,Choclos congelados,False,144.04,144.04,False,,142.59,False,,0.0
2021-11,Choclos congelados,False,144.43,144.43,False,,144.04,False,,0.0
2021-12,Choclos congelados,False,145.48,145.48,False,,144.43,False,,0.0
2022-01,Choclos congelados,False,147.79,147.79,False,,145.48,False,,0.0
2022-02,Choclos congelados,False,149.94,149.94,False,,147.79,False,,0.0
2022-03,Choclos congelados,False,154.99,154.99,False,,149.94,False,,0.0
2022-04,Choclos congelados,False,158.44,158.44,False,,154.99,False,,0.0
2022-05,Choclos congelados,False,161.27,161.27,False,,158.44,False,,0.0
2022-06,Choclos congelados,False,163.41,163.41,False,,161.27,False,,0.0
2022-07,Choclos congelados,False,166.19,166.19,False,,163.41,False,,0.0
2022-08,Choclos congelados,False,169.35,169.35,False,,166.19,False,,0.0
2022-09,Choclos congelados,False,172.61,172.61,False,,169.35,False,,0.0
2022-10,Choclos congelados,False,174.02,174.02,False,,172.61,False,,0.0
2022-11,Choclos congelados,False,176.75,176.75,False,,174.02,False,,0.0
2022-12,Choclos congelados,False,178.55,178.55,False,,176.75,False,,0.0
2023-01,Choclos congelados,False,180.37,180.37,False,,178.55,False,,0.0
2023-02,Choclos congelados,False,180.44,180.44,False,,180.37,False,,0.0
2023-03,Choclos congelados,False,181.27,181.27,False,,180.44,False,,0.0
2023-04,Choclos congelados,False,181.48,181.48,False,,181.27,False,,0.0
2023-05,Choclos congelados,False,181.85,181.85,False,,181.48,False,,0.0
2023-06,Choclos congelados,False,182.53,182.53,False,,181.85,False,,0.0
2023-07,Choclos congelados,False,184.44,184.44,False,,182.53,False,,0.0
2023-08,Choclos congelados,False,185.11,185.11,False,,184.44,False,,0.0
2023-09,Choclos congelados,False,186.83,186.83,False,,185.11,False,,0.0
2023-10,Choclos congelados,False,188.29,188.29,False,,186.83,False,,0.0
2023-11,Choclos congelados,False,189.87,189.87,False,,188.29,False,,0.0
2023-12,Choclos congelados,False,189.06,189.06,False,,189.87,False,,0.0
2024-01,Choclos congelados,False,190.71,190.71,False,,189.06,False,,0.0
2024-02,Choclos congelados,False,191.43,191.43,False,,190.71,False,,0.0
2024-03,Choclos congelados,False,190.35,190.35,False,,191.43,False,,0.0
2024-04,Choclos congelados,False,191.73,191.73,False,,190.35,False,,0.0
2024-05,Choclos congelados,False,192.05,192.05,False,,191.73,False,,0.0
2024-06,Choclos congelados,False,194.29,194.29,False,,192.05,False,,0.0
2024-07,Choclos congelados,False,194.57,194.57,False,,194.29,False,,0.0
2024-08,Choclos congelados,False,195.6,195.6,False,,194.57,False,,0.0
2024-09,Choclos congelados,False,195.0,195.0,False,,195.6,False,,0.0
2024-10,Choclos congelados,False,198.65,198.65,False,,195.0,False,,0.0
2024-11,Choclos congelados,False,198.48,198.48,False,,198.65,False,,0.0
2024-12,Choclos congelados,False,197.39,197.39,False,,198.48,False,,0.0
2025-01,Choclos congelados,False,198.28,198.28,False,,197.39,False,,0.0
2025-02,Choclos congelados,False,198.76,198.76,False,,198.28,False,,0.0
2025-03,Choclos congelados,False,200.83,200.83,False,,198.76,False,,0.0
2025-04,Choclos congelados,False,201.04,201.04,False,,200.83,False,,0.0
2025-05,Choclos congelados,False,201.63,201.63,False,,201.04,False,,0.0
2025-06,Choclos congelados,False,200.49,200.49,False,,201.63,False,,0.0
2025-07,Choclos congelados,False,202.0,202.0,False,,200.49,False,,0.0
2025-08,Choclos congelados,False,203.63,203.63,False,,202.0,False,,0.0
2025-09,Choclos congelados,False,205.32,205.32,False,,203.63,False,,0.0
2025-10,Choclos congelados,False,206.29,206.29,False,,205.32,False,,0.0
2025-11,Choclos congelados,False,206.98,206.98,False,,206.29,False,,0.0
2025-12,Choclos congelados,False,206.75,206.75,False,,206.98,False,,0.0
2026-01,Choclos congelados,False,207.53,207.53,False,,206.75,False,,0.0
2026-02,Choclos congelados,False,207.99,207.99,False,,207.53,False,,0.0
2026-03,Choclos congelados,False,209.13,209.13,False,,207.99,False,,0.0
2026-04,Choclos congelados,False,209.41,209.41,False,,209.13,False,,0.0
2026-05,Choclos congelados,False,208.51,208.51,False,,209.41,False,,0.0
2026-06,Choclos congelados,False,210.05,210.05,False,,208.51,False,,0.0
2026-07,Choclos congelados,False,211.35,211.35,False,,210.05,False,,0.0
2026-08,Choclos congelados,False,213.91,213.91,False,,211.35,False,,0.0
2019-01,Snacks y chips de papas fritas envasadas,False,178.57,178.57,False,,178.76,False,,0.0
2019-02,Snacks y chips de papas fritas envasadas,False,178.22,178.22,False,,178.57,False,,0.0
2019-03,Snacks y chips de papas fritas envasadas,False,179.5,179.5,False,,178.22,False,,0.0
2019-04,Snacks y chips de papas fritas envasadas,False,180.21,180.21,False,,179.5,False,,0.0
2019-05,Snacks y chips de papas fritas envasadas,False,180.32,180.32,False,,180.21,False,,0.0
2019-06,Snacks y chips de papas fritas envasadas,False,181.02,181.02,False,,180.32,False,,0.0
2019-07,Snacks y chips de papas fritas envasadas,False,181.41,181.41,False,,181.02,False,,0.0
2019-08,Snacks y chips de papas fritas envasadas,False,182.43,182.43,False,,181.41,False,,0.0
2019-09,Snacks y chips de papas fritas envasadas,False,182.47,182.47,False,,182.43,False,,0.0
2019-10,Snacks y chips de papas fritas envasadas,False,183.83,183.83,False,,182.47,False,,0.0
2019-11,Snacks y chips de papas fritas envasadas,False,185.66,185.66,False,,183.83,False,,0.0
2019-12,Snacks y chips de papas fritas envasadas,False,185.1,185.1,False,,185.66,False,,0.0
2020-01,Snacks y chips de papas fritas envasadas,False,186.69,186.69,False,,185.1,False,,0.0
2020-02,Snacks y chips de papas fritas envasadas,False,188.01,188.01,False,,186.69,False,,0.0
2020-03,Snacks y chips de papas fritas envasadas,False,189.24,189.24,False,,188.01,False,,0.0
2020-04,Snacks y chips de papas fritas envasadas,False,190.68,190.68,False,,189.24,False,,0.0
2020-05,Snacks y chips de papas fritas envasadas,False,190.62,190.62,False,,190.68,False,,0.0
2020-06,Snacks y chips de papas fritas envasadas,False,191.11,191.11,False,,190.62,False,,0.0
2020-07,Snacks y chips de papas fritas envasadas,False,191.95,191.95,False,,191.11,False,,0.0
2020-08,Snacks y chips de papas fritas envasadas,False,192.3,192.3,False,,191.95,False,,0.0
2020-09,Snacks y chips de papas fritas envasadas,False,195.1,195.1,False,,192.3,False,,0.0
2020-10,Snacks y chips de papas fritas envasadas,False,196.54,196.54,False,,195.1,False,,0.0
2020-11,Snacks y chips de papas fritas envasadas,False,196.81,196.81,False,,196.54,False,,0.0
2020-12,Snacks y chips de papas fritas envasadas,False,197.27,197.27,False,,196.81,False,,0.0
2021-01,Snacks y chips de papas fritas envasadas,False,199.51,199.51,False,,197.27,False,,0.0
2021-02,Snacks y chips de papas fritas envasadas,False,198.75,198.75,False,,199.51,False,,0.0
2021-03,Snacks y chips de papas fritas envasadas,False,198.21,198.21,False,,198.75,False,,0.0
2021-04,Snacks y chips de papas fritas envasadas,False,199.59,199.59,False,,198.21,False,,0.0
2021-05,Snacks y chips de papas fritas envasadas,False,199.28,199.28,False,,199.59,False,,0.0
2021-06,Snacks y chips de papas fritas envasadas,False,199.38,199.38,False,,199.28,False,,0.0
2021-07,Snacks y chips de papas fritas envasadas,False,201.42,201.42,False,,199.38,False,,0.0
2021-08,Snacks y chips de papas fritas envasadas,False,202.37,202.37,False,,201.42,False,,0.0
2021-09,Snacks y chips de papas fritas envasadas,False,206.06,206.06,False,,202.37,False,,0.0
2021-10,Snacks y chips de papas fritas envasadas,False,208.16,208.16,False,,206.06,False,,0.0
2021-11,Snacks y chips de papas fritas envasadas,False,208.72,208.72,False,,208.16,False,,0.0
2021-12,Snacks y chips de papas fritas envasadas,False,210.24,210.24,False,,208.72,False,,0.0
2022-01,Snacks y chips de papas fritas envasadas,False,213.58,213.58,False,,210.24,False,,0.0
2022-02,Snacks y chips de papas fritas envasadas,False,216.69,216.69,False,,213.58,False,,0.0
2022-03,Snacks y chips de papas fritas envasadas,False,223.99,223.99,False,,216.69,False,,0.0
2022-04,Snacks y chips de papas fritas envasadas,False,228.97,228.97,False,,223.99,False,,0.0
2022-05,Snacks y chips de papas fritas envasadas,False,233.05,233.05,False,,228.97,False,,0.0
2022-06,Snacks y chips de papas fritas envasadas,False,236.16,236.16,False,,233.05,False,,0.0
2022-07,Snacks y chips de papas fritas envasadas,False,240.17,240.17,False,,236.16,False,,0.0
2022-08,Snacks y chips de papas fritas envasadas,False,244.74,244.74,False,,240.17,False,,0.0
2022-09,Snacks y chips de papas fritas envasadas,False,249.45,249.45,False,,244.74,False,,0.0
2022-10,Snacks y chips de papas fritas envasadas,False,251.49,251.49,False,,249.45,False,,0.0
2022-11,Snacks y chips de papas fritas envasadas,False,255.43,255.43,False,,251.49,False,,0.0
2022-12,Snacks y chips de papas fritas envasadas,False,258.03,258.03,False,,255.43,False,,0.0
2023-01,Snacks y chips de papas fritas envasadas,False,260.66,260.66,False,,258.03,False,,0.0
2023-02,Snacks y chips de papas fritas envasadas,False,260.77,260.77,False,,260.66,False,,0.0
2023-03,Snacks y chips de papas fritas envasadas,False,261.97,261.97,False,,260.77,False,,0.0
2023-04,Snacks y chips de papas fritas envasadas,False,262.27,262.27,False,,261.97,False,,0.0
2023-05,Snacks y chips de papas fritas envasadas,False,262.8,262.8,False,,262.27,False,,0.0
2023-06,Snacks y chips de papas fritas envasadas,False,263.78,263.78,False,,262.8,False,,0.0
2023-07,Snacks y chips de papas fritas envasadas,False,266.55,266.55,False,,263.78,False,,0.0
2023-08,Snacks y chips de papas fritas envasadas,False,267.51,267.51,False,,266.55,False,,0.0
2023-09,Snacks y chips de papas fritas envasadas,False,270.0,270.0,False,,267.51,False,,0.0
2023-10,Snacks y chips de papas fritas envasadas,False,272.11,272.11,False,,270.0,False,,0.0
2023-11,Snacks y chips de papas fritas envasadas,False,274.39,274.39,False,,272.11,False,,0.0
2023-12,Snacks y chips de papas fritas envasadas,False,273.22,273.22,False,,274.39,False,,0.0
2024-01,Snacks y chips de papas fritas envasadas,False,275.61,275.61,False,,273.22,False,,0.0
2024-02,Snacks y chips de papas fritas envasadas,False,276.65,276.65,False,,275.61,False,,0.0
2024-03,Snacks y chips de papas fritas envasadas,False,275.09,275.09,False,,276.65,False,,0.0
2024-04,Snacks y chips de papas fritas envasadas,False,277.09,277.09,False,,275.09,False,,0.0
2024-05,Snacks y chips de papas fritas envasadas,False,277.55,277.55,False,,277.09,False,,0.0
2024-06,Snacks y chips de papas fritas envasadas,False,280.78,280.78,False,,277.55,False,,0.0
2024-07,Snacks y chips de papas fritas envasadas,False,281.19,281.19,False,,280.78,False,,0.0
2024-08,Snacks y chips de papas fritas envasadas,False,282.67,282.67,False,,281.19,False,,0.0
2024-09,Snacks y chips de papas fritas envasadas,False,281.81,281.81,False,,282.67,False,,0.0
2024-10,Snacks y chips de papas fritas envasadas,False,287.08,287.08,False,,281.81,False,,0.0
2024-11,Snacks y chips de papas fritas envasadas,False,286.83,286.83,False,,287.08,False,,0.0
2024-12,Snacks y chips de papas fritas envasadas,False,285.25,285.25,False,,286.83,False,,0.0
2025-01,Snacks y chips de papas fritas envasadas,False,286.54,286.54,False,,285.25,False,,0.0
2025-02,Snacks y chips de papas fritas envasadas,False,287.25,287.25,False,,286.54,False,,0.0
2025-03,Snacks y chips de papas fritas envasadas,False,290.23,290.23,False,,287.25,False,,0.0
2025-04,Snacks y chips de papas fritas envasadas,False,290.53,290.53,False,,290.23,False,,0.0
2025-05,Snacks y chips de papas fritas envasadas,False,291.39,291.39,False,,290.53,False,,0.0
2025-06,Snacks y chips de papas fritas envasadas,False,289.74,289.74,False,,291.39,False,,0.0
2025-07,Snacks y chips de papas fritas envasadas,False,291.93,291.93,False,,289.74,False,,0.0
2025-08,Snacks y chips de papas fritas envasadas,False,294.28,294.28,False,,291.93,False,,0.0
2025-09,Snacks y chips de papas fritas envasadas,False,296.72,296.72,False,,294.28,False,,0.0
2025-10,Snacks y chips de papas fritas envasadas,False,298.12,298.12,False,,296.72,False,,0.0
2025-11,Snacks y chips de papas fritas envasadas,False,299.12,299.12,False,,298.12,False,,0.0
2025-12,Snacks y chips de papas fritas envasadas,False,298.78,298.78,False,,299.12,False,,0.0
2026-01,Snacks y chips de papas fritas envasadas,False,299.91,299.91,False,,298.78,False,,0.0
2026-02,Snacks y chips de papas fritas envasadas,False,300.58,300.58,False,,299.91,False,,0.0
2026-03,Snacks y chips de papas fritas envasadas,False,302.22,302.22,False,,300.58,False,,0.0
2026-04,Snacks y chips de papas fritas envasadas,False,302.64,302.64,False,,302.22,False,,0.0
2026-05,Snacks y chips de papas fritas envasadas,False,301.33,301.33,False,,302.64,False,,0.0
2026-06,Snacks y chips de papas fritas envasadas,False,303.55,303.55,False,,301.33,False,,0.0
2026-07,Snacks y chips de papas fritas envasadas,False,305.43,305.43,False,,303.55,False,,0.0
2026-08,Snacks y chips de papas fritas envasadas,False,309.14,309.14,False,,305.43,False,,0.0
2019-01,Verduras encurtidas,False,172.99,172.99,False,,173.17,False,,0.0
2019-02,Verduras encurtidas,False,172.65,172.65,False,,172.99,False,,0.0
2019-03,Verduras encurtidas,False,173.89,173.89,False,,172.65,False,,0.0
2019-04,Verduras encurtidas,False,174.58,174.58,False,,173.89,False,,0.0
2019-05,Verduras encurtidas,False,174.68,174.68,False,,174.58,False,,0.0
2019-06,Verduras encurtidas,False,175.36,175.36,False,,174.68,False,,0.0
2019-07,Verduras encurtidas,False,175.75,175.75,False,,175.36,False,,0.0
2019-08,Verduras encurtidas,False,176.73,176.73,False,,175.75,False,,0.0
2019-09,Verduras encurtidas,False,176.77,176.77,False,,176.73,False,,0.0
2019-10,Verduras encurtidas,False,178.08,178.08,False,,176.77,False,,0.0
2019-11,Verduras encurtidas,False,179.85,179.85,False,,178.08,False,,0.0
2019-12,Verduras encurtidas,False,179.31,179.31,False,,179.85,False,,0.0
2020-01,Verduras encurtidas,False,180.86,180.86,False,,179.31,False,,0.0
2020-02,Verduras encurtidas,False,182.14,182.14,False,,180.86,False,,0.0
2020-03,Verduras encurtidas,False,183.33,183.33,False,,182.14,False,,0.0
2020-04,Verduras encurtidas,False,184.72,184.72,False,,183.33,False,,0.0
2020-05,Verduras encurtidas,False,184.66,184.66,False,,184.72,False,,0.0
2020-06,Verduras encurtidas,False,185.14,185.14,False,,184.66,False,,0.0
2020-07,Verduras encurtidas,False,185.95,185.95,False,,185.14,False,,0.0
2020-08,Verduras encurtidas,False,186.29,186.29,False,,185.95,False,,0.0
2020-09,Verduras encurtidas,False,189.0,189.0,False,,186.29,False,,0.0
2020-10,Verduras encurtidas,False,190.4,190.4,False,,189.0,False,,0.0
2020-11,Verduras encurtidas,False,190.66,190.66,False,,190.4,False,,0.0
2020-12,Verduras encurtidas,False,191.11,191.11,False,,190.66,False,,0.0
2021-01,Verduras encurtidas,False,193.28,193.28,False,,191.11,False,,0.0
2021-02,Verduras encurtidas,False,192.53,192.53,False,,193.28,False,,0.0
2021-03,Verduras encurtidas,False,192.01,192.01,False,,192.53,False,,0.0
2021-04,Verduras encurtidas,False,193.36,193.36,False,,192.01,False,,0.0
2021-05,Verduras encurtidas,False,193.05,193.05,False,,193.36,False,,0.0
2021-06,Verduras encurtidas,False,193.15,193.15,False,,193.05,False,,0.0
2021-07,Verduras encurtidas,False,195.12,195.12,False,,193.15,False,,0.0
2021-08,Verduras encurtidas,False,196.05,196.05,False,,195.12,False,,0.0
2021-09,Verduras encurtidas,False,199.62,199.62,False,,196.05,False,,0.0
2021-10,Verduras encurtidas,False,201.66,201.66,False,,199.62,False,,0.0
2021-11,Verduras encurtidas,False,202.2,202.2,False,,201.66,False,,0.0
2021-12,Verduras encurtidas,False,203.67,203.67,False,,202.2,False,,0.0
2022-01,Verduras encurtidas,False,206.9,206.9,False,,203.67,False,,0.0
2022-02,Verduras encurtidas,False,209.92,209.92,False,,206.9,False,,0.0
2022-03,Verduras encurtidas,False,216.99,216.99,False,,209.92,False,,0.0
2022-04,Verduras encurtidas,False,221.82,221.82,False,,216.99,False,,0.0
2022-05,Verduras encurtidas,False,225.77,225.77,False,,221.82,False,,0.0
2022-06,Verduras encurtidas,False,228.78,228.78,False,,225.77,False,,0.0
2022-07,Verduras encurtidas,False,232.66,232.66,False,,228.78,False,,0.0
2022-08,Verduras encurtidas,False,237.1,237.1,False,,232.66,False,,0.0
2022-09,Verduras encurtidas,False,241.65,241.65,False,,237.1,False,,0.0
2022-10,Verduras encurtidas,False,243.63,243.63,False,,241.65,False,,0.0
2022-11,Verduras encurtidas,False,247.45,247.45,False,,243.63,False,,0.0
2022-12,Verduras encurtidas,False,249.97,249.97,False,,247.45,False,,0.0
2023-01,Verduras encurtidas,False,252.52,252.52,False,,249.97,False,,0.0
2023-02,Verduras encurtidas,False,252.62,252.62,False,,252.52,False,,0.0
2023-03,Verduras encurtidas,False,253.78,253.78,False,,252.62,False,,0.0
2023-04,Verduras encurtidas,False,254.08,254.08,False,,253.78,False,,0.0
2023-05,Verduras encurtidas,False,254.58,254.58,False,,254.08,False,,0.0
2023-06,Verduras encurtidas,False,255.54,255.54,False,,254.58,False,,0.0
2023-07,Verduras encurtidas,False,258.22,258.22,False,,255.54,False,,0.0
2023-08,Verduras encurtidas,False,259.15,259.15,False,,258.22,False,,0.0
2023-09,Verduras encurtidas,False,261.56,261.56,False,,259.15,False,,0.0
2023-10,Verduras encurtidas,False,263.6,263.6,False,,261.56,False,,0.0
2023-11,Verduras encurtidas,False,265.82,265.82,False,,263.6,False,,0.0
2023-12,Verduras encurtidas,False,264.68,264.68,False,,265.82,False,,0.0
2024-01,Verduras encurtidas,False,267.0,267.0,False,,264.68,False,,0.0
2024-02,Verduras encurtidas,False,268.01,268.01,False,,267.0,False,,0.0
2024-03,Verduras encurtidas,False,266.49,266.49,False,,268.01,False,,0.0
2024-04,Verduras encurtidas,False,268.43,268.43,False,,266.49,False,,0.0
2024-05,Verduras encurtidas,False,268.87,268.87,False,,268.43,False,,0.0
2024-06,Verduras encurtidas,False,272.01,272.01,False,,268.87,False,,0.0
2024-07,Verduras encurtidas,False,272.4,272.4,False,,272.01,False,,0.0
2024-08,Verduras encurtidas,False,273.83,273.83,False,,272.4,False,,0.0
2024-09,Verduras encurtidas,False,273.01,273.01,False,,273.83,False,,0.0
2024-10,Verduras encurtidas,False,278.11,278.11,False,,273.01,False,,0.0
2024-11,Verduras encurtidas,False,277.87,277.87,False,,278.11,False,,0.0
2024-12,Verduras encurtidas,False,276.34,276.34,False,,277.87,False,,0.0
2025-01,Verduras encurtidas,False,277.59,277.59,False,,276.34,False,,0.0
2025-02,Verduras encurtidas,False,278.27,278.27,False,,277.59,False,,0.0
2025-03,Verduras encurtidas,False,281.16,281.16,False,,278.27,False,,0.0
2025-04,Verduras encurtidas,False,281.45,281.45,False,,281.16,False,,0.0
2025-05,Verduras encurtidas,False,282.28,282.28,False,,281.45,False,,0.0
2025-06,Verduras encurtidas,False,280.69,280.69,False,,282.28,False,,0.0
2025-07,Verduras encurtidas,False,282.8,282.8,False,,280.69,False,,0.0
2025-08,Verduras encurtidas,False,285.08,285.08,False,,282.8,False,,0.0
2025-09,Verduras encurtidas,False,287.45,287.45,False,,285.08,False,,0.0
2025-10,Verduras encurtidas,False,288.8,288.8,False,,287.45,False,,0.0
2025-11,Verduras encurtidas,False,289.77,289.77,False,,288.8,False,,0.0
2025-12,Verduras encurtidas,False,289.44,289.44,False,,289.77,False,,0.0
2026-01,Verduras encurtidas,False,290.54,290.54,False,,289.44,False,,0.0
2026-02,Verduras encurtidas,False,291.18,291.18,False,,290.54,False,,0.0
2026-03,Verduras encurtidas,False,292.78,292.78,False,,291.18,False,,0.0
2026-04,Verduras encurtidas,False,293.18,293.18,False,,292.78,False,,0.0
2026-05,Verduras encurtidas,False,291.92,291.92,False,,293.18,False,,0.0
2026-06,Verduras encurtidas,False,294.07,294.07,False,,291.92,False,,0.0
2026-07,Verduras encurtidas,False,295.89,295.89,False,,294.07,False,,0.0
2026-08,Verduras encurtidas,False,299.48,299.48,False,,295.89,False,,0.0
2019-01,Azúcar de caña y remolacha,True,542.09,476.68,True,701.0,476.68,True,701.0,-65.41
2019-02,Azúcar de caña y remolacha,True,541.02,473.47,True,696.28,473.47,True,696.28,-67.56
2019-03,Azúcar de caña y remolacha,True,544.9,475.38,True,699.08,475.38,True,699.08,-69.52
2019-04,Azúcar de caña y remolacha,True,547.07,463.23,True,681.22,463.23,True,681.22,-83.85
2019-05,Azúcar de caña y remolacha,True,547.4,472.76,True,695.23,472.76,True,695.23,-74.64
2019-06,Azúcar de caña y remolacha,True,549.52,474.75,True,698.16,474.75,True,698.16,-74.78
2019-07,Azúcar de caña y remolacha,True,550.72,475.22,True,698.86,475.22,True,698.86,-75.5
2019-08,Azúcar de caña y remolacha,True,553.8,474.76,True,698.18,474.76,True,698.18,-79.05
2019-09,Azúcar de caña y remolacha,True,553.93,468.81,True,689.42,468.81,True,689.42,-85.13
2019-10,Azúcar de caña y remolacha,True,558.05,475.9,True,699.85,475.9,True,699.85,-82.15
2019-11,Azúcar de caña y remolacha,True,563.6,478.62,True,703.85,478.62,True,703.85,-84.98
2019-12,Azúcar de caña y remolacha,True,561.9,475.44,True,699.18,475.44,True,699.18,-86.46
2020-01,Azúcar de caña y remolacha,True,566.74,483.25,True,710.66,483.25,True,710.66,-83.49
2020-02,Azúcar de caña y remolacha,True,570.75,487.65,True,717.13,487.65,True,717.13,-83.1
2020-03,Azúcar de caña y remolacha,True,574.49,502.95,True,739.63,502.95,True,739.63,-71.54
2020-04,Azúcar de caña y remolacha,True,578.85,515.53,True,758.14,515.53,True,758.14,-63.32
2020-05,Azúcar de caña y remolacha,True,578.66,514.63,True,756.8,514.63,True,756.8,-64.04
2020-06,Azúcar de caña y remolacha,True,580.16,510.09,True,750.14,510.09,True,750.14,-70.07
2020-07,Azúcar de caña y remolacha,True,582.69,511.81,True,752.66,511.81,True,752.66,-70.88
2020-08,Azúcar de caña y remolacha,True,583.77,505.73,True,743.73,505.73,True,743.73,-78.04
2020-09,Azúcar de caña y remolacha,True,592.26,506.11,True,744.28,506.11,True,744.28,-86.15
2020-10,Azúcar de caña y remolacha,True,596.65,508.28,True,747.48,508.28,True,747.48,-88.36
2020-11,Azúcar de caña y remolacha,True,597.47,508.7,True,748.09,508.7,True,748.09,-88.77
2020-12,Azúcar de caña y remolacha,True,598.87,508.27,True,747.46,508.27,True,747.46,-90.59
2021-01,Azúcar de caña y remolacha,True,605.66,504.71,True,742.22,504.71,True,742.22,-100.95
2021-02,Azúcar de caña y remolacha,True,603.33,506.39,True,744.7,506.39,True,744.7,-96.94
2021-03,Azúcar de caña y remolacha,True,601.71,503.33,True,740.19,503.33,True,740.19,-98.38
2021-04,Azúcar de caña y remolacha,True,605.91,506.73,True,745.19,506.73,True,745.19,-99.18
2021-05,Azúcar de caña y remolacha,True,604.95,504.22,True,741.5,504.22,True,741.5,-100.73
2021-06,Azúcar de caña y remolacha,True,605.27,505.69,True,743.66,505.69,True,743.66,-99.58
2021-07,Azúcar de caña y remolacha,True,611.45,505.28,True,743.06,505.28,True,743.06,-106.17
2021-08,Azúcar de caña y remolacha,True,614.34,504.11,True,741.34,504.11,True,741.34,-110.23
2021-09,Azúcar de caña y remolacha,True,625.54,517.3,True,760.73,517.3,True,760.73,-108.24
2021-10,Azúcar de caña y remolacha,True,631.93,522.95,True,769.04,522.95,True,769.04,-108.98
2021-11,Azúcar de caña y remolacha,True,633.62,538.97,True,792.6,538.97,True,792.6,-94.65
2021-12,Azúcar de caña y remolacha,True,638.24,556.47,True,818.34,556.47,True,818.34,-81.76
2022-01,Azúcar de caña y remolacha,True,648.36,581.11,True,854.58,581.11,True,854.58,-67.24
2022-02,Azúcar de caña y remolacha,True,657.8,613.12,True,901.65,613.12,True,901.65,-44.68
2022-03,Azúcar de caña y remolacha,True,679.97,625.46,True,919.8,625.46,True,919.8,-54.51
2022-04,Azúcar de caña y remolacha,True,695.09,652.53,True,959.6,652.53,True,959.6,-42.56
2022-05,Azúcar de caña y remolacha,True,707.49,696.6,True,1024.41,696.6,True,1024.41,-10.89
2022-06,Azúcar de caña y remolacha,True,716.91,711.16,True,1045.83,711.16,True,1045.83,-5.75
2022-07,Azúcar de caña y remolacha,True,729.08,721.26,True,1060.68,721.26,True,1060.68,-7.82
2022-08,Azúcar de caña y remolacha,True,742.97,749.75,True,1102.58,749.75,True,1102.58,6.78
2022-09,Azúcar de caña y remolacha,True,757.24,811.14,True,1192.85,811.14,True,1192.85,53.9
2022-10,Azúcar de caña y remolacha,True,763.44,831.33,True,1222.55,831.33,True,1222.55,67.89
2022-11,Azúcar de caña y remolacha,True,775.43,840.18,True,1235.56,840.18,True,1235.56,64.75
2022-12,Azúcar de caña y remolacha,True,783.32,834.36,True,1226.99,834.36,True,1226.99,51.04
2023-01,Azúcar de caña y remolacha,True,791.29,847.82,True,1246.79,847.82,True,1246.79,56.53
2023-02,Azúcar de caña y remolacha,True,791.61,873.09,True,1283.95,873.09,True,1283.95,81.47
2023-03,Azúcar de caña y remolacha,True,795.26,879.96,True,1294.06,879.96,True,1294.06,84.7
2023-04,Azúcar de caña y remolacha,True,796.18,885.84,True,1302.71,885.84,True,1302.71,89.66
2023-05,Azúcar de caña y remolacha,True,797.77,883.34,True,1299.04,883.34,True,1299.04,85.57
2023-06,Azúcar de caña y remolacha,True,800.76,882.08,True,1297.18,882.08,True,1297.18,81.32
2023-07,Azúcar de caña y remolacha,True,809.17,885.24,True,1301.83,885.24,True,1301.83,76.07
2023-08,Azúcar de caña y remolacha,True,812.09,886.5,True,1303.68,886.5,True,1303.68,74.41
2023-09,Azúcar de caña y remolacha,True,819.64,886.86,True,1304.21,886.86,True,1304.21,67.22
2023-10,Azúcar de caña y remolacha,True,826.04,912.85,True,1342.42,912.85,True,1342.42,86.8
2023-11,Azúcar de caña y remolacha,True,832.97,943.07,True,1386.87,943.07,True,1386.87,110.1
2023-12,Azúcar de caña y remolacha,True,829.42,974.33,True,1432.84,974.33,True,1432.84,144.91
2024-01,Azúcar de caña y remolacha,True,836.67,973.69,True,1431.9,973.69,True,1431.9,137.02
2024-02,Azúcar de caña y remolacha,True,839.83,972.35,True,1429.93,972.35,True,1429.93,132.52
2024-03,Azúcar de caña y remolacha,True,835.09,959.35,True,1410.82,959.35,True,1410.82,124.27
2024-04,Azúcar de caña y remolacha,True,841.16,931.17,True,1369.36,931.17,True,1369.36,90.01
2024-05,Azúcar de caña y remolacha,True,842.56,940.44,True,1383.0,940.44,True,1383.0,97.88
2024-06,Azúcar de caña y remolacha,True,852.38,936.9,True,1377.8,936.9,True,1377.8,84.53
2024-07,Azúcar de caña y remolacha,True,853.61,930.63,True,1368.57,930.63,True,1368.57,77.02
2024-08,Azúcar de caña y remolacha,True,858.1,916.92,True,1348.41,916.92,True,1348.41,58.82
2024-09,Azúcar de caña y remolacha,True,855.5,915.42,True,1346.21,915.42,True,1346.21,59.92
2024-10,Azúcar de caña y remolacha,True,871.5,930.31,True,1368.11,930.31,True,1368.11,58.81
2024-11,Azúcar de caña y remolacha,True,870.73,933.66,True,1373.03,933.66,True,1373.03,62.93
2024-12,Azúcar de caña y remolacha,True,865.95,924.69,True,1359.84,924.69,True,1359.84,58.74
2025-01,Azúcar de caña y remolacha,True,869.86,920.99,True,1354.4,920.99,True,1354.4,51.14
2025-02,Azúcar de caña y remolacha,True,872.0,912.26,True,1341.55,912.26,True,1341.55,40.26
2025-03,Azúcar de caña y remolacha,True,881.06,913.21,True,1342.95,913.21,True,1342.95,32.15
2025-04,Azúcar de caña y remolacha,True,881.97,924.57,True,1359.66,924.57,True,1359.66,42.6
2025-05,Azúcar de caña y remolacha,True,884.58,929.03,True,1366.22,929.03,True,1366.22,44.45
2025-06,Azúcar de caña y remolacha,True,879.57,909.25,True,1337.13,909.25,True,1337.13,29.68
2025-07,Azúcar de caña y remolacha,True,886.21,898.58,True,1321.44,898.58,True,1321.44,12.37
2025-08,Azúcar de caña y remolacha,True,893.34,899.1,True,1322.2,899.1,True,1322.2,5.75
2025-09,Azúcar de caña y remolacha,True,900.76,908.83,True,1336.52,908.83,True,1336.52,8.07
2025-10,Azúcar de caña y remolacha,True,905.0,888.58,True,1306.74,888.58,True,1306.74,-16.42
2025-11,Azúcar de caña y remolacha,True,908.04,875.75,True,1287.87,875.75,True,1287.87,-32.28
2025-12,Azúcar de caña y remolacha,True,907.01,894.43,True,1315.34,894.43,True,1315.34,-12.58
2026-01,Azúcar de caña y remolacha,True,910.44,875.38,True,1287.33,875.38,True,1287.33,-35.06
2026-02,Azúcar de caña y remolacha,True,912.46,873.56,True,1284.65,873.56,True,1284.65,-38.9
2026-03,Azúcar de caña y remolacha,True,917.46,857.86,True,1261.56,857.86,True,1261.56,-59.6
2026-04,Azúcar de caña y remolacha,True,918.72,835.36,True,1228.47,835.36,True,1228.47,-83.36
2026-05,Azúcar de caña y remolacha,True,914.76,870.49,True,1280.14,870.49,True,1280.14,-44.27
2026-06,Azúcar de caña y remolacha,True,921.5,866.06,True,1273.62,866.06,True,1273.62,-55.44
2026-07,Azúcar de caña y remolacha,True,927.21,852.24,True,1253.3,852.24,True,1253.3,-74.97
2026-08,Azúcar de caña y remolacha,True,938.46,875.94,True,1288.14,875.94,True,1288.14,-62.53
2019-01,Mermeladas,False,84.5,84.5,False,,84.59,False,,0.0
2019-02,Mermeladas,False,84.34,84.34,False,,84.5,False,,0.0
2019-03,Mermeladas,False,84.94,84.94,False,,84.34,False,,0.0
2019-04,Mermeladas,False,85.28,85.28,False,,84.94,False,,0.0
2019-05,Mermeladas,False,85.33,85.33,False,,85.28,False,,0.0
2019-06,Mermeladas,False,85.66,85.66,False,,85.33,False,,0.0
2019-07,Mermeladas,False,85.85,85.85,False,,85.66,False,,0.0
2019-08,Mermeladas,False,86.33,86.33,False,,85.85,False,,0.0
2019-09,Mermeladas,False,86.35,86.35,False,,86.33,False,,0.0
2019-10,Mermeladas,False,86.99,86.99,False,,86.35,False,,0.0
2019-11,Mermeladas,False,87.85,87.85,False,,86.99,False,,0.0
2019-12,Mermeladas,False,87.59,87.59,False,,87.85,False,,0.0
2020-01,Mermeladas,False,88.34,88.34,False,,87.59,False,,0.0
2020-02,Mermeladas,False,88.97,88.97,False,,88.34,False,,0.0
2020-03,Mermeladas,False,89.55,89.55,False,,88.97,False,,0.0
2020-04,Mermeladas,False,90.23,90.23,False,,89.55,False,,0.0
2020-05,Mermeladas,False,90.2,90.2,False,,90.23,False,,0.0
2020-06,Mermeladas,False,90.44,90.44,False,,90.2,False,,0.0
2020-07,Mermeladas,False,90.83,90.83,False,,90.44,False,,0.0
2020-08,Mermeladas,False,91.0,91.0,False,,90.83,False,,0.0
2020-09,Mermeladas,False,92.32,92.32,False,,91.0,False,,0.0
2020-10,Mermeladas,False,93.01,93.01,False,,92.32,False,,0.0
2020-11,Mermeladas,False,93.14,93.14,False,,93.01,False,,0.0
2020-12,Mermeladas,False,93.35,93.35,False,,93.14,False,,0.0
2021-01,Mermeladas,False,94.41,94.41,False,,93.35,False,,0.0
2021-02,Mermeladas,False,94.05,94.05,False,,94.41,False,,0.0
2021-03,Mermeladas,False,93.8,93.8,False,,94.05,False,,0.0
2021-04,Mermeladas,False,94.45,94.45,False,,93.8,False,,0.0
2021-05,Mermeladas,False,94.3,94.3,False,,94.45,False,,0.0
2021-06,Mermeladas,False,94.35,94.35,False,,94.3,False,,0.0
2021-07,Mermeladas,False,95.31,95.31,False,,94.35,False,,0.0
2021-08,Mermeladas,False,95.76,95.76,False,,95.31,False,,0.0
2021-09,Mermeladas,False,97.51,97.51,False,,95.76,False,,0.0
2021-10,Mermeladas,False,98.51,98.51,False,,97.51,False,,0.0
2021-11,Mermeladas,False,98.77,98.77,False,,98.51,False,,0.0
2021-12,Mermeladas,False,99.49,99.49,False,,98.77,False,,0.0
2022-01,Mermeladas,False,101.07,101.07,False,,99.49,False,,0.0
2022-02,Mermeladas,False,102.54,102.54,False,,101.07,False,,0.0
2022-03,Mermeladas,False,106.0,106.0,False,,102.54,False,,0.0
2022-04,Mermeladas,False,108.35,108.35,False,,106.0,False,,0.0
2022-05,Mermeladas,False,110.28,110.28,False,,108.35,False,,0.0
2022-06,Mermeladas,False,111.75,111.75,False,,110.28,False,,0.0
2022-07,Mermeladas,False,113.65,113.65,False,,111.75,False,,0.0
2022-08,Mermeladas,False,115.82,115.82,False,,113.65,False,,0.0
2022-09,Mermeladas,False,118.04,118.04,False,,115.82,False,,0.0
2022-10,Mermeladas,False,119.01,119.01,False,,118.04,False,,0.0
2022-11,Mermeladas,False,120.88,120.88,False,,119.01,False,,0.0
2022-12,Mermeladas,False,122.11,122.11,False,,120.88,False,,0.0
2023-01,Mermeladas,False,123.35,123.35,False,,122.11,False,,0.0
2023-02,Mermeladas,False,123.4,123.4,False,,123.35,False,,0.0
2023-03,Mermeladas,False,123.97,123.97,False,,123.4,False,,0.0
2023-04,Mermeladas,False,124.11,124.11,False,,123.97,False,,0.0
2023-05,Mermeladas,False,124.36,124.36,False,,124.11,False,,0.0
2023-06,Mermeladas,False,124.82,124.82,False,,124.36,False,,0.0
2023-07,Mermeladas,False,126.14,126.14,False,,124.82,False,,0.0
2023-08,Mermeladas,False,126.59,126.59,False,,126.14,False,,0.0
2023-09,Mermeladas,False,127.77,127.77,False,,126.59,False,,0.0
2023-10,Mermeladas,False,128.77,128.77,False,,127.77,False,,0.0
2023-11,Mermeladas,False,129.85,129.85,False,,128.77,False,,0.0
2023-12,Mermeladas,False,129.29,129.29,False,,129.85,False,,0.0
2024-01,Mermeladas,False,130.42,130.42,False,,129.29,False,,0.0
2024-02,Mermeladas,False,130.92,130.92,False,,130.42,False,,0.0
2024-03,Mermeladas,False,130.18,130.18,False,,130.92,False,,0.0
2024-04,Mermeladas,False,131.12,131.12,False,,130.18,False,,0.0
2024-05,Mermeladas,False,131.34,131.34,False,,131.12,False,,0.0
2024-06,Mermeladas,False,132.87,132.87,False,,131.34,False,,0.0
2024-07,Mermeladas,False,133.06,133.06,False,,132.87,False,,0.0
2024-08,Mermeladas,False,133.76,133.76,False,,133.06,False,,0.0
2024-09,Mermeladas,False,133.36,133.36,False,,133.76,False,,0.0
2024-10,Mermeladas,False,135.85,135.85,False,,133.36,False,,0.0
2024-11,Mermeladas,False,135.73,135.73,False,,135.85,False,,0.0
2024-12,Mermeladas,False,134.99,134.99,False,,135.73,False,,0.0
2025-01,Mermeladas,False,135.6,135.6,False,,134.99,False,,0.0
2025-02,Mermeladas,False,135.93,135.93,False,,135.6,False,,0.0
2025-03,Mermeladas,False,137.34,137.34,False,,135.93,False,,0.0
2025-04,Mermeladas,False,137.48,137.48,False,,137.34,False,,0.0
2025-05,Mermeladas,False,137.89,137.89,False,,137.48,False,,0.0
2025-06,Mermeladas,False,137.11,137.11,False,,137.89,False,,0.0
2025-07,Mermeladas,False,138.14,138.14,False,,137.11,False,,0.0
2025-08,Mermeladas,False,139.26,139.26,False,,138.14,False,,0.0
2025-09,Mermeladas,False,140.41,140.41,False,,139.26,False,,0.0
2025-10,Mermeladas,False,141.07,141.07,False,,140.41,False,,0.0
2025-11,Mermeladas,False,141.55,141.55,False,,141.07,False,,0.0
2025-12,Mermeladas,False,141.39,141.39,False,,141.55,False,,0.0
2026-01,Mermeladas,False,141.92,141.92,False,,141.39,False,,0.0
2026-02,Mermeladas,False,142.24,142.24,False,,141.92,False,,0.0
2026-03,Mermeladas,False,143.02,143.02,False,,142.24,False,,0.0
2026-04,Mermeladas,False,143.21,143.21,False,,143.02,False,,0.0
2026-05,Mermeladas,False,142.6,142.6,False,,143.21,False,,0.0
2026-06,Mermeladas,False,143.65,143.65,False,,142.6,False,,0.0
2026-07,Mermeladas,False,144.54,144.54,False,,143.65,False,,0.0
2026-08,Mermeladas,False,146.29,146.29,False,,144.54,False,,0.0
2019-01,Postres no lácteos preparados,False,72.54,72.54,False,,72.62,False,,0.0
2019-02,Postres no lácteos preparados,False,72.4,72.4,False,,72.54,False,,0.0
2019-03,Postres no lácteos preparados,False,72.92,72.92,False,,72.4,False,,0.0
2019-04,Postres no lácteos preparados,False,73.21,73.21,False,,72.92,False,,0.0
2019-05,Postres no lácteos preparados,False,73.25,73.25,False,,73.21,False,,0.0
2019-06,Postres no lácteos preparados,False,73.54,73.54,False,,73.25,False,,0.0
2019-07,Postres no lácteos preparados,False,73.7,73.7,False,,73.54,False,,0.0
2019-08,Postres no lácteos preparados,False,74.11,74.11,False,,73.7,False,,0.0
2019-09,Postres no lácteos preparados,False,74.13,74.13,False,,74.11,False,,0.0
2019-10,Postres no lácteos preparados,False,74.68,74.68,False,,74.13,False,,0.0
2019-11,Postres no lácteos preparados,False,75.42,75.42,False,,74.68,False,,0.0
2019-12,Postres no lácteos preparados,False,75.2,75.2,False,,75.42,False,,0.0
2020-01,Postres no lácteos preparados,False,75.84,75.84,False,,75.2,False,,0.0
2020-02,Postres no lácteos preparados,False,76.38,76.38,False,,75.84,False,,0.0
2020-03,Postres no lácteos preparados,False,76.88,76.88,False,,76.38,False,,0.0
2020-04,Postres no lácteos preparados,False,77.46,77.46,False,,76.88,False,,0.0
2020-05,Postres no lácteos preparados,False,77.44,77.44,False,,77.46,False,,0.0
2020-06,Postres no lácteos preparados,False,77.64,77.64,False,,77.44,False,,0.0
2020-07,Postres no lácteos preparados,False,77.98,77.98,False,,77.64,False,,0.0
2020-08,Postres no lácteos preparados,False,78.12,78.12,False,,77.98,False,,0.0
2020-09,Postres no lácteos preparados,False,79.26,79.26,False,,78.12,False,,0.0
2020-10,Postres no lácteos preparados,False,79.85,79.85,False,,79.26,False,,0.0
2020-11,Postres no lácteos preparados,False,79.96,79.96,False,,79.85,False,,0.0
2020-12,Postres no lácteos preparados,False,80.14,80.14,False,,79.96,False,,0.0
2021-01,Postres no lácteos preparados,False,81.05,81.05,False,,80.14,False,,0.0
2021-02,Postres no lácteos preparados,False,80.74,80.74,False,,81.05,False,,0.0
2021-03,Postres no lácteos preparados,False,80.52,80.52,False,,80.74,False,,0.0
2021-04,Postres no lácteos preparados,False,81.09,81.09,False,,80.52,False,,0.0
2021-05,Postres no lácteos preparados,False,80.96,80.96,False,,81.09,False,,0.0
2021-06,Postres no lácteos preparados,False,81.0,81.0,False,,80.96,False,,0.0
2021-07,Postres no lácteos preparados,False,81.83,81.83,False,,81.0,False,,0.0
2021-08,Postres no lácteos preparados,False,82.21,82.21,False,,81.83,False,,0.0
2021-09,Postres no lácteos preparados,False,83.71,83.71,False,,82.21,False,,0.0
2021-10,Postres no lácteos preparados,False,84.57,84.57,False,,83.71,False,,0.0
2021-11,Postres no lácteos preparados,False,84.79,84.79,False,,84.57,False,,0.0
2021-12,Postres no lácteos preparados,False,85.41,85.41,False,,84.79,False,,0.0
2022-01,Postres no lácteos preparados,False,86.77,86.77,False,,85.41,False,,0.0
2022-02,Postres no lácteos preparados,False,88.03,88.03,False,,86.77,False,,0.0
2022-03,Postres no lácteos preparados,False,91.0,91.0,False,,88.03,False,,0.0
2022-04,Postres no lácteos preparados,False,93.02,93.02,False,,91.0,False,,0.0
2022-05,Postres no lácteos preparados,False,94.68,94.68,False,,93.02,False,,0.0
2022-06,Postres no lácteos preparados,False,95.94,95.94,False,,94.68,False,,0.0
2022-07,Postres no lácteos preparados,False,97.57,97.57,False,,95.94,False,,0.0
2022-08,Postres no lácteos preparados,False,99.43,99.43,False,,97.57,False,,0.0
2022-09,Postres no lácteos preparados,False,101.34,101.34,False,,99.43,False,,0.0
2022-10,Postres no lácteos preparados,False,102.17,102.17,False,,101.34,False,,0.0
2022-11,Postres no lácteos preparados,False,103.77,103.77,False,,102.17,False,,0.0
2022-12,Postres no lácteos preparados,False,104.83,104.83,False,,103.77,False,,0.0
2023-01,Postres no lácteos preparados,False,105.89,105.89,False,,104.83,False,,0.0
2023-02,Postres no lácteos preparados,False,105.94,105.94,False,,105.89,False,,0.0
2023-03,Postres no lácteos preparados,False,106.42,106.42,False,,105.94,False,,0.0
2023-04,Postres no lácteos preparados,False,106.55,106.55,False,,106.42,False,,0.0
2023-05,Postres no lácteos preparados,False,106.76,106.76,False,,106.55,False,,0.0
2023-06,Postres no lácteos preparados,False,107.16,107.16,False,,106.76,False,,0.0
2023-07,Postres no lácteos preparados,False,108.29,108.29,False,,107.16,False,,0.0
2023-08,Postres no lácteos preparados,False,108.68,108.68,False,,108.29,False,,0.0
2023-09,Postres no lácteos preparados,False,109.69,109.69,False,,108.68,False,,0.0
2023-10,Postres no lácteos preparados,False,110.54,110.54,False,,109.69,False,,0.0
2023-11,Postres no lácteos preparados,False,111.47,111.47,False,,110.54,False,,0.0
2023-12,Postres no lácteos preparados,False,111.0,111.0,False,,111.47,False,,0.0
2024-01,Postres no lácteos preparados,False,111.97,111.97,False,,111.0,False,,0.0
2024-02,Postres no lácteos preparados,False,112.39,112.39,False,,111.97,False,,0.0
2024-03,Postres no lácteos preparados,False,111.75,111.75,False,,112.39,False,,0.0
2024-04,Postres no lácteos preparados,False,112.57,112.57,False,,111.75,False,,0.0
2024-05,Postres no lácteos preparados,False,112.75,112.75,False,,112.57,False,,0.0
2024-06,Postres no lácteos preparados,False,114.07,114.07,False,,112.75,False,,0.0
2024-07,Postres no lácteos preparados,False,114.23,114.23,False,,114.07,False,,0.0
2024-08,Postres no lácteos preparados,False,114.83,114.83,False,,114.23,False,,0.0
2024-09,Postres no lácteos preparados,False,114.49,114.49,False,,114.83,False,,0.0
2024-10,Postres no lácteos preparados,False,116.63,116.63,False,,114.49,False,,0.0
2024-11,Postres no lácteos preparados,False,116.52,116.52,False,,116.63,False,,0.0
2024-12,Postres no lácteos preparados,False,115.88,115.88,False,,116.52,False,,0.0
2025-01,Postres no lácteos preparados,False,116.41,116.41,False,,115.88,False,,0.0
2025-02,Postres no lácteos preparados,False,116.69,116.69,False,,116.41,False,,0.0
2025-03,Postres no lácteos preparados,False,117.91,117.91,False,,116.69,False,,0.0
2025-04,Postres no lácteos preparados,False,118.03,118.03,False,,117.91,False,,0.0
2025-05,Postres no lácteos preparados,False,118.38,118.38,False,,118.03,False,,0.0
2025-06,Postres no lácteos preparados,False,117.71,117.71,False,,118.38,False,,0.0
2025-07,Postres no lácteos preparados,False,118.6,118.6,False,,117.71,False,,0.0
2025-08,Postres no lácteos preparados,False,119.55,119.55,False,,118.6,False,,0.0
2025-09,Postres no lácteos preparados,False,120.54,120.54,False,,119.55,False,,0.0
2025-10,Postres no lácteos preparados,False,121.11,121.11,False,,120.54,False,,0.0
2025-11,Postres no lácteos preparados,False,121.52,121.52,False,,121.11,False,,0.0
2025-12,Postres no lácteos preparados,False,121.38,121.38,False,,121.52,False,,0.0
2026-01,Postres no lácteos preparados,False,121.84,121.84,False,,121.38,False,,0.0
2026-02,Postres no lácteos preparados,False,122.11,122.11,False,,121.84,False,,0.0
2026-03,Postres no lácteos preparados,False,122.78,122.78,False,,122.11,False,,0.0
2026-04,Postres no lácteos preparados,False,122.95,122.95,False,,122.78,False,,0.0
2026-05,Postres no lácteos preparados,False,122.42,122.42,False,,122.95,False,,0.0
2026-06,Postres no lácteos preparados,False,123.32,123.32,False,,122.42,False,,0.0
2026-07,Postres no lácteos preparados,False,124.08,124.08,False,,123.32,False,,0.0
2026-08,Postres no lácteos preparados,False,125.59,125.59,False,,124.08,False,,0.0
2019-01,Chocolates de todo tipo,False,248.72,248.72,False,,248.98,False,,0.0
2019-02,Chocolates de todo tipo,False,248.23,248.23,False,,248.72,False,,0.0
2019-03,Chocolates de todo tipo,False,250.01,250.01,False,,248.23,False,,0.0
2019-04,Chocolates de todo tipo,False,251.01,251.01,False,,250.01,False,,0.0
2019-05,Chocolates de todo tipo,False,251.16,251.16,False,,251.01,False,,0.0
2019-06,Chocolates de todo tipo,False,252.13,252.13,False,,251.16,False,,0.0
2019-07,Chocolates de todo tipo,False,252.68,252.68,False,,252.13,False,,0.0
2019-08,Chocolates de todo tipo,False,254.1,254.1,False,,252.68,False,,0.0
2019-09,Chocolates de todo tipo,False,254.16,254.16,False,,254.1,False,,0.0
2019-10,Chocolates de todo tipo,False,256.05,256.05,False,,254.16,False,,0.0
2019-11,Chocolates de todo tipo,False,258.59,258.59,False,,256.05,False,,0.0
2019-12,Chocolates de todo tipo,False,257.81,257.81,False,,258.59,False,,0.0
2020-01,Chocolates de todo tipo,False,260.03,260.03,False,,257.81,False,,0.0
2020-02,Chocolates de todo tipo,False,261.87,261.87,False,,260.03,False,,0.0
2020-03,Chocolates de todo tipo,False,263.59,263.59,False,,261.87,False,,0.0
2020-04,Chocolates de todo tipo,False,265.59,265.59,False,,263.59,False,,0.0
2020-05,Chocolates de todo tipo,False,265.5,265.5,False,,265.59,False,,0.0
2020-06,Chocolates de todo tipo,False,266.19,266.19,False,,265.5,False,,0.0
2020-07,Chocolates de todo tipo,False,267.35,267.35,False,,266.19,False,,0.0
2020-08,Chocolates de todo tipo,False,267.85,267.85,False,,267.35,False,,0.0
2020-09,Chocolates de todo tipo,False,271.74,271.74,False,,267.85,False,,0.0
2020-10,Chocolates de todo tipo,False,273.75,273.75,False,,271.74,False,,0.0
2020-11,Chocolates de todo tipo,False,274.13,274.13,False,,273.75,False,,0.0
2020-12,Chocolates de todo tipo,False,274.78,274.78,False,,274.13,False,,0.0
2021-01,Chocolates de todo tipo,False,277.89,277.89,False,,274.78,False,,0.0
2021-02,Chocolates de todo tipo,False,276.82,276.82,False,,277.89,False,,0.0
2021-03,Chocolates de todo tipo,False,276.08,276.08,False,,276.82,False,,0.0
2021-04,Chocolates de todo tipo,False,278.01,278.01,False,,276.08,False,,0.0
2021-05,Chocolates de todo tipo,False,277.57,277.57,False,,278.01,False,,0.0
2021-06,Chocolates de todo tipo,False,277.71,277.71,False,,277.57,False,,0.0
2021-07,Chocolates de todo tipo,False,280.55,280.55,False,,277.71,False,,0.0
2021-08,Chocolates de todo tipo,False,281.87,281.87,False,,280.55,False,,0.0
2021-09,Chocolates de todo tipo,False,287.01,287.01,False,,281.87,False,,0.0
2021-10,Chocolates de todo tipo,False,289.94,289.94,False,,287.01,False,,0.0
2021-11,Chocolates de todo tipo,False,290.72,290.72,False,,289.94,False,,0.0
2021-12,Chocolates de todo tipo,False,292.84,292.84,False,,290.72,False,,0.0
2022-01,Chocolates de todo tipo,False,297.48,297.48,False,,292.84,False,,0.0
2022-02,Chocolates de todo tipo,False,301.81,301.81,False,,297.48,False,,0.0
2022-03,Chocolates de todo tipo,False,311.99,311.99,False,,301.81,False,,0.0
2022-04,Chocolates de todo tipo,False,318.92,318.92,False,,311.99,False,,0.0
2022-05,Chocolates de todo tipo,False,324.61,324.61,False,,318.92,False,,0.0
2022-06,Chocolates de todo tipo,False,328.94,328.94,False,,324.61,False,,0.0
2022-07,Chocolates de todo tipo,False,334.52,334.52,False,,328.94,False,,0.0
2022-08,Chocolates de todo tipo,False,340.89,340.89,False,,334.52,False,,0.0
2022-09,Chocolates de todo tipo,False,347.44,347.44,False,,340.89,False,,0.0
2022-10,Chocolates de todo tipo,False,350.29,350.29,False,,347.44,False,,0.0
2022-11,Chocolates de todo tipo,False,355.78,355.78,False,,350.29,False,,0.0
2022-12,Chocolates de todo tipo,False,359.4,359.4,False,,355.78,False,,0.0
2023-01,Chocolates de todo tipo,False,363.06,363.06,False,,359.4,False,,0.0
2023-02,Chocolates de todo tipo,False,363.21,363.21,False,,363.06,False,,0.0
2023-03,Chocolates de todo tipo,False,364.88,364.88,False,,363.21,False,,0.0
2023-04,Chocolates de todo tipo,False,365.31,365.31,False,,364.88,False,,0.0
2023-05,Chocolates de todo tipo,False,366.04,366.04,False,,365.31,False,,0.0
2023-06,Chocolates de todo tipo,False,367.41,367.41,False,,366.04,False,,0.0
2023-07,Chocolates de todo tipo,False,371.27,371.27,False,,367.41,False,,0.0
2023-08,Chocolates de todo tipo,False,372.61,372.61,False,,371.27,False,,0.0
2023-09,Chocolates de todo tipo,False,376.07,376.07,False,,372.61,False,,0.0
2023-10,Chocolates de todo tipo,False,379.01,379.01,False,,376.07,False,,0.0
2023-11,Chocolates de todo tipo,False,382.19,382.19,False,,379.01,False,,0.0
2023-12,Chocolates de todo tipo,False,380.56,380.56,False,,382.19,False,,0.0
2024-01,Chocolates de todo tipo,False,383.88,383.88,False,,380.56,False,,0.0
2024-02,Chocolates de todo tipo,False,385.33,385.33,False,,383.88,False,,0.0
2024-03,Chocolates de todo tipo,False,383.16,383.16,False,,385.33,False,,0.0
2024-04,Chocolates de todo tipo,False,385.94,385.94,False,,383.16,False,,0.0
2024-05,Chocolates de todo tipo,False,386.58,386.58,False,,385.94,False,,0.0
2024-06,Chocolates de todo tipo,False,391.09,391.09,False,,386.58,False,,0.0
2024-07,Chocolates de todo tipo,False,391.66,391.66,False,,391.09,False,,0.0
2024-08,Chocolates de todo tipo,False,393.72,393.72,False,,391.66,False,,0.0
2024-09,Chocolates de todo tipo,False,392.52,392.52,False,,393.72,False,,0.0
2024-10,Chocolates de todo tipo,False,399.87,399.87,False,,392.52,False,,0.0
2024-11,Chocolates de todo tipo,False,399.51,399.51,False,,399.87,False,,0.0
2024-12,Chocolates de todo tipo,False,397.32,397.32,False,,399.51,False,,0.0
2025-01,Chocolates de todo tipo,False,399.11,399.11,False,,397.32,False,,0.0
2025-02,Chocolates de todo tipo,False,400.09,400.09,False,,399.11,False,,0.0
2025-03,Chocolates de todo tipo,False,404.25,404.25,False,,400.09,False,,0.0
2025-04,Chocolates de todo tipo,False,404.67,404.67,False,,404.25,False,,0.0
2025-05,Chocolates de todo tipo,False,405.87,405.87,False,,404.67,False,,0.0
2025-06,Chocolates de todo tipo,False,403.57,403.57,False,,405.87,False,,0.0
2025-07,Chocolates de todo tipo,False,406.61,406.61,False,,403.57,False,,0.0
2025-08,Chocolates de todo tipo,False,409.89,409.89,False,,406.61,False,,0.0
2025-09,Chocolates de todo tipo,False,413.29,413.29,False,,409.89,False,,0.0
2025-10,Chocolates de todo tipo,False,415.24,415.24,False,,413.29,False,,0.0
2025-11,Chocolates de todo tipo,False,416.63,416.63,False,,415.24,False,,0.0
2025-12,Chocolates de todo tipo,False,416.16,416.16,False,,416.63,False,,0.0
2026-01,Chocolates de todo tipo,False,417.73,417.73,False,,416.16,False,,0.0
2026-02,Chocolates de todo tipo,False,418.66,418.66,False,,417.73,False,,0.0
2026-03,Chocolates de todo tipo,False,420.95,420.95,False,,418.66,False,,0.0
2026-04,Chocolates de todo tipo,False,421.53,421.53,False,,420.95,False,,0.0
2026-05,Chocolates de todo tipo,False,419.71,419.71,False,,421.53,False,,0.0
2026-06,Chocolates de todo tipo,False,422.81,422.81,False,,419.71,False,,0.0
2026-07,Chocolates de todo tipo,False,425.43,425.43,False,,422.81,False,,0.0
2026-08,Chocolates de todo tipo,False,430.59,430.59,False,,425.43,False,,0.0
2019-01,Helado familiar cassata,False,130.74,130.74,False,,130.88,False,,0.0
2019-02,Helado familiar cassata,False,130.48,130.48,False,,130.74,False,,0.0
2019-03,Helado familiar cassata,False,131.42,131.42,False,,130.48,False,,0.0
2019-04,Helado familiar cassata,False,131.94,131.94,False,,131.42,False,,0.0
2019-05,Helado familiar cassata,False,132.02,132.02,False,,131.94,False,,0.0
2019-06,Helado familiar cassata,False,132.53,132.53,False,,132.02,False,,0.0
2019-07,Helado familiar cassata,False,132.82,132.82,False,,132.53,False,,0.0
2019-08,Helado familiar cassata,False,133.56,133.56,False,,132.82,False,,0.0
2019-09,Helado familiar cassata,False,133.6,133.6,False,,133.56,False,,0.0
2019-10,Helado familiar cassata,False,134.59,134.59,False,,133.6,False,,0.0
2019-11,Helado familiar cassata,False,135.93,135.93,False,,134.59,False,,0.0
2019-12,Helado familiar cassata,False,135.52,135.52,False,,135.93,False,,0.0
2020-01,Helado familiar cassata,False,136.68,136.68,False,,135.52,False,,0.0
2020-02,Helado familiar cassata,False,137.65,137.65,False,,136.68,False,,0.0
2020-03,Helado familiar cassata,False,138.55,138.55,False,,137.65,False,,0.0
2020-04,Helado familiar cassata,False,139.61,139.61,False,,138.55,False,,0.0
2020-05,Helado familiar cassata,False,139.56,139.56,False,,139.61,False,,0.0
2020-06,Helado familiar cassata,False,139.92,139.92,False,,139.56,False,,0.0
2020-07,Helado familiar cassata,False,140.53,140.53,False,,139.92,False,,0.0
2020-08,Helado familiar cassata,False,140.79,140.79,False,,140.53,False,,0.0
2020-09,Helado familiar cassata,False,142.84,142.84,False,,140.79,False,,0.0
2020-10,Helado familiar cassata,False,143.9,143.9,False,,142.84,False,,0.0
2020-11,Helado familiar cassata,False,144.1,144.1,False,,143.9,False,,0.0
2020-12,Helado familiar cassata,False,144.43,144.43,False,,144.1,False,,0.0
2021-01,Helado familiar cassata,False,146.07,146.07,False,,144.43,False,,0.0
2021-02,Helado familiar cassata,False,145.51,145.51,False,,146.07,False,,0.0
2021-03,Helado familiar cassata,False,145.12,145.12,False,,145.51,False,,0.0
2021-04,Helado familiar cassata,False,146.13,146.13,False,,145.12,False,,0.0
2021-05,Helado familiar cassata,False,145.9,145.9,False,,146.13,False,,0.0
2021-06,Helado familiar cassata,False,145.98,145.98,False,,145.9,False,,0.0
2021-07,Helado familiar cassata,False,147.47,147.47,False,,145.98,False,,0.0
2021-08,Helado familiar cassata,False,148.16,148.16,False,,147.47,False,,0.0
2021-09,Helado familiar cassata,False,150.86,150.86,False,,148.16,False,,0.0
2021-10,Helado familiar cassata,False,152.41,152.41,False,,150.86,False,,0.0
2021-11,Helado familiar cassata,False,152.81,152.81,False,,152.41,False,,0.0
2021-12,Helado familiar cassata,False,153.93,153.93,False,,152.81,False,,0.0
2022-01,Helado familiar cassata,False,156.37,156.37,False,,153.93,False,,0.0
2022-02,Helado familiar cassata,False,158.65,158.65,False,,156.37,False,,0.0
2022-03,Helado familiar cassata,False,163.99,163.99,False,,158.65,False,,0.0
2022-04,Helado familiar cassata,False,167.64,167.64,False,,163.99,False,,0.0
2022-05,Helado familiar cassata,False,170.63,170.63,False,,167.64,False,,0.0
2022-06,Helado familiar cassata,False,172.9,172.9,False,,170.63,False,,0.0
2022-07,Helado familiar cassata,False,175.84,175.84,False,,172.9,False,,0.0
2022-08,Helado familiar cassata,False,179.19,179.19,False,,175.84,False,,0.0
2022-09,Helado familiar cassata,False,182.63,182.63,False,,179.19,False,,0.0
2022-10,Helado familiar cassata,False,184.12,184.12,False,,182.63,False,,0.0
2022-11,Helado familiar cassata,False,187.01,187.01,False,,184.12,False,,0.0
2022-12,Helado familiar cassata,False,188.92,188.92,False,,187.01,False,,0.0
2023-01,Helado familiar cassata,False,190.84,190.84,False,,188.92,False,,0.0
2023-02,Helado familiar cassata,False,190.92,190.92,False,,190.84,False,,0.0
2023-03,Helado familiar cassata,False,191.8,191.8,False,,190.92,False,,0.0
2023-04,Helado familiar cassata,False,192.02,192.02,False,,191.8,False,,0.0
2023-05,Helado familiar cassata,False,192.4,192.4,False,,192.02,False,,0.0
2023-06,Helado familiar cassata,False,193.12,193.12,False,,192.4,False,,0.0
2023-07,Helado familiar cassata,False,195.15,195.15,False,,193.12,False,,0.0
2023-08,Helado familiar cassata,False,195.86,195.86,False,,195.15,False,,0.0
2023-09,Helado familiar cassata,False,197.68,197.68,False,,195.86,False,,0.0
2023-10,Helado familiar cassata,False,199.22,199.22,False,,197.68,False,,0.0
2023-11,Helado familiar cassata,False,200.89,200.89,False,,199.22,False,,0.0
2023-12,Helado familiar cassata,False,200.04,200.04,False,,200.89,False,,0.0
2024-01,Helado familiar cassata,False,201.78,201.78,False,,200.04,False,,0.0
2024-02,Helado familiar cassata,False,202.55,202.55,False,,201.78,False,,0.0
2024-03,Helado familiar cassata,False,201.4,201.4,False,,202.55,False,,0.0
2024-04,Helado familiar cassata,False,202.87,202.87,False,,201.4,False,,0.0
2024-05,Helado familiar cassata,False,203.2,203.2,False,,202.87,False,,0.0
2024-06,Helado familiar cassata,False,205.57,205.57,False,,203.2,False,,0.0
2024-07,Helado familiar cassata,False,205.87,205.87,False,,205.57,False,,0.0
2024-08,Helado familiar cassata,False,206.95,206.95,False,,205.87,False,,0.0
2024-09,Helado familiar cassata,False,206.33,206.33,False,,206.95,False,,0.0
2024-10,Helado familiar cassata,False,210.19,210.19,False,,206.33,False,,0.0
2024-11,Helado familiar cassata,False,210.0,210.0,False,,210.19,False,,0.0
2024-12,Helado familiar cassata,False,208.85,208.85,False,,210.0,False,,0.0
2025-01,Helado familiar cassata,False,209.79,209.79,False,,208.85,False,,0.0
2025-02,Helado familiar cassata,False,210.31,210.31,False,,209.79,False,,0.0
2025-03,Helado familiar cassata,False,212.49,212.49,False,,210.31,False,,0.0
2025-04,Helado familiar cassata,False,212.71,212.71,False,,212.49,False,,0.0
2025-05,Helado familiar cassata,False,213.34,213.34,False,,212.71,False,,0.0
2025-06,Helado familiar cassata,False,212.13,212.13,False,,213.34,False,,0.0
2025-07,Helado familiar cassata,False,213.73,213.73,False,,212.13,False,,0.0
2025-08,Helado familiar cassata,False,215.45,215.45,False,,213.73,False,,0.0
2025-09,Helado familiar cassata,False,217.24,217.24,False,,215.45,False,,0.0
2025-10,Helado familiar cassata,False,218.27,218.27,False,,217.24,False,,0.0
2025-11,Helado familiar cassata,False,219.0,219.0,False,,218.27,False,,0.0
2025-12,Helado familiar cassata,False,218.75,218.75,False,,219.0,False,,0.0
2026-01,Helado familiar cassata,False,219.58,219.58,False,,218.75,False,,0.0
2026-02,Helado familiar cassata,False,220.06,220.06,False,,219.58,False,,0.0
2026-03,Helado familiar cassata,False,221.27,221.27,False,,220.06,False,,0.0
2026-04,Helado familiar cassata,False,221.57,221.57,False,,221.27,False,,0.0
2026-05,Helado familiar cassata,False,220.62,220.62,False,,221.57,False,,0.0
2026-06,Helado familiar cassata,False,222.24,222.24,False,,220.62,False,,0.0
2026-07,Helado familiar cassata,False,223.62,223.62,False,,222.24,False,,0.0
2026-08,Helado familiar cassata,False,226.34,226.34,False,,223.62,False,,0.0
2019-01,Helados individuales,False,83.71,83.71,False,,83.79,False,,0.0
2019-02,Helados individuales,False,83.54,83.54,False,,83.71,False,,0.0
2019-03,Helados individuales,False,84.14,84.14,False,,83.54,False,,0.0
2019-04,Helados individuales,False,84.47,84.47,False,,84.14,False,,0.0
2019-05,Helados individuales,False,84.52,84.52,False,,84.47,False,,0.0
2019-06,Helados individuales,False,84.85,84.85,False,,84.52,False,,0.0
2019-07,Helados individuales,False,85.04,85.04,False,,84.85,False,,0.0
2019-08,Helados individuales,False,85.51,85.51,False,,85.04,False,,0.0
2019-09,Helados individuales,False,85.53,85.53,False,,85.51,False,,0.0
2019-10,Helados individuales,False,86.17,86.17,False,,85.53,False,,0.0
2019-11,Helados individuales,False,87.03,87.03,False,,86.17,False,,0.0
2019-12,Helados individuales,False,86.76,86.76,False,,87.03,False,,0.0
2020-01,Helados individuales,False,87.51,87.51,False,,86.76,False,,0.0
2020-02,Helados individuales,False,88.13,88.13,False,,87.51,False,,0.0
2020-03,Helados individuales,False,88.71,88.71,False,,88.13,False,,0.0
2020-04,Helados individuales,False,89.38,89.38,False,,88.71,False,,0.0
2020-05,Helados individuales,False,89.35,89.35,False,,89.38,False,,0.0
2020-06,Helados individuales,False,89.58,89.58,False,,89.35,False,,0.0
2020-07,Helados individuales,False,89.97,89.97,False,,89.58,False,,0.0
2020-08,Helados individuales,False,90.14,90.14,False,,89.97,False,,0.0
2020-09,Helados individuales,False,91.45,91.45,False,,90.14,False,,0.0
2020-10,Helados individuales,False,92.13,92.13,False,,91.45,False,,0.0
2020-11,Helados individuales,False,92.26,92.26,False,,92.13,False,,0.0
2020-12,Helados individuales,False,92.47,92.47,False,,92.26,False,,0.0
2021-01,Helados individuales,False,93.52,93.52,False,,92.47,False,,0.0
2021-02,Helados individuales,False,93.16,93.16,False,,93.52,False,,0.0
2021-03,Helados individuales,False,92.91,92.91,False,,93.16,False,,0.0
2021-04,Helados individuales,False,93.56,93.56,False,,92.91,False,,0.0
2021-05,Helados individuales,False,93.41,93.41,False,,93.56,False,,0.0
2021-06,Helados individuales,False,93.46,93.46,False,,93.41,False,,0.0
2021-07,Helados individuales,False,94.41,94.41,False,,93.46,False,,0.0
2021-08,Helados individuales,False,94.86,94.86,False,,94.41,False,,0.0
2021-09,Helados individuales,False,96.59,96.59,False,,94.86,False,,0.0
2021-10,Helados individuales,False,97.58,97.58,False,,96.59,False,,0.0
2021-11,Helados individuales,False,97.84,97.84,False,,97.58,False,,0.0
2021-12,Helados individuales,False,98.55,98.55,False,,97.84,False,,0.0
2022-01,Helados individuales,False,100.11,100.11,False,,98.55,False,,0.0
2022-02,Helados individuales,False,101.57,101.57,False,,100.11,False,,0.0
2022-03,Helados individuales,False,105.0,105.0,False,,101.57,False,,0.0
2022-04,Helados individuales,False,107.33,107.33,False,,105.0,False,,0.0
2022-05,Helados individuales,False,109.24,109.24,False,,107.33,False,,0.0
2022-06,Helados individuales,False,110.7,110.7,False,,109.24,False,,0.0
2022-07,Helados individuales,False,112.58,112.58,False,,110.7,False,,0.0
2022-08,Helados individuales,False,114.72,114.72,False,,112.58,False,,0.0
2022-09,Helados individuales,False,116.93,116.93,False,,114.72,False,,0.0
2022-10,Helados individuales,False,117.88,117.88,False,,116.93,False,,0.0
2022-11,Helados individuales,False,119.73,119.73,False,,117.88,False,,0.0
2022-12,Helados individuales,False,120.95,120.95,False,,119.73,False,,0.0
2023-01,Helados individuales,False,122.18,122.18,False,,120.95,False,,0.0
2023-02,Helados individuales,False,122.23,122.23,False,,122.18,False,,0.0
2023-03,Helados individuales,False,122.8,122.8,False,,122.23,False,,0.0
2023-04,Helados individuales,False,122.94,122.94,False,,122.8,False,,0.0
2023-05,Helados individuales,False,123.19,123.19,False,,122.94,False,,0.0
2023-06,Helados individuales,False,123.65,123.65,False,,123.19,False,,0.0
2023-07,Helados individuales,False,124.95,124.95,False,,123.65,False,,0.0
2023-08,Helados individuales,False,125.4,125.4,False,,124.95,False,,0.0
2023-09,Helados individuales,False,126.56,126.56,False,,125.4,False,,0.0
2023-10,Helados individuales,False,127.55,127.55,False,,126.56,False,,0.0
2023-11,Helados individuales,False,128.62,128.62,False,,127.55,False,,0.0
2023-12,Helados individuales,False,128.07,128.07,False,,128.62,False,,0.0
2024-01,Helados individuales,False,129.19,129.19,False,,128.07,False,,0.0
2024-02,Helados individuales,False,129.68,129.68,False,,129.19,False,,0.0
2024-03,Helados individuales,False,128.95,128.95,False,,129.68,False,,0.0
2024-04,Helados individuales,False,129.88,129.88,False,,128.95,False,,0.0
2024-05,Helados individuales,False,130.1,130.1,False,,129.88,False,,0.0
2024-06,Helados individuales,False,131.62,131.62,False,,130.1,False,,0.0
2024-07,Helados individuales,False,131.81,131.81,False,,131.62,False,,0.0
2024-08,Helados individuales,False,132.5,132.5,False,,131.81,False,,0.0
2024-09,Helados individuales,False,132.1,132.1,False,,132.5,False,,0.0
2024-10,Helados individuales,False,134.57,134.57,False,,132.1,False,,0.0
2024-11,Helados individuales,False,134.45,134.45,False,,134.57,False,,0.0
2024-12,Helados individuales,False,133.71,133.71,False,,134.45,False,,0.0
2025-01,Helados individuales,False,134.32,134.32,False,,133.71,False,,0.0
2025-02,Helados individuales,False,134.65,134.65,False,,134.32,False,,0.0
2025-03,Helados individuales,False,136.05,136.05,False,,134.65,False,,0.0
2025-04,Helados individuales,False,136.19,136.19,False,,136.05,False,,0.0
2025-05,Helados individuales,False,136.59,136.59,False,,136.19,False,,0.0
2025-06,Helados individuales,False,135.82,135.82,False,,136.59,False,,0.0
2025-07,Helados individuales,False,136.84,136.84,False,,135.82,False,,0.0
2025-08,Helados individuales,False,137.94,137.94,False,,136.84,False,,0.0
2025-09,Helados individuales,False,139.09,139.09,False,,137.94,False,,0.0
2025-10,Helados individuales,False,139.74,139.74,False,,139.09,False,,0.0
2025-11,Helados individuales,False,140.21,140.21,False,,139.74,False,,0.0
2025-12,Helados individuales,False,140.05,140.05,False,,140.21,False,,0.0
2026-01,Helados individuales,False,140.58,140.58,False,,140.05,False,,0.0
2026-02,Helados individuales,False,140.9,140.9,False,,140.58,False,,0.0
2026-03,Helados individuales,False,141.67,141.67,False,,140.9,False,,0.0
2026-04,Helados individuales,False,141.86,141.86,False,,141.67,False,,0.0
2026-05,Helados individuales,False,141.25,141.25,False,,141.86,False,,0.0
2026-06,Helados individuales,False,142.29,142.29,False,,141.25,False,,0.0
2026-07,Helados individuales,False,143.17,143.17,False,,142.29,False,,0.0
2026-08,Helados individuales,False,144.91,144.91,False,,143.17,False,,0.0
2019-01,Caramelos y chicles,False,117.98,117.98,False,,118.11,False,,0.0
2019-02,Caramelos y chicles,False,117.75,117.75,False,,117.98,False,,0.0
2019-03,Caramelos y chicles,False,118.59,118.59,False,,117.75,False,,0.0
2019-04,Caramelos y chicles,False,119.07,119.07,False,,118.59,False,,0.0
2019-05,Caramelos y chicles,False,119.14,119.14,False,,119.07,False,,0.0
2019-06,Caramelos y chicles,False,119.6,119.6,False,,119.14,False,,0.0
2019-07,Caramelos y chicles,False,119.86,119.86,False,,119.6,False,,0.0
2019-08,Caramelos y chicles,False,120.53,120.53,False,,119.86,False,,0.0
2019-09,Caramelos y chicles,False,120.56,120.56,False,,120.53,False,,0.0
2019-10,Caramelos y chicles,False,121.46,121.46,False,,120.56,False,,0.0
2019-11,Caramelos y chicles,False,122.66,122.66,False,,121.46,False,,0.0
2019-12,Caramelos y chicles,False,122.3,122.3,False,,122.66,False,,0.0
2020-01,Caramelos y chicles,False,123.35,123.35,False,,122.3,False,,0.0
2020-02,Caramelos y chicles,False,124.22,124.22,False,,123.35,False,,0.0
2020-03,Caramelos y chicles,False,125.04,125.04,False,,124.22,False,,0.0
2020-04,Caramelos y chicles,False,125.99,125.99,False,,125.04,False,,0.0
2020-05,Caramelos y chicles,False,125.94,125.94,False,,125.99,False,,0.0
2020-06,Caramelos y chicles,False,126.27,126.27,False,,125.94,False,,0.0
2020-07,Caramelos y chicles,False,126.82,126.82,False,,126.27,False,,0.0
2020-08,Caramelos y chicles,False,127.06,127.06,False,,126.82,False,,0.0
2020-09,Caramelos y chicles,False,128.9,128.9,False,,127.06,False,,0.0
2020-10,Caramelos y chicles,False,129.86,129.86,False,,128.9,False,,0.0
2020-11,Caramelos y chicles,False,130.04,130.04,False,,129.86,False,,0.0
2020-12,Caramelos y chicles,False,130.34,130.34,False,,130.04,False,,0.0
2021-01,Caramelos y chicles,False,131.82,131.82,False,,130.34,False,,0.0
2021-02,Caramelos y chicles,False,131.31,131.31,False,,131.82,False,,0.0
2021-03,Caramelos y chicles,False,130.96,130.96,False,,131.31,False,,0.0
2021-04,Caramelos y chicles,False,131.87,131.87,False,,130.96,False,,0.0
2021-05,Caramelos y chicles,False,131.67,131.67,False,,131.87,False,,0.0
2021-06,Caramelos y chicles,False,131.74,131.74,False,,131.67,False,,0.0
2021-07,Caramelos y chicles,False,133.08,133.08,False,,131.74,False,,0.0
2021-08,Caramelos y chicles,False,133.71,133.71,False,,133.08,False,,0.0
2021-09,Caramelos y chicles,False,136.15,136.15,False,,133.71,False,,0.0
2021-10,Caramelos y chicles,False,137.54,137.54,False,,136.15,False,,0.0
2021-11,Caramelos y chicles,False,137.91,137.91,False,,137.54,False,,0.0
2021-12,Caramelos y chicles,False,138.91,138.91,False,,137.91,False,,0.0
2022-01,Caramelos y chicles,False,141.11,141.11,False,,138.91,False,,0.0
2022-02,Caramelos y chicles,False,143.17,143.17,False,,141.11,False,,0.0
2022-03,Caramelos y chicles,False,147.99,147.99,False,,143.17,False,,0.0
2022-04,Caramelos y chicles,False,151.28,151.28,False,,147.99,False,,0.0
2022-05,Caramelos y chicles,False,153.98,153.98,False,,151.28,False,,0.0
2022-06,Caramelos y chicles,False,156.03,156.03,False,,153.98,False,,0.0
2022-07,Caramelos y chicles,False,158.68,158.68,False,,156.03,False,,0.0
2022-08,Caramelos y chicles,False,161.71,161.71,False,,158.68,False,,0.0
2022-09,Caramelos y chicles,False,164.81,164.81,False,,161.71,False,,0.0
2022-10,Caramelos y chicles,False,166.16,166.16,False,,164.81,False,,0.0
2022-11,Caramelos y chicles,False,168.77,168.77,False,,166.16,False,,0.0
2022-12,Caramelos y chicles,False,170.49,170.49,False,,168.77,False,,0.0
2023-01,Caramelos y chicles,False,172.22,172.22,False,,170.49,False,,0.0
2023-02,Caramelos y chicles,False,172.29,172.29,False,,172.22,False,,0.0
2023-03,Caramelos y chicles,False,173.09,173.09,False,,172.29,False,,0.0
2023-04,Caramelos y chicles,False,173.29,173.29,False,,173.09,False,,0.0
2023-05,Caramelos y chicles,False,173.63,173.63,False,,173.29,False,,0.0
2023-06,Caramelos y chicles,False,174.28,174.28,False,,173.63,False,,0.0
2023-07,Caramelos y chicles,False,176.11,176.11,False,,174.28,False,,0.0
2023-08,Caramelos y chicles,False,176.75,176.75,False,,176.11,False,,0.0
2023-09,Caramelos y chicles,False,178.39,178.39,False,,176.75,False,,0.0
2023-10,Caramelos y chicles,False,179.79,179.79,False,,178.39,False,,0.0
2023-11,Caramelos y chicles,False,181.29,181.29,False,,179.79,False,,0.0
2023-12,Caramelos y chicles,False,180.52,180.52,False,,181.29,False,,0.0
2024-01,Caramelos y chicles,False,182.1,182.1,False,,180.52,False,,0.0
2024-02,Caramelos y chicles,False,182.79,182.79,False,,182.1,False,,0.0
2024-03,Caramelos y chicles,False,181.75,181.75,False,,182.79,False,,0.0
2024-04,Caramelos y chicles,False,183.08,183.08,False,,181.75,False,,0.0
2024-05,Caramelos y chicles,False,183.38,183.38,False,,183.08,False,,0.0
2024-06,Caramelos y chicles,False,185.52,185.52,False,,183.38,False,,0.0
2024-07,Caramelos y chicles,False,185.79,185.79,False,,185.52,False,,0.0
2024-08,Caramelos y chicles,False,186.76,186.76,False,,185.79,False,,0.0
2024-09,Caramelos y chicles,False,186.2,186.2,False,,186.76,False,,0.0
2024-10,Caramelos y chicles,False,189.68,189.68,False,,186.2,False,,0.0
2024-11,Caramelos y chicles,False,189.51,189.51,False,,189.68,False,,0.0
2024-12,Caramelos y chicles,False,188.47,188.47,False,,189.51,False,,0.0
2025-01,Caramelos y chicles,False,189.32,189.32,False,,188.47,False,,0.0
2025-02,Caramelos y chicles,False,189.79,189.79,False,,189.32,False,,0.0
2025-03,Caramelos y chicles,False,191.76,191.76,False,,189.79,False,,0.0
2025-04,Caramelos y chicles,False,191.96,191.96,False,,191.76,False,,0.0
2025-05,Caramelos y chicles,False,192.53,192.53,False,,191.96,False,,0.0
2025-06,Caramelos y chicles,False,191.44,191.44,False,,192.53,False,,0.0
2025-07,Caramelos y chicles,False,192.88,192.88,False,,191.44,False,,0.0
2025-08,Caramelos y chicles,False,194.43,194.43,False,,192.88,False,,0.0
2025-09,Caramelos y chicles,False,196.05,196.05,False,,194.43,False,,0.0
2025-10,Caramelos y chicles,False,196.97,196.97,False,,196.05,False,,0.0
2025-11,Caramelos y chicles,False,197.63,197.63,False,,196.97,False,,0.0
2025-12,Caramelos y chicles,False,197.41,197.41,False,,197.63,False,,0.0
2026-01,Caramelos y chicles,False,198.15,198.15,False,,197.41,False,,0.0
2026-02,Caramelos y chicles,False,198.6,198.6,False,,198.15,False,,0.0
2026-03,Caramelos y chicles,False,199.68,199.68,False,,198.6,False,,0.0
2026-04,Caramelos y chicles,False,199.96,199.96,False,,199.68,False,,0.0
2026-05,Caramelos y chicles,False,199.1,199.1,False,,199.96,False,,0.0
2026-06,Caramelos y chicles,False,200.56,200.56,False,,199.1,False,,0.0
2026-07,Caramelos y chicles,False,201.81,201.81,False,,200.56,False,,0.0
2026-08,Caramelos y chicles,False,204.25,204.25,False,,201.81,False,,0.0
2019-01,Ensaladas preparadas frescas,False,271.05,271.05,False,,271.33,False,,0.0
2019-02,Ensaladas preparadas frescas,False,270.51,270.51,False,,271.05,False,,0.0
2019-03,Ensaladas preparadas frescas,False,272.45,272.45,False,,270.51,False,,0.0
2019-04,Ensaladas preparadas frescas,False,273.54,273.54,False,,272.45,False,,0.0
2019-05,Ensaladas preparadas frescas,False,273.7,273.7,False,,273.54,False,,0.0
2019-06,Ensaladas preparadas frescas,False,274.76,274.76,False,,273.7,False,,0.0
2019-07,Ensaladas preparadas frescas,False,275.36,275.36,False,,274.76,False,,0.0
2019-08,Ensaladas preparadas frescas,False,276.9,276.9,False,,275.36,False,,0.0
2019-09,Ensaladas preparadas frescas,False,276.97,276.97,False,,276.9,False,,0.0
2019-10,Ensaladas preparadas frescas,False,279.02,279.02,False,,276.97,False,,0.0
2019-11,Ensaladas preparadas frescas,False,281.8,281.8,False,,279.02,False,,0.0
2019-12,Ensaladas preparadas frescas,False,280.95,280.95,False,,281.8,False,,0.0
2020-01,Ensaladas preparadas frescas,False,283.37,283.37,False,,280.95,False,,0.0
2020-02,Ensaladas preparadas frescas,False,285.38,285.38,False,,283.37,False,,0.0
2020-03,Ensaladas preparadas frescas,False,287.25,287.25,False,,285.38,False,,0.0
2020-04,Ensaladas preparadas frescas,False,289.43,289.43,False,,287.25,False,,0.0
2020-05,Ensaladas preparadas frescas,False,289.33,289.33,False,,289.43,False,,0.0
2020-06,Ensaladas preparadas frescas,False,290.08,290.08,False,,289.33,False,,0.0
2020-07,Ensaladas preparadas frescas,False,291.35,291.35,False,,290.08,False,,0.0
2020-08,Ensaladas preparadas frescas,False,291.89,291.89,False,,291.35,False,,0.0
2020-09,Ensaladas preparadas frescas,False,296.13,296.13,False,,291.89,False,,0.0
2020-10,Ensaladas preparadas frescas,False,298.32,298.32,False,,296.13,False,,0.0
2020-11,Ensaladas preparadas frescas,False,298.74,298.74,False,,298.32,False,,0.0
2020-12,Ensaladas preparadas frescas,False,299.43,299.43,False,,298.74,False,,0.0
2021-01,Ensaladas preparadas frescas,False,302.83,302.83,False,,299.43,False,,0.0
2021-02,Ensaladas preparadas frescas,False,301.67,301.67,False,,302.83,False,,0.0
2021-03,Ensaladas preparadas frescas,False,300.85,300.85,False,,301.67,False,,0.0
2021-04,Ensaladas preparadas frescas,False,302.96,302.96,False,,300.85,False,,0.0
2021-05,Ensaladas preparadas frescas,False,302.48,302.48,False,,302.96,False,,0.0
2021-06,Ensaladas preparadas frescas,False,302.64,302.64,False,,302.48,False,,0.0
2021-07,Ensaladas preparadas frescas,False,305.72,305.72,False,,302.64,False,,0.0
2021-08,Ensaladas preparadas frescas,False,307.17,307.17,False,,305.72,False,,0.0
2021-09,Ensaladas preparadas frescas,False,312.77,312.77,False,,307.17,False,,0.0
2021-10,Ensaladas preparadas frescas,False,315.96,315.96,False,,312.77,False,,0.0
2021-11,Ensaladas preparadas frescas,False,316.81,316.81,False,,315.96,False,,0.0
2021-12,Ensaladas preparadas frescas,False,319.12,319.12,False,,316.81,False,,0.0
2022-01,Ensaladas preparadas frescas,False,324.18,324.18,False,,319.12,False,,0.0
2022-02,Ensaladas preparadas frescas,False,328.9,328.9,False,,324.18,False,,0.0
2022-03,Ensaladas preparadas frescas,False,339.98,339.98,False,,328.9,False,,0.0
2022-04,Ensaladas preparadas frescas,False,347.55,347.55,False,,339.98,False,,0.0
2022-05,Ensaladas preparadas frescas,False,353.74,353.74,False,,347.55,False,,0.0
2022-06,Ensaladas preparadas frescas,False,358.46,358.46,False,,353.74,False,,0.0
2022-07,Ensaladas preparadas frescas,False,364.54,364.54,False,,358.46,False,,0.0
2022-08,Ensaladas preparadas frescas,False,371.49,371.49,False,,364.54,False,,0.0
2022-09,Ensaladas preparadas frescas,False,378.62,378.62,False,,371.49,False,,0.0
2022-10,Ensaladas preparadas frescas,False,381.72,381.72,False,,378.62,False,,0.0
2022-11,Ensaladas preparadas frescas,False,387.71,387.71,False,,381.72,False,,0.0
2022-12,Ensaladas preparadas frescas,False,391.66,391.66,False,,387.71,False,,0.0
2023-01,Ensaladas preparadas frescas,False,395.65,395.65,False,,391.66,False,,0.0
2023-02,Ensaladas preparadas frescas,False,395.81,395.81,False,,395.65,False,,0.0
2023-03,Ensaladas preparadas frescas,False,397.63,397.63,False,,395.81,False,,0.0
2023-04,Ensaladas preparadas frescas,False,398.09,398.09,False,,397.63,False,,0.0
2023-05,Ensaladas preparadas frescas,False,398.89,398.89,False,,398.09,False,,0.0
2023-06,Ensaladas preparadas frescas,False,400.38,400.38,False,,398.89,False,,0.0
2023-07,Ensaladas preparadas frescas,False,404.59,404.59,False,,400.38,False,,0.0
2023-08,Ensaladas preparadas frescas,False,406.04,406.04,False,,404.59,False,,0.0
2023-09,Ensaladas preparadas frescas,False,409.82,409.82,False,,406.04,False,,0.0
2023-10,Ensaladas preparadas frescas,False,413.02,413.02,False,,409.82,False,,0.0
2023-11,Ensaladas preparadas frescas,False,416.49,416.49,False,,413.02,False,,0.0
2023-12,Ensaladas preparadas frescas,False,414.71,414.71,False,,416.49,False,,0.0
2024-01,Ensaladas preparadas frescas,False,418.33,418.33,False,,414.71,False,,0.0
2024-02,Ensaladas preparadas frescas,False,419.92,419.92,False,,418.33,False,,0.0
2024-03,Ensaladas preparadas frescas,False,417.54,417.54,False,,419.92,False,,0.0
2024-04,Ensaladas preparadas frescas,False,420.58,420.58,False,,417.54,False,,0.0
2024-05,Ensaladas preparadas frescas,False,421.28,421.28,False,,420.58,False,,0.0
2024-06,Ensaladas preparadas frescas,False,426.19,426.19,False,,421.28,False,,0.0
2024-07,Ensaladas preparadas frescas,False,426.81,426.81,False,,426.19,False,,0.0
2024-08,Ensaladas preparadas frescas,False,429.05,429.05,False,,426.81,False,,0.0
2024-09,Ensaladas preparadas frescas,False,427.75,427.75,False,,429.05,False,,0.0
2024-10,Ensaladas preparadas frescas,False,435.75,435.75,False,,427.75,False,,0.0
2024-11,Ensaladas preparadas frescas,False,435.37,435.37,False,,435.75,False,,0.0
2024-12,Ensaladas preparadas frescas,False,432.98,432.98,False,,435.37,False,,0.0
2025-01,Ensaladas preparadas frescas,False,434.93,434.93,False,,432.98,False,,0.0
2025-02,Ensaladas preparadas frescas,False,436.0,436.0,False,,434.93,False,,0.0
2025-03,Ensaladas preparadas frescas,False,440.53,440.53,False,,436.0,False,,0.0
2025-04,Ensaladas preparadas frescas,False,440.99,440.99,False,,440.53,False,,0.0
2025-05,Ensaladas preparadas frescas,False,442.29,442.29,False,,440.99,False,,0.0
2025-06,Ensaladas preparadas frescas,False,439.79,439.79,False,,442.29,False,,0.0
2025-07,Ensaladas preparadas frescas,False,443.1,443.1,False,,439.79,False,,0.0
2025-08,Ensaladas preparadas frescas,False,446.67,446.67,False,,443.1,False,,0.0
2025-09,Ensaladas preparadas frescas,False,450.38,450.38,False,,446.67,False,,0.0
2025-10,Ensaladas preparadas frescas,False,452.5,452.5,False,,450.38,False,,0.0
2025-11,Ensaladas preparadas frescas,False,454.02,454.02,False,,452.5,False,,0.0
2025-12,Ensaladas preparadas frescas,False,453.51,453.51,False,,454.02,False,,0.0
2026-01,Ensaladas preparadas frescas,False,455.22,455.22,False,,453.51,False,,0.0
2026-02,Ensaladas preparadas frescas,False,456.23,456.23,False,,455.22,False,,0.0
2026-03,Ensaladas preparadas frescas,False,458.73,458.73,False,,456.23,False,,0.0
2026-04,Ensaladas preparadas frescas,False,459.36,459.36,False,,458.73,False,,0.0
2026-05,Ensaladas preparadas frescas,False,457.38,457.38,False,,459.36,False,,0.0
2026-06,Ensaladas preparadas frescas,False,460.75,460.75,False,,457.38,False,,0.0
2026-07,Ensaladas preparadas frescas,False,463.61,463.61,False,,460.75,False,,0.0
2026-08,Ensaladas preparadas frescas,False,469.23,469.23,False,,463.61,False,,0.0
2019-01,"Sándwiches, completos, pizzas, empanadas y masas saladas con relleno listos para su consumo",False,227.2,227.2,False,,227.44,False,,0.0
2019-02,"Sándwiches, completos, pizzas, empanadas y masas saladas con relleno listos para su consumo",False,226.75,226.75,False,,227.2,False,,0.0
2019-03,"Sándwiches, completos, pizzas, empanadas y masas saladas con relleno listos para su consumo",False,228.38,228.38,False,,226.75,False,,0.0
2019-04,"Sándwiches, completos, pizzas, empanadas y masas saladas con relleno listos para su consumo",False,229.29,229.29,False,,228.38,False,,0.0
2019-05,"Sándwiches, completos, pizzas, empanadas y masas saladas con relleno listos para su consumo",False,229.42,229.42,False,,229.29,False,,0.0
2019-06,"Sándwiches, completos, pizzas, empanadas y masas saladas con relleno listos para su consumo",False,230.32,230.32,False,,229.42,False,,0.0
2019-07,"Sándwiches, completos, pizzas, empanadas y masas saladas con relleno listos para su consumo",False,230.82,230.82,False,,230.32,False,,0.0
2019-08,"Sándwiches, completos, pizzas, empanadas y masas saladas con relleno listos para su consumo",False,232.11,232.11,False,,230.82,False,,0.0
2019-09,"Sándwiches, completos, pizzas, empanadas y masas saladas con relleno listos para su consumo",False,232.16,232.16,False,,232.11,False,,0.0
2019-10,"Sándwiches, completos, pizzas, empanadas y masas saladas con relleno listos para su consumo",False,233.89,233.89,False,,232.16,False,,0.0
2019-11,"Sándwiches, completos, pizzas, empanadas y masas saladas con relleno listos para su consumo",False,236.21,236.21,False,,233.89,False,,0.0
2019-12,"Sándwiches, completos, pizzas, empanadas y masas saladas con relleno listos para su consumo",False,235.5,235.5,False,,236.21,False,,0.0
2020-01,"Sándwiches, completos, pizzas, empanadas y masas saladas con relleno listos para su consumo",False,237.53,237.53,False,,235.5,False,,0.0
2020-02,"Sándwiches, completos, pizzas, empanadas y masas saladas con relleno listos para su consumo",False,239.21,239.21,False,,237.53,False,,0.0
2020-03,"Sándwiches, completos, pizzas, empanadas y masas saladas con relleno listos para su consumo",False,240.78,240.78,False,,239.21,False,,0.0
2020-04,"Sándwiches, completos, pizzas, empanadas y masas saladas con relleno listos para su consumo",False,242.61,242.61,False,,240.78,False,,0.0
2020-05,"Sándwiches, completos, pizzas, empanadas y masas saladas con relleno listos para su consumo",False,242.53,242.53,False,,242.61,False,,0.0
2020-06,"Sándwiches, completos, pizzas, empanadas y masas saladas con relleno listos para su consumo",False,243.16,243.16,False,,242.53,False,,0.0
2020-07,"Sándwiches, completos, pizzas, empanadas y masas saladas con relleno listos para su consumo",False,244.22,244.22,False,,243.16,False,,0.0
2020-08,"Sándwiches, completos, pizzas, empanadas y masas saladas con relleno listos para su consumo",False,244.67,244.67,False,,244.22,False,,0.0
2020-09,"Sándwiches, completos, pizzas, empanadas y masas saladas con relleno listos para su consumo",False,248.23,248.23,False,,244.67,False,,0.0
2020-10,"Sándwiches, completos, pizzas, empanadas y masas saladas con relleno listos para su consumo",False,250.06,250.06,False,,248.23,False,,0.0
2020-11,"Sándwiches, completos, pizzas, empanadas y masas saladas con relleno listos para su consumo",False,250.41,250.41,False,,250.06,False,,0.0
2020-12,"Sándwiches, completos, pizzas, empanadas y masas saladas con relleno listos para su consumo",False,251.0,251.0,False,,250.41,False,,0.0
2021-01,"Sándwiches, completos, pizzas, empanadas y masas saladas con relleno listos para su consumo",False,253.84,253.84,False,,251.0,False,,0.0
2021-02,"Sándwiches, completos, pizzas, empanadas y masas saladas con relleno listos para su consumo",False,252.87,252.87,False,,253.84,False,,0.0
2021-03,"Sándwiches, completos, pizzas, empanadas y masas saladas con relleno listos para su consumo",False,252.19,252.19,False,,252.87,False,,0.0
2021-04,"Sándwiches, completos, pizzas, empanadas y masas saladas con relleno listos para su consumo",False,253.95,253.95,False,,252.19,False,,0.0
2021-05,"Sándwiches, completos, pizzas, empanadas y masas saladas con relleno listos para su consumo",False,253.55,253.55,False,,253.95,False,,0.0
2021-06,"Sándwiches, completos, pizzas, empanadas y masas saladas con relleno listos para su consumo",False,253.68,253.68,False,,253.55,False,,0.0
2021-07,"Sándwiches, completos, pizzas, empanadas y masas saladas con relleno listos para su consumo",False,256.27,256.27,False,,253.68,False,,0.0
2021-08,"Sándwiches, completos, pizzas, empanadas y masas saladas con relleno listos para su consumo",False,257.48,257.48,False,,256.27,False,,0.0
2021-09,"Sándwiches, completos, pizzas, empanadas y masas saladas con relleno listos para su consumo",False,262.17,262.17,False,,257.48,False,,0.0
2021-10,"Sándwiches, completos, pizzas, empanadas y masas saladas con relleno listos para su consumo",False,264.85,264.85,False,,262.17,False,,0.0
2021-11,"Sándwiches, completos, pizzas, empanadas y masas saladas con relleno listos para su consumo",False,265.56,265.56,False,,264.85,False,,0.0
2021-12,"Sándwiches, completos, pizzas, empanadas y masas saladas con relleno listos para su consumo",False,267.5,267.5,False,,265.56,False,,0.0
2022-01,"Sándwiches, completos, pizzas, empanadas y masas saladas con relleno listos para su consumo",False,271.74,271.74,False,,267.5,False,,0.0
2022-02,"Sándwiches, completos, pizzas, empanadas y masas saladas con relleno listos para su consumo",False,275.7,275.7,False,,271.74,False,,0.0
2022-03,"Sándwiches, completos, pizzas, empanadas y masas saladas con relleno listos para su consumo",False,284.99,284.99,False,,275.7,False,,0.0
2022-04,"Sándwiches, completos, pizzas, empanadas y masas saladas con relleno listos para su consumo",False,291.32,291.32,False,,284.99,False,,0.0
2022-05,"Sándwiches, completos, pizzas, empanadas y masas saladas con relleno listos para su consumo",False,296.52,296.52,False,,291.32,False,,0.0
2022-06,"Sándwiches, completos, pizzas, empanadas y masas saladas con relleno listos para su consumo",False,300.47,300.47,False,,296.52,False,,0.0
2022-07,"Sándwiches, completos, pizzas, empanadas y masas saladas con relleno listos para su consumo",False,305.57,305.57,False,,300.47,False,,0.0
2022-08,"Sándwiches, completos, pizzas, empanadas y masas saladas con relleno listos para su consumo",False,311.39,311.39,False,,305.57,False,,0.0
2022-09,"Sándwiches, completos, pizzas, empanadas y masas saladas con relleno listos para su consumo",False,317.37,317.37,False,,311.39,False,,0.0
2022-10,"Sándwiches, completos, pizzas, empanadas y masas saladas con relleno listos para su consumo",False,319.97,319.97,False,,317.37,False,,0.0
2022-11,"Sándwiches, completos, pizzas, empanadas y masas saladas con relleno listos para su consumo",False,324.99,324.99,False,,319.97,False,,0.0
2022-12,"Sándwiches, completos, pizzas, empanadas y masas saladas con relleno listos para su consumo",False,328.3,328.3,False,,324.99,False,,0.0
2023-01,"Sándwiches, completos, pizzas, empanadas y masas saladas con relleno listos para su consumo",False,331.64,331.64,False,,328.3,False,,0.0
2023-02,"Sándwiches, completos, pizzas, empanadas y masas saladas con relleno listos para su consumo",False,331.78,331.78,False,,331.64,False,,0.0
2023-03,"Sándwiches, completos, pizzas, empanadas y masas saladas con relleno listos para su consumo",False,333.31,333.31,False,,331.78,False,,0.0
2023-04,"Sándwiches, completos, pizzas, empanadas y masas saladas con relleno listos para su consumo",False,333.69,333.69,False,,333.31,False,,0.0
2023-05,"Sándwiches, completos, pizzas, empanadas y masas saladas con relleno listos para su consumo",False,334.36,334.36,False,,333.69,False,,0.0
2023-06,"Sándwiches, completos, pizzas, empanadas y masas saladas con relleno listos para su consumo",False,335.61,335.61,False,,334.36,False,,0.0
2023-07,"Sándwiches, completos, pizzas, empanadas y masas saladas con relleno listos para su consumo",False,339.14,339.14,False,,335.61,False,,0.0
2023-08,"Sándwiches, completos, pizzas, empanadas y masas saladas con relleno listos para su consumo",False,340.36,340.36,False,,339.14,False,,0.0
2023-09,"Sándwiches, completos, pizzas, empanadas y masas saladas con relleno listos para su consumo",False,343.53,343.53,False,,340.36,False,,0.0
2023-10,"Sándwiches, completos, pizzas, empanadas y masas saladas con relleno listos para su consumo",False,346.21,346.21,False,,343.53,False,,0.0
2023-11,"Sándwiches, completos, pizzas, empanadas y masas saladas con relleno listos para su consumo",False,349.11,349.11,False,,346.21,False,,0.0
2023-12,"Sándwiches, completos, pizzas, empanadas y masas saladas con relleno listos para su consumo",False,347.62,347.62,False,,349.11,False,,0.0
2024-01,"Sándwiches, completos, pizzas, empanadas y masas saladas con relleno listos para su consumo",False,350.66,350.66,False,,347.62,False,,0.0
2024-02,"Sándwiches, completos, pizzas, empanadas y masas saladas con relleno listos para su consumo",False,351.99,351.99,False,,350.66,False,,0.0
2024-03,"Sándwiches, completos, pizzas, empanadas y masas saladas con relleno listos para su consumo",False,350.0,350.0,False,,351.99,False,,0.0
2024-04,"Sándwiches, completos, pizzas, empanadas y masas saladas con relleno listos para su consumo",False,352.54,352.54,False,,350.0,False,,0.0
2024-05,"Sándwiches, completos, pizzas, empanadas y masas saladas con relleno listos para su consumo",False,353.13,353.13,False,,352.54,False,,0.0
2024-06,"Sándwiches, completos, pizzas, empanadas y masas saladas con relleno listos para su consumo",False,357.25,357.25,False,,353.13,False,,0.0
2024-07,"Sándwiches, completos, pizzas, empanadas y masas saladas con relleno listos para su consumo",False,357.76,357.76,False,,357.25,False,,0.0
2024-08,"Sándwiches, completos, pizzas, empanadas y masas saladas con relleno listos para su consumo",False,359.64,359.64,False,,357.76,False,,0.0
2024-09,"Sándwiches, completos, pizzas, empanadas y masas saladas con relleno listos para su consumo",False,358.56,358.56,False,,359.64,False,,0.0
2024-10,"Sándwiches, completos, pizzas, empanadas y masas saladas con relleno listos para su consumo",False,365.26,365.26,False,,358.56,False,,0.0
2024-11,"Sándwiches, completos, pizzas, empanadas y masas saladas con relleno listos para su consumo",False,364.94,364.94,False,,365.26,False,,0.0
2024-12,"Sándwiches, completos, pizzas, empanadas y masas saladas con relleno listos para su consumo",False,362.94,362.94,False,,364.94,False,,0.0
2025-01,"Sándwiches, completos, pizzas, empanadas y masas saladas con relleno listos para su consumo",False,364.57,364.57,False,,362.94,False,,0.0
2025-02,"Sándwiches, completos, pizzas, empanadas y masas saladas con relleno listos para su consumo",False,365.47,365.47,False,,364.57,False,,0.0
2025-03,"Sándwiches, completos, pizzas, empanadas y masas saladas con relleno listos para su consumo",False,369.27,369.27,False,,365.47,False,,0.0
2025-04,"Sándwiches, completos, pizzas, empanadas y masas saladas con relleno listos para su consumo",False,369.65,369.65,False,,369.27,False,,0.0
2025-05,"Sándwiches, completos, pizzas, empanadas y masas saladas con relleno listos para su consumo",False,370.74,370.74,False,,369.65,False,,0.0
2025-06,"Sándwiches, completos, pizzas, empanadas y masas saladas con relleno listos para su consumo",False,368.64,368.64,False,,370.74,False,,0.0
2025-07,"Sándwiches, completos, pizzas, empanadas y masas saladas con relleno listos para su consumo",False,371.42,371.42,False,,368.64,False,,0.0
2025-08,"Sándwiches, completos, pizzas, empanadas y masas saladas con relleno listos para su consumo",False,374.42,374.42,False,,371.42,False,,0.0
2025-09,"Sándwiches, completos, pizzas, empanadas y masas saladas con relleno listos para su consumo",False,377.53,377.53,False,,374.42,False,,0.0
2025-10,"Sándwiches, completos, pizzas, empanadas y masas saladas con relleno listos para su consumo",False,379.3,379.3,False,,377.53,False,,0.0
2025-11,"Sándwiches, completos, pizzas, empanadas y masas saladas con relleno listos para su consumo",False,380.57,380.57,False,,379.3,False,,0.0
2025-12,"Sándwiches, completos, pizzas, empanadas y masas saladas con relleno listos para su consumo",False,380.14,380.14,False,,380.57,False,,0.0
2026-01,"Sándwiches, completos, pizzas, empanadas y masas saladas con relleno listos para su consumo",False,381.58,381.58,False,,380.14,False,,0.0
2026-02,"Sándwiches, completos, pizzas, empanadas y masas saladas con relleno listos para su consumo",False,382.43,382.43,False,,381.58,False,,0.0
2026-03,"Sándwiches, completos, pizzas, empanadas y masas saladas con relleno listos para su consumo",False,384.53,384.53,False,,382.43,False,,0.0
2026-04,"Sándwiches, completos, pizzas, empanadas y masas saladas con relleno listos para su consumo",False,385.05,385.05,False,,384.53,False,,0.0
2026-05,"Sándwiches, completos, pizzas, empanadas y masas saladas con relleno listos para su consumo",False,383.39,383.39,False,,385.05,False,,0.0
2026-06,"Sándwiches, completos, pizzas, empanadas y masas saladas con relleno listos para su consumo",False,386.22,386.22,False,,383.39,False,,0.0
2026-07,"Sándwiches, completos, pizzas, empanadas y masas saladas con relleno listos para su consumo",False,388.61,388.61,False,,386.22,False,,0.0
2026-08,"Sándwiches, completos, pizzas, empanadas y masas saladas con relleno listos para su consumo",False,393.33,393.33,False,,388.61,False,,0.0
2019-01,Sal,False,78.13,78.13,False,,78.21,False,,0.0
2019-02,Sal,False,77.97,77.97,False,,78.13,False,,0.0
2019-03,Sal,False,78.53,78.53,False,,77.97,False,,0.0
2019-04,Sal,False,78.84,78.84,False,,78.53,False,,0.0
2019-05,Sal,False,78.89,78.89,False,,78.84,False,,0.0
2019-06,Sal,False,79.2,79.2,False,,78.89,False,,0.0
2019-07,Sal,False,79.37,79.37,False,,79.2,False,,0.0
2019-08,Sal,False,79.81,79.81,False,,79.37,False,,0.0
2019-09,Sal,False,79.83,79.83,False,,79.81,False,,0.0
2019-10,Sal,False,80.42,80.42,False,,79.83,False,,0.0
2019-11,Sal,False,81.22,81.22,False,,80.42,False,,0.0
2019-12,Sal,False,80.98,80.98,False,,81.22,False,,0.0
2020-01,Sal,False,81.68,81.68,False,,80.98,False,,0.0
2020-02,Sal,False,82.26,82.26,False,,81.68,False,,0.0
2020-03,Sal,False,82.79,82.79,False,,82.26,False,,0.0
2020-04,Sal,False,83.42,83.42,False,,82.79,False,,0.0
2020-05,Sal,False,83.4,83.4,False,,83.42,False,,0.0
2020-06,Sal,False,83.61,83.61,False,,83.4,False,,0.0
2020-07,Sal,False,83.98,83.98,False,,83.61,False,,0.0
2020-08,Sal,False,84.13,84.13,False,,83.98,False,,0.0
2020-09,Sal,False,85.36,85.36,False,,84.13,False,,0.0
2020-10,Sal,False,85.99,85.99,False,,85.36,False,,0.0
2020-11,Sal,False,86.11,86.11,False,,85.99,False,,0.0
2020-12,Sal,False,86.31,86.31,False,,86.11,False,,0.0
2021-01,Sal,False,87.29,87.29,False,,86.31,False,,0.0
2021-02,Sal,False,86.95,86.95,False,,87.29,False,,0.0
2021-03,Sal,False,86.72,86.72,False,,86.95,False,,0.0
2021-04,Sal,False,87.32,87.32,False,,86.72,False,,0.0
2021-05,Sal,False,87.18,87.18,False,,87.32,False,,0.0
2021-06,Sal,False,87.23,87.23,False,,87.18,False,,0.0
2021-07,Sal,False,88.12,88.12,False,,87.23,False,,0.0
2021-08,Sal,False,88.54,88.54,False,,88.12,False,,0.0
2021-09,Sal,False,90.15,90.15,False,,88.54,False,,0.0
2021-10,Sal,False,91.07,91.07,False,,90.15,False,,0.0
2021-11,Sal,False,91.32,91.32,False,,91.07,False,,0.0
2021-12,Sal,False,91.98,91.98,False,,91.32,False,,0.0
2022-01,Sal,False,93.44,93.44,False,,91.98,False,,0.0
2022-02,Sal,False,94.8,94.8,False,,93.44,False,,0.0
2022-03,Sal,False,98.0,98.0,False,,94.8,False,,0.0
2022-04,Sal,False,100.17,100.17,False,,98.0,False,,0.0
2022-05,Sal,False,101.96,101.96,False,,100.17,False,,0.0
2022-06,Sal,False,103.32,103.32,False,,101.96,False,,0.0
2022-07,Sal,False,105.07,105.07,False,,103.32,False,,0.0
2022-08,Sal,False,107.08,107.08,False,,105.07,False,,0.0
2022-09,Sal,False,109.13,109.13,False,,107.08,False,,0.0
2022-10,Sal,False,110.03,110.03,False,,109.13,False,,0.0
2022-11,Sal,False,111.75,111.75,False,,110.03,False,,0.0
2022-12,Sal,False,112.89,112.89,False,,111.75,False,,0.0
2023-01,Sal,False,114.04,114.04,False,,112.89,False,,0.0
2023-02,Sal,False,114.09,114.09,False,,114.04,False,,0.0
2023-03,Sal,False,114.61,114.61,False,,114.09,False,,0.0
2023-04,Sal,False,114.74,114.74,False,,114.61,False,,0.0
2023-05,Sal,False,114.97,114.97,False,,114.74,False,,0.0
2023-06,Sal,False,115.4,115.4,False,,114.97,False,,0.0
2023-07,Sal,False,116.62,116.62,False,,115.4,False,,0.0
2023-08,Sal,False,117.04,117.04,False,,116.62,False,,0.0
2023-09,Sal,False,118.13,118.13,False,,117.04,False,,0.0
2023-10,Sal,False,119.05,119.05,False,,118.13,False,,0.0
2023-11,Sal,False,120.05,120.05,False,,119.05,False,,0.0
2023-12,Sal,False,119.53,119.53,False,,120.05,False,,0.0
2024-01,Sal,False,120.58,120.58,False,,119.53,False,,0.0
2024-02,Sal,False,121.03,121.03,False,,120.58,False,,0.0
2024-03,Sal,False,120.35,120.35,False,,121.03,False,,0.0
2024-04,Sal,False,121.23,121.23,False,,120.35,False,,0.0
2024-05,Sal,False,121.43,121.43,False,,121.23,False,,0.0
2024-06,Sal,False,122.84,122.84,False,,121.43,False,,0.0
2024-07,Sal,False,123.02,123.02,False,,122.84,False,,0.0
2024-08,Sal,False,123.67,123.67,False,,123.02,False,,0.0
2024-09,Sal,False,123.29,123.29,False,,123.67,False,,0.0
2024-10,Sal,False,125.6,125.6,False,,123.29,False,,0.0
2024-11,Sal,False,125.49,125.49,False,,125.6,False,,0.0
2024-12,Sal,False,124.8,124.8,False,,125.49,False,,0.0
2025-01,Sal,False,125.36,125.36,False,,124.8,False,,0.0
2025-02,Sal,False,125.67,125.67,False,,125.36,False,,0.0
2025-03,Sal,False,126.98,126.98,False,,125.67,False,,0.0
2025-04,Sal,False,127.11,127.11,False,,126.98,False,,0.0
2025-05,Sal,False,127.48,127.48,False,,127.11,False,,0.0
2025-06,Sal,False,126.76,126.76,False,,127.48,False,,0.0
2025-07,Sal,False,127.72,127.72,False,,126.76,False,,0.0
2025-08,Sal,False,128.75,128.75,False,,127.72,False,,0.0
2025-09,Sal,False,129.82,129.82,False,,128.75,False,,0.0
2025-10,Sal,False,130.43,130.43,False,,129.82,False,,0.0
2025-11,Sal,False,130.86,130.86,False,,130.43,False,,0.0
2025-12,Sal,False,130.72,130.72,False,,130.86,False,,0.0
2026-01,Sal,False,131.21,131.21,False,,130.72,False,,0.0
2026-02,Sal,False,131.5,131.5,False,,131.21,False,,0.0
2026-03,Sal,False,132.22,132.22,False,,131.5,False,,0.0
2026-04,Sal,False,132.4,132.4,False,,132.22,False,,0.0
2026-05,Sal,False,131.83,131.83,False,,132.4,False,,0.0
2026-06,Sal,False,132.8,132.8,False,,131.83,False,,0.0
2026-07,Sal,False,133.63,133.63,False,,132.8,False,,0.0
2026-08,Sal,False,135.25,135.25,False,,133.63,False,,0.0
2019-01,Salsas de tomate,False,375.48,375.48,False,,375.87,False,,0.0
2019-02,Salsas de tomate,False,374.74,374.74,False,,375.48,False,,0.0
2019-03,Salsas de tomate,False,377.42,377.42,False,,374.74,False,,0.0
2019-04,Salsas de tomate,False,378.93,378.93,False,,377.42,False,,0.0
2019-05,Salsas de tomate,False,379.15,379.15,False,,378.93,False,,0.0
2019-06,Salsas de tomate,False,380.63,380.63,False,,379.15,False,,0.0
2019-07,Salsas de tomate,False,381.46,381.46,False,,380.63,False,,0.0
2019-08,Salsas de tomate,False,383.59,383.59,False,,381.46,False,,0.0
2019-09,Salsas de tomate,False,383.68,383.68,False,,383.59,False,,0.0
2019-10,Salsas de tomate,False,386.53,386.53,False,,383.68,False,,0.0
2019-11,Salsas de tomate,False,390.37,390.37,False,,386.53,False,,0.0
2019-12,Salsas de tomate,False,389.2,389.2,False,,390.37,False,,0.0
2020-01,Salsas de tomate,False,392.55,392.55,False,,389.2,False,,0.0
2020-02,Salsas de tomate,False,395.33,395.33,False,,392.55,False,,0.0
2020-03,Salsas de tomate,False,397.92,397.92,False,,395.33,False,,0.0
2020-04,Salsas de tomate,False,400.94,400.94,False,,397.92,False,,0.0
2020-05,Salsas de tomate,False,400.81,400.81,False,,400.94,False,,0.0
2020-06,Salsas de tomate,False,401.85,401.85,False,,400.81,False,,0.0
2020-07,Salsas de tomate,False,403.6,403.6,False,,401.85,False,,0.0
2020-08,Salsas de tomate,False,404.35,404.35,False,,403.6,False,,0.0
2020-09,Salsas de tomate,False,410.23,410.23,False,,404.35,False,,0.0
2020-10,Salsas de tomate,False,413.26,413.26,False,,410.23,False,,0.0
2020-11,Salsas de tomate,False,413.84,413.84,False,,413.26,False,,0.0
2020-12,Salsas de tomate,False,414.8,414.8,False,,413.84,False,,0.0
2021-01,Salsas de tomate,False,419.51,419.51,False,,414.8,False,,0.0
2021-02,Salsas de tomate,False,417.9,417.9,False,,419.51,False,,0.0
2021-03,Salsas de tomate,False,416.77,416.77,False,,417.9,False,,0.0
2021-04,Salsas de tomate,False,419.68,419.68,False,,416.77,False,,0.0
2021-05,Salsas de tomate,False,419.02,419.02,False,,419.68,False,,0.0
2021-06,Salsas de tomate,False,419.24,419.24,False,,419.02,False,,0.0
2021-07,Salsas de tomate,False,423.52,423.52,False,,419.24,False,,0.0
2021-08,Salsas de tomate,False,425.52,425.52,False,,423.52,False,,0.0
2021-09,Salsas de tomate,False,433.28,433.28,False,,425.52,False,,0.0
2021-10,Salsas de tomate,False,437.7,437.7,False,,433.28,False,,0.0
2021-11,Salsas de tomate,False,438.88,438.88,False,,437.7,False,,0.0
2021-12,Salsas de tomate,False,442.07,442.07,False,,438.88,False,,0.0
2022-01,Salsas de tomate,False,449.08,449.08,False,,442.07,False,,0.0
2022-02,Salsas de tomate,False,455.62,455.62,False,,449.08,False,,0.0
2022-03,Salsas de tomate,False,470.98,470.98,False,,455.62,False,,0.0
2022-04,Salsas de tomate,False,481.45,481.45,False,,470.98,False,,0.0
2022-05,Salsas de tomate,False,490.04,490.04,False,,481.45,False,,0.0
2022-06,Salsas de tomate,False,496.57,496.57,False,,490.04,False,,0.0
2022-07,Salsas de tomate,False,505.0,505.0,False,,496.57,False,,0.0
2022-08,Salsas de tomate,False,514.62,514.62,False,,505.0,False,,0.0
2022-09,Salsas de tomate,False,524.5,524.5,False,,514.62,False,,0.0
2022-10,Salsas de tomate,False,528.8,528.8,False,,524.5,False,,0.0
2022-11,Salsas de tomate,False,537.1,537.1,False,,528.8,False,,0.0
2022-12,Salsas de tomate,False,542.56,542.56,False,,537.1,False,,0.0
2023-01,Salsas de tomate,False,548.09,548.09,False,,542.56,False,,0.0
2023-02,Salsas de tomate,False,548.31,548.31,False,,548.09,False,,0.0
2023-03,Salsas de tomate,False,550.83,550.83,False,,548.31,False,,0.0
2023-04,Salsas de tomate,False,551.47,551.47,False,,550.83,False,,0.0
2023-05,Salsas de tomate,False,552.57,552.57,False,,551.47,False,,0.0
2023-06,Salsas de tomate,False,554.64,554.64,False,,552.57,False,,0.0
2023-07,Salsas de tomate,False,560.47,560.47,False,,554.64,False,,0.0
2023-08,Salsas de tomate,False,562.49,562.49,False,,560.47,False,,0.0
2023-09,Salsas de tomate,False,567.72,567.72,False,,562.49,False,,0.0
2023-10,Salsas de tomate,False,572.16,572.16,False,,567.72,False,,0.0
2023-11,Salsas de tomate,False,576.96,576.96,False,,572.16,False,,0.0
2023-12,Salsas de tomate,False,574.49,574.49,False,,576.96,False,,0.0
2024-01,Salsas de tomate,False,579.52,579.52,False,,574.49,False,,0.0
2024-02,Salsas de tomate,False,581.71,581.71,False,,579.52,False,,0.0
2024-03,Salsas de tomate,False,578.42,578.42,False,,581.71,False,,0.0
2024-04,Salsas de tomate,False,582.63,582.63,False,,578.42,False,,0.0
2024-05,Salsas de tomate,False,583.59,583.59,False,,582.63,False,,0.0
2024-06,Salsas de tomate,False,590.4,590.4,False,,583.59,False,,0.0
2024-07,Salsas de tomate,False,591.25,591.25,False,,590.4,False,,0.0
2024-08,Salsas de tomate,False,594.36,594.36,False,,591.25,False,,0.0
2024-09,Salsas de tomate,False,592.56,592.56,False,,594.36,False,,0.0
2024-10,Salsas de tomate,False,603.64,603.64,False,,592.56,False,,0.0
2024-11,Salsas de tomate,False,603.11,603.11,False,,603.64,False,,0.0
2024-12,Salsas de tomate,False,599.8,599.8,False,,603.11,False,,0.0
2025-01,Salsas de tomate,False,602.5,602.5,False,,599.8,False,,0.0
2025-02,Salsas de tomate,False,603.99,603.99,False,,602.5,False,,0.0
2025-03,Salsas de tomate,False,610.26,610.26,False,,603.99,False,,0.0
2025-04,Salsas de tomate,False,610.89,610.89,False,,610.26,False,,0.0
2025-05,Salsas de tomate,False,612.7,612.7,False,,610.89,False,,0.0
2025-06,Salsas de tomate,False,609.23,609.23,False,,612.7,False,,0.0
2025-07,Salsas de tomate,False,613.83,613.83,False,,609.23,False,,0.0
2025-08,Salsas de tomate,False,618.77,618.77,False,,613.83,False,,0.0
2025-09,Salsas de tomate,False,623.91,623.91,False,,618.77,False,,0.0
2025-10,Salsas de tomate,False,626.85,626.85,False,,623.91,False,,0.0
2025-11,Salsas de tomate,False,628.95,628.95,False,,626.85,False,,0.0
2025-12,Salsas de tomate,False,628.24,628.24,False,,628.95,False,,0.0
2026-01,Salsas de tomate,False,630.61,630.61,False,,628.24,False,,0.0
2026-02,Salsas de tomate,False,632.02,632.02,False,,630.61,False,,0.0
2026-03,Salsas de tomate,False,635.48,635.48,False,,632.02,False,,0.0
2026-04,Salsas de tomate,False,636.35,636.35,False,,635.48,False,,0.0
2026-05,Salsas de tomate,False,633.61,633.61,False,,636.35,False,,0.0
2026-06,Salsas de tomate,False,638.27,638.27,False,,633.61,False,,0.0
2026-07,Salsas de tomate,False,642.23,642.23,False,,638.27,False,,0.0
2026-08,Salsas de tomate,False,650.02,650.02,False,,642.23,False,,0.0
2019-01,Mayonesas,False,332.43,332.43,False,,332.77,False,,0.0
2019-02,Mayonesas,False,331.78,331.78,False,,332.43,False,,0.0
2019-03,Mayonesas,False,334.15,334.15,False,,331.78,False,,0.0
2019-04,Mayonesas,False,335.49,335.49,False,,334.15,False,,0.0
2019-05,Mayonesas,False,335.68,335.68,False,,335.49,False,,0.0
2019-06,Mayonesas,False,336.99,336.99,False,,335.68,False,,0.0
2019-07,Mayonesas,False,337.72,337.72,False,,336.99,False,,0.0
2019-08,Mayonesas,False,339.61,339.61,False,,337.72,False,,0.0
2019-09,Mayonesas,False,339.69,339.69,False,,339.61,False,,0.0
2019-10,Mayonesas,False,342.22,342.22,False,,339.69,False,,0.0
2019-11,Mayonesas,False,345.62,345.62,False,,342.22,False,,0.0
2019-12,Mayonesas,False,344.58,344.58,False,,345.62,False,,0.0
2020-01,Mayonesas,False,347.54,347.54,False,,344.58,False,,0.0
2020-02,Mayonesas,False,350.0,350.0,False,,347.54,False,,0.0
2020-03,Mayonesas,False,352.3,352.3,False,,350.0,False,,0.0
2020-04,Mayonesas,False,354.97,354.97,False,,352.3,False,,0.0
2020-05,Mayonesas,False,354.86,354.86,False,,354.97,False,,0.0
2020-06,Mayonesas,False,355.77,355.77,False,,354.86,False,,0.0
2020-07,Mayonesas,False,357.33,357.33,False,,355.77,False,,0.0
2020-08,Mayonesas,False,357.99,357.99,False,,357.33,False,,0.0
2020-09,Mayonesas,False,363.2,363.2,False,,357.99,False,,0.0
2020-10,Mayonesas,False,365.88,365.88,False,,363.2,False,,0.0
2020-11,Mayonesas,False,366.39,366.39,False,,365.88,False,,0.0
2020-12,Mayonesas,False,367.25,367.25,False,,366.39,False,,0.0
2021-01,Mayonesas,False,371.41,371.41,False,,367.25,False,,0.0
2021-02,Mayonesas,False,369.99,369.99,False,,371.41,False,,0.0
2021-03,Mayonesas,False,368.99,368.99,False,,369.99,False,,0.0
2021-04,Mayonesas,False,371.57,371.57,False,,368.99,False,,0.0
2021-05,Mayonesas,False,370.98,370.98,False,,371.57,False,,0.0
2021-06,Mayonesas,False,371.18,371.18,False,,370.98,False,,0.0
2021-07,Mayonesas,False,374.96,374.96,False,,371.18,False,,0.0
2021-08,Mayonesas,False,376.73,376.73,False,,374.96,False,,0.0
2021-09,Mayonesas,False,383.6,383.6,False,,376.73,False,,0.0
2021-10,Mayonesas,False,387.52,387.52,False,,383.6,False,,0.0
2021-11,Mayonesas,False,388.56,388.56,False,,387.52,False,,0.0
2021-12,Mayonesas,False,391.39,391.39,False,,388.56,False,,0.0
2022-01,Mayonesas,False,397.59,397.59,False,,391.39,False,,0.0
2022-02,Mayonesas,False,403.39,403.39,False,,397.59,False,,0.0
2022-03,Mayonesas,False,416.98,416.98,False,,403.39,False,,0.0
2022-04,Mayonesas,False,426.25,426.25,False,,416.98,False,,0.0
2022-05,Mayonesas,False,433.86,433.86,False,,426.25,False,,0.0
2022-06,Mayonesas,False,439.64,439.64,False,,433.86,False,,0.0
2022-07,Mayonesas,False,447.1,447.1,False,,439.64,False,,0.0
2022-08,Mayonesas,False,455.62,455.62,False,,447.1,False,,0.0
2022-09,Mayonesas,False,464.37,464.37,False,,455.62,False,,0.0
2022-10,Mayonesas,False,468.17,468.17,False,,464.37,False,,0.0
2022-11,Mayonesas,False,475.52,475.52,False,,468.17,False,,0.0
2022-12,Mayonesas,False,480.36,480.36,False,,475.52,False,,0.0
2023-01,Mayonesas,False,485.25,485.25,False,,480.36,False,,0.0
2023-02,Mayonesas,False,485.45,485.45,False,,485.25,False,,0.0
2023-03,Mayonesas,False,487.68,487.68,False,,485.45,False,,0.0
2023-04,Mayonesas,False,488.25,488.25,False,,487.68,False,,0.0
2023-05,Mayonesas,False,489.22,489.22,False,,488.25,False,,0.0
2023-06,Mayonesas,False,491.05,491.05,False,,489.22,False,,0.0
2023-07,Mayonesas,False,496.21,496.21,False,,491.05,False,,0.0
2023-08,Mayonesas,False,498.0,498.0,False,,496.21,False,,0.0
2023-09,Mayonesas,False,502.63,502.63,False,,498.0,False,,0.0
2023-10,Mayonesas,False,506.56,506.56,False,,502.63,False,,0.0
2023-11,Mayonesas,False,510.81,510.81,False,,506.56,False,,0.0
2023-12,Mayonesas,False,508.63,508.63,False,,510.81,False,,0.0
2024-01,Mayonesas,False,513.07,513.07,False,,508.63,False,,0.0
2024-02,Mayonesas,False,515.01,515.01,False,,513.07,False,,0.0
2024-03,Mayonesas,False,512.1,512.1,False,,515.01,False,,0.0
2024-04,Mayonesas,False,515.83,515.83,False,,512.1,False,,0.0
2024-05,Mayonesas,False,516.68,516.68,False,,515.83,False,,0.0
2024-06,Mayonesas,False,522.71,522.71,False,,516.68,False,,0.0
2024-07,Mayonesas,False,523.47,523.47,False,,522.71,False,,0.0
2024-08,Mayonesas,False,526.22,526.22,False,,523.47,False,,0.0
2024-09,Mayonesas,False,524.62,524.62,False,,526.22,False,,0.0
2024-10,Mayonesas,False,534.44,534.44,False,,524.62,False,,0.0
2024-11,Mayonesas,False,533.96,533.96,False,,534.44,False,,0.0
2024-12,Mayonesas,False,531.03,531.03,False,,533.96,False,,0.0
2025-01,Mayonesas,False,533.43,533.43,False,,531.03,False,,0.0
2025-02,Mayonesas,False,534.74,534.74,False,,533.43,False,,0.0
2025-03,Mayonesas,False,540.3,540.3,False,,534.74,False,,0.0
2025-04,Mayonesas,False,540.86,540.86,False,,540.3,False,,0.0
2025-05,Mayonesas,False,542.45,542.45,False,,540.86,False,,0.0
2025-06,Mayonesas,False,539.38,539.38,False,,542.45,False,,0.0
2025-07,Mayonesas,False,543.45,543.45,False,,539.38,False,,0.0
2025-08,Mayonesas,False,547.83,547.83,False,,543.45,False,,0.0
2025-09,Mayonesas,False,552.38,552.38,False,,547.83,False,,0.0
2025-10,Mayonesas,False,554.98,554.98,False,,552.38,False,,0.0
2025-11,Mayonesas,False,556.84,556.84,False,,554.98,False,,0.0
2025-12,Mayonesas,False,556.21,556.21,False,,556.84,False,,0.0
2026-01,Mayonesas,False,558.31,558.31,False,,556.21,False,,0.0
2026-02,Mayonesas,False,559.56,559.56,False,,558.31,False,,0.0
2026-03,Mayonesas,False,562.62,562.62,False,,559.56,False,,0.0
2026-04,Mayonesas,False,563.39,563.39,False,,562.62,False,,0.0
2026-05,Mayonesas,False,560.96,560.96,False,,563.39,False,,0.0
2026-06,Mayonesas,False,565.1,565.1,False,,560.96,False,,0.0
2026-07,Mayonesas,False,568.6,568.6,False,,565.1,False,,0.0
2026-08,Mayonesas,False,575.5,575.5,False,,568.6,False,,0.0
2019-01,Kétchup,False,108.42,108.42,False,,108.53,False,,0.0
2019-02,Kétchup,False,108.2,108.2,False,,108.42,False,,0.0
2019-03,Kétchup,False,108.98,108.98,False,,108.2,False,,0.0
2019-04,Kétchup,False,109.41,109.41,False,,108.98,False,,0.0
2019-05,Kétchup,False,109.48,109.48,False,,109.41,False,,0.0
2019-06,Kétchup,False,109.9,109.9,False,,109.48,False,,0.0
2019-07,Kétchup,False,110.14,110.14,False,,109.9,False,,0.0
2019-08,Kétchup,False,110.76,110.76,False,,110.14,False,,0.0
2019-09,Kétchup,False,110.79,110.79,False,,110.76,False,,0.0
2019-10,Kétchup,False,111.61,111.61,False,,110.79,False,,0.0
2019-11,Kétchup,False,112.72,112.72,False,,111.61,False,,0.0
2019-12,Kétchup,False,112.38,112.38,False,,112.72,False,,0.0
2020-01,Kétchup,False,113.35,113.35,False,,112.38,False,,0.0
2020-02,Kétchup,False,114.15,114.15,False,,113.35,False,,0.0
2020-03,Kétchup,False,114.9,114.9,False,,114.15,False,,0.0
2020-04,Kétchup,False,115.77,115.77,False,,114.9,False,,0.0
2020-05,Kétchup,False,115.73,115.73,False,,115.77,False,,0.0
2020-06,Kétchup,False,116.03,116.03,False,,115.73,False,,0.0
2020-07,Kétchup,False,116.54,116.54,False,,116.03,False,,0.0
2020-08,Kétchup,False,116.75,116.75,False,,116.54,False,,0.0
2020-09,Kétchup,False,118.45,118.45,False,,116.75,False,,0.0
2020-10,Kétchup,False,119.33,119.33,False,,118.45,False,,0.0
2020-11,Kétchup,False,119.49,119.49,False,,119.33,False,,0.0
2020-12,Kétchup,False,119.77,119.77,False,,119.49,False,,0.0
2021-01,Kétchup,False,121.13,121.13,False,,119.77,False,,0.0
2021-02,Kétchup,False,120.67,120.67,False,,121.13,False,,0.0
2021-03,Kétchup,False,120.34,120.34,False,,120.67,False,,0.0
2021-04,Kétchup,False,121.18,121.18,False,,120.34,False,,0.0
2021-05,Kétchup,False,120.99,120.99,False,,121.18,False,,0.0
2021-06,Kétchup,False,121.05,121.05,False,,120.99,False,,0.0
2021-07,Kétchup,False,122.29,122.29,False,,121.05,False,,0.0
2021-08,Kétchup,False,122.87,122.87,False,,122.29,False,,0.0
2021-09,Kétchup,False,125.11,125.11,False,,122.87,False,,0.0
2021-10,Kétchup,False,126.39,126.39,False,,125.11,False,,0.0
2021-11,Kétchup,False,126.72,126.72,False,,126.39,False,,0.0
2021-12,Kétchup,False,127.65,127.65,False,,126.72,False,,0.0
2022-01,Kétchup,False,129.67,129.67,False,,127.65,False,,0.0
2022-02,Kétchup,False,131.56,131.56,False,,129.67,False,,0.0
2022-03,Kétchup,False,135.99,135.99,False,,131.56,False,,0.0
2022-04,Kétchup,False,139.02,139.02,False,,135.99,False,,0.0
2022-05,Kétchup,False,141.5,141.5,False,,139.02,False,,0.0
2022-06,Kétchup,False,143.38,143.38,False,,141.5,False,,0.0
2022-07,Kétchup,False,145.82,145.82,False,,143.38,False,,0.0
2022-08,Kétchup,False,148.59,148.59,False,,145.82,False,,0.0
2022-09,Kétchup,False,151.45,151.45,False,,148.59,False,,0.0
2022-10,Kétchup,False,152.69,152.69,False,,151.45,False,,0.0
2022-11,Kétchup,False,155.09,155.09,False,,152.69,False,,0.0
2022-12,Kétchup,False,156.66,156.66,False,,155.09,False,,0.0
2023-01,Kétchup,False,158.26,158.26,False,,156.66,False,,0.0
2023-02,Kétchup,False,158.32,158.32,False,,158.26,False,,0.0
2023-03,Kétchup,False,159.05,159.05,False,,158.32,False,,0.0
2023-04,Kétchup,False,159.24,159.24,False,,159.05,False,,0.0
2023-05,Kétchup,False,159.55,159.55,False,,159.24,False,,0.0
2023-06,Kétchup,False,160.15,160.15,False,,159.55,False,,0.0
2023-07,Kétchup,False,161.83,161.83,False,,160.15,False,,0.0
2023-08,Kétchup,False,162.42,162.42,False,,161.83,False,,0.0
2023-09,Kétchup,False,163.93,163.93,False,,162.42,False,,0.0
2023-10,Kétchup,False,165.21,165.21,False,,163.93,False,,0.0
2023-11,Kétchup,False,166.59,166.59,False,,165.21,False,,0.0
2023-12,Kétchup,False,165.88,165.88,False,,166.59,False,,0.0
2024-01,Kétchup,False,167.33,167.33,False,,165.88,False,,0.0
2024-02,Kétchup,False,167.97,167.97,False,,167.33,False,,0.0
2024-03,Kétchup,False,167.02,167.02,False,,167.97,False,,0.0
2024-04,Kétchup,False,168.23,168.23,False,,167.02,False,,0.0
2024-05,Kétchup,False,168.51,168.51,False,,168.23,False,,0.0
2024-06,Kétchup,False,170.48,170.48,False,,168.51,False,,0.0
2024-07,Kétchup,False,170.72,170.72,False,,170.48,False,,0.0
2024-08,Kétchup,False,171.62,171.62,False,,170.72,False,,0.0
2024-09,Kétchup,False,171.1,171.1,False,,171.62,False,,0.0
2024-10,Kétchup,False,174.3,174.3,False,,171.1,False,,0.0
2024-11,Kétchup,False,174.15,174.15,False,,174.3,False,,0.0
2024-12,Kétchup,False,173.19,173.19,False,,174.15,False,,0.0
2025-01,Kétchup,False,173.97,173.97,False,,173.19,False,,0.0
2025-02,Kétchup,False,174.4,174.4,False,,173.97,False,,0.0
2025-03,Kétchup,False,176.21,176.21,False,,174.4,False,,0.0
2025-04,Kétchup,False,176.39,176.39,False,,176.21,False,,0.0
2025-05,Kétchup,False,176.92,176.92,False,,176.39,False,,0.0
2025-06,Kétchup,False,175.91,175.91,False,,176.92,False,,0.0
2025-07,Kétchup,False,177.24,177.24,False,,175.91,False,,0.0
2025-08,Kétchup,False,178.67,178.67,False,,177.24,False,,0.0
2025-09,Kétchup,False,180.15,180.15,False,,178.67,False,,0.0
2025-10,Kétchup,False,181.0,181.0,False,,180.15,False,,0.0
2025-11,Kétchup,False,181.61,181.61,False,,181.0,False,,0.0
2025-12,Kétchup,False,181.4,181.4,False,,181.61,False,,0.0
2026-01,Kétchup,False,182.09,182.09,False,,181.4,False,,0.0
2026-02,Kétchup,False,182.49,182.49,False,,182.09,False,,0.0
2026-03,Kétchup,False,183.49,183.49,False,,182.49,False,,0.0
2026-04,Kétchup,False,183.74,183.74,False,,183.49,False,,0.0
2026-05,Kétchup,False,182.95,182.95,False,,183.74,False,,0.0
2026-06,Kétchup,False,184.3,184.3,False,,182.95,False,,0.0
2026-07,Kétchup,False,185.44,185.44,False,,184.3,False,,0.0
2026-08,Kétchup,False,187.69,187.69,False,,185.44,False,,0.0
2019-01,Especias y semillas,False,90.08,90.08,False,,90.18,False,,0.0
2019-02,Especias y semillas,False,89.91,89.91,False,,90.08,False,,0.0
2019-03,Especias y semillas,False,90.55,90.55,False,,89.91,False,,0.0
2019-04,Especias y semillas,False,90.91,90.91,False,,90.55,False,,0.0
2019-05,Especias y semillas,False,90.96,90.96,False,,90.91,False,,0.0
2019-06,Especias y semillas,False,91.32,91.32,False,,90.96,False,,0.0
2019-07,Especias y semillas,False,91.52,91.52,False,,91.32,False,,0.0
2019-08,Especias y semillas,False,92.03,92.03,False,,91.52,False,,0.0
2019-09,Especias y semillas,False,92.05,92.05,False,,92.03,False,,0.0
2019-10,Especias y semillas,False,92.73,92.73,False,,92.05,False,,0.0
2019-11,Especias y semillas,False,93.66,93.66,False,,92.73,False,,0.0
2019-12,Especias y semillas,False,93.37,93.37,False,,93.66,False,,0.0
2020-01,Especias y semillas,False,94.18,94.18,False,,93.37,False,,0.0
2020-02,Especias y semillas,False,94.85,94.85,False,,94.18,False,,0.0
2020-03,Especias y semillas,False,95.47,95.47,False,,94.85,False,,0.0
2020-04,Especias y semillas,False,96.19,96.19,False,,95.47,False,,0.0
2020-05,Especias y semillas,False,96.16,96.16,False,,96.19,False,,0.0
2020-06,Especias y semillas,False,96.41,96.41,False,,96.16,False,,0.0
2020-07,Especias y semillas,False,96.83,96.83,False,,96.41,False,,0.0
2020-08,Especias y semillas,False,97.01,97.01,False,,96.83,False,,0.0
2020-09,Especias y semillas,False,98.42,98.42,False,,97.01,False,,0.0
2020-10,Especias y semillas,False,99.15,99.15,False,,98.42,False,,0.0
2020-11,Especias y semillas,False,99.29,99.29,False,,99.15,False,,0.0
2020-12,Especias y semillas,False,99.52,99.52,False,,99.29,False,,0.0
2021-01,Especias y semillas,False,100.65,100.65,False,,99.52,False,,0.0
2021-02,Especias y semillas,False,100.26,100.26,False,,100.65,False,,0.0
2021-03,Especias y semillas,False,99.99,99.99,False,,100.26,False,,0.0
2021-04,Especias y semillas,False,100.69,100.69,False,,99.99,False,,0.0
2021-05,Especias y semillas,False,100.53,100.53,False,,100.69,False,,0.0
2021-06,Especias y semillas,False,100.58,100.58,False,,100.53,False,,0.0
2021-07,Especias y semillas,False,101.61,101.61,False,,100.58,False,,0.0
2021-08,Especias y semillas,False,102.09,102.09,False,,101.61,False,,0.0
2021-09,Especias y semillas,False,103.95,103.95,False,,102.09,False,,0.0
2021-10,Especias y semillas,False,105.01,105.01,False,,103.95,False,,0.0
2021-11,Especias y semillas,False,105.29,105.29,False,,105.01,False,,0.0
2021-12,Especias y semillas,False,106.06,106.06,False,,105.29,False,,0.0
2022-01,Especias y semillas,False,107.74,107.74,False,,106.06,False,,0.0
2022-02,Especias y semillas,False,109.31,109.31,False,,107.74,False,,0.0
2022-03,Especias y semillas,False,112.99,112.99,False,,109.31,False,,0.0
2022-04,Especias y semillas,False,115.51,115.51,False,,112.99,False,,0.0
2022-05,Especias y semillas,False,117.57,117.57,False,,115.51,False,,0.0
2022-06,Especias y semillas,False,119.13,119.13,False,,117.57,False,,0.0
2022-07,Especias y semillas,False,121.16,121.16,False,,119.13,False,,0.0
2022-08,Especias y semillas,False,123.46,123.46,False,,121.16,False,,0.0
2022-09,Especias y semillas,False,125.84,125.84,False,,123.46,False,,0.0
2022-10,Especias y semillas,False,126.87,126.87,False,,125.84,False,,0.0
2022-11,Especias y semillas,False,128.86,128.86,False,,126.87,False,,0.0
2022-12,Especias y semillas,False,130.17,130.17,False,,128.86,False,,0.0
2023-01,Especias y semillas,False,131.49,131.49,False,,130.17,False,,0.0
2023-02,Especias y semillas,False,131.55,131.55,False,,131.49,False,,0.0
2023-03,Especias y semillas,False,132.15,132.15,False,,131.55,False,,0.0
2023-04,Especias y semillas,False,132.31,132.31,False,,132.15,False,,0.0
2023-05,Especias y semillas,False,132.57,132.57,False,,132.31,False,,0.0
2023-06,Especias y semillas,False,133.07,133.07,False,,132.57,False,,0.0
2023-07,Especias y semillas,False,134.47,134.47,False,,133.07,False,,0.0
2023-08,Especias y semillas,False,134.95,134.95,False,,134.47,False,,0.0
2023-09,Especias y semillas,False,136.21,136.21,False,,134.95,False,,0.0
2023-10,Especias y semillas,False,137.27,137.27,False,,136.21,False,,0.0
2023-11,Especias y semillas,False,138.42,138.42,False,,137.27,False,,0.0
2023-12,Especias y semillas,False,137.83,137.83,False,,138.42,False,,0.0
2024-01,Especias y semillas,False,139.03,139.03,False,,137.83,False,,0.0
2024-02,Especias y semillas,False,139.56,139.56,False,,139.03,False,,0.0
2024-03,Especias y semillas,False,138.77,138.77,False,,139.56,False,,0.0
2024-04,Especias y semillas,False,139.78,139.78,False,,138.77,False,,0.0
2024-05,Especias y semillas,False,140.01,140.01,False,,139.78,False,,0.0
2024-06,Especias y semillas,False,141.65,141.65,False,,140.01,False,,0.0
2024-07,Especias y semillas,False,141.85,141.85,False,,141.65,False,,0.0
2024-08,Especias y semillas,False,142.6,142.6,False,,141.85,False,,0.0
2024-09,Especias y semillas,False,142.16,142.16,False,,142.6,False,,0.0
2024-10,Especias y semillas,False,144.82,144.82,False,,142.16,False,,0.0
2024-11,Especias y semillas,False,144.7,144.7,False,,144.82,False,,0.0
2024-12,Especias y semillas,False,143.9,143.9,False,,144.7,False,,0.0
2025-01,Especias y semillas,False,144.55,144.55,False,,143.9,False,,0.0
2025-02,Especias y semillas,False,144.91,144.91,False,,144.55,False,,0.0
2025-03,Especias y semillas,False,146.41,146.41,False,,144.91,False,,0.0
2025-04,Especias y semillas,False,146.56,146.56,False,,146.41,False,,0.0
2025-05,Especias y semillas,False,147.0,147.0,False,,146.56,False,,0.0
2025-06,Especias y semillas,False,146.16,146.16,False,,147.0,False,,0.0
2025-07,Especias y semillas,False,147.27,147.27,False,,146.16,False,,0.0
2025-08,Especias y semillas,False,148.45,148.45,False,,147.27,False,,0.0
2025-09,Especias y semillas,False,149.69,149.69,False,,148.45,False,,0.0
2025-10,Especias y semillas,False,150.39,150.39,False,,149.69,False,,0.0
2025-11,Especias y semillas,False,150.89,150.89,False,,150.39,False,,0.0
2025-12,Especias y semillas,False,150.72,150.72,False,,150.89,False,,0.0
2026-01,Especias y semillas,False,151.29,151.29,False,,150.72,False,,0.0
2026-02,Especias y semillas,False,151.63,151.63,False,,151.29,False,,0.0
2026-03,Especias y semillas,False,152.46,152.46,False,,151.63,False,,0.0
2026-04,Especias y semillas,False,152.67,152.67,False,,152.46,False,,0.0
2026-05,Especias y semillas,False,152.01,152.01,False,,152.67,False,,0.0
2026-06,Especias y semillas,False,153.13,153.13,False,,152.01,False,,0.0
2026-07,Especias y semillas,False,154.08,154.08,False,,153.13,False,,0.0
2026-08,Especias y semillas,False,155.95,155.95,False,,154.08,False,,0.0
2019-01,Hierbas frescas y secas,False,208.86,208.86,False,,209.08,False,,0.0
2019-02,Hierbas frescas y secas,False,208.45,208.45,False,,208.86,False,,0.0
2019-03,Hierbas frescas y secas,False,209.95,209.95,False,,208.45,False,,0.0
2019-04,Hierbas frescas y secas,False,210.78,210.78,False,,209.95,False,,0.0
2019-05,Hierbas frescas y secas,False,210.91,210.91,False,,210.78,False,,0.0
2019-06,Hierbas frescas y secas,False,211.73,211.73,False,,210.91,False,,0.0
2019-07,Hierbas frescas y secas,False,212.19,212.19,False,,211.73,False,,0.0
2019-08,Hierbas frescas y secas,False,213.38,213.38,False,,212.19,False,,0.0
2019-09,Hierbas frescas y secas,False,213.43,213.43,False,,213.38,False,,0.0
2019-10,Hierbas frescas y secas,False,215.01,215.01,False,,213.43,False,,0.0
2019-11,Hierbas frescas y secas,False,217.15,217.15,False,,215.01,False,,0.0
2019-12,Hierbas frescas y secas,False,216.5,216.5,False,,217.15,False,,0.0
2020-01,Hierbas frescas y secas,False,218.36,218.36,False,,216.5,False,,0.0
2020-02,Hierbas frescas y secas,False,219.91,219.91,False,,218.36,False,,0.0
2020-03,Hierbas frescas y secas,False,221.35,221.35,False,,219.91,False,,0.0
2020-04,Hierbas frescas y secas,False,223.03,223.03,False,,221.35,False,,0.0
2020-05,Hierbas frescas y secas,False,222.96,222.96,False,,223.03,False,,0.0
2020-06,Hierbas frescas y secas,False,223.53,223.53,False,,222.96,False,,0.0
2020-07,Hierbas frescas y secas,False,224.51,224.51,False,,223.53,False,,0.0
2020-08,Hierbas frescas y secas,False,224.92,224.92,False,,224.51,False,,0.0
2020-09,Hierbas frescas y secas,False,228.2,228.2,False,,224.92,False,,0.0
2020-10,Hierbas frescas y secas,False,229.88,229.88,False,,228.2,False,,0.0
2020-11,Hierbas frescas y secas,False,230.2,230.2,False,,229.88,False,,0.0
2020-12,Hierbas frescas y secas,False,230.74,230.74,False,,230.2,False,,0.0
2021-01,Hierbas frescas y secas,False,233.36,233.36,False,,230.74,False,,0.0
2021-02,Hierbas frescas y secas,False,232.46,232.46,False,,233.36,False,,0.0
2021-03,Hierbas frescas y secas,False,231.83,231.83,False,,232.46,False,,0.0
2021-04,Hierbas frescas y secas,False,233.45,233.45,False,,231.83,False,,0.0
2021-05,Hierbas frescas y secas,False,233.09,233.09,False,,233.45,False,,0.0
2021-06,Hierbas frescas y secas,False,233.21,233.21,False,,233.09,False,,0.0
2021-07,Hierbas frescas y secas,False,235.59,235.59,False,,233.21,False,,0.0
2021-08,Hierbas frescas y secas,False,236.7,236.7,False,,235.59,False,,0.0
2021-09,Hierbas frescas y secas,False,241.01,241.01,False,,236.7,False,,0.0
2021-10,Hierbas frescas y secas,False,243.48,243.48,False,,241.01,False,,0.0
2021-11,Hierbas frescas y secas,False,244.13,244.13,False,,243.48,False,,0.0
2021-12,Hierbas frescas y secas,False,245.91,245.91,False,,244.13,False,,0.0
2022-01,Hierbas frescas y secas,False,249.81,249.81,False,,245.91,False,,0.0
2022-02,Hierbas frescas y secas,False,253.45,253.45,False,,249.81,False,,0.0
2022-03,Hierbas frescas y secas,False,261.99,261.99,False,,253.45,False,,0.0
2022-04,Hierbas frescas y secas,False,267.81,267.81,False,,261.99,False,,0.0
2022-05,Hierbas frescas y secas,False,272.59,272.59,False,,267.81,False,,0.0
2022-06,Hierbas frescas y secas,False,276.22,276.22,False,,272.59,False,,0.0
2022-07,Hierbas frescas y secas,False,280.91,280.91,False,,276.22,False,,0.0
2022-08,Hierbas frescas y secas,False,286.26,286.26,False,,280.91,False,,0.0
2022-09,Hierbas frescas y secas,False,291.76,291.76,False,,286.26,False,,0.0
2022-10,Hierbas frescas y secas,False,294.15,294.15,False,,291.76,False,,0.0
2022-11,Hierbas frescas y secas,False,298.77,298.77,False,,294.15,False,,0.0
2022-12,Hierbas frescas y secas,False,301.81,301.81,False,,298.77,False,,0.0
2023-01,Hierbas frescas y secas,False,304.88,304.88,False,,301.81,False,,0.0
2023-02,Hierbas frescas y secas,False,305.0,305.0,False,,304.88,False,,0.0
2023-03,Hierbas frescas y secas,False,306.41,306.41,False,,305.0,False,,0.0
2023-04,Hierbas frescas y secas,False,306.76,306.76,False,,306.41,False,,0.0
2023-05,Hierbas frescas y secas,False,307.38,307.38,False,,306.76,False,,0.0
2023-06,Hierbas frescas y secas,False,308.53,308.53,False,,307.38,False,,0.0
2023-07,Hierbas frescas y secas,False,311.77,311.77,False,,308.53,False,,0.0
2023-08,Hierbas frescas y secas,False,312.89,312.89,False,,311.77,False,,0.0
2023-09,Hierbas frescas y secas,False,315.8,315.8,False,,312.89,False,,0.0
2023-10,Hierbas frescas y secas,False,318.27,318.27,False,,315.8,False,,0.0
2023-11,Hierbas frescas y secas,False,320.94,320.94,False,,318.27,False,,0.0
2023-12,Hierbas frescas y secas,False,319.57,319.57,False,,320.94,False,,0.0
2024-01,Hierbas frescas y secas,False,322.36,322.36,False,,319.57,False,,0.0
2024-02,Hierbas frescas y secas,False,323.58,323.58,False,,322.36,False,,0.0
2024-03,Hierbas frescas y secas,False,321.75,321.75,False,,323.58,False,,0.0
2024-04,Hierbas frescas y secas,False,324.09,324.09,False,,321.75,False,,0.0
2024-05,Hierbas frescas y secas,False,324.63,324.63,False,,324.09,False,,0.0
2024-06,Hierbas frescas y secas,False,328.42,328.42,False,,324.63,False,,0.0
2024-07,Hierbas frescas y secas,False,328.89,328.89,False,,328.42,False,,0.0
2024-08,Hierbas frescas y secas,False,330.62,330.62,False,,328.89,False,,0.0
2024-09,Hierbas frescas y secas,False,329.62,329.62,False,,330.62,False,,0.0
2024-10,Hierbas frescas y secas,False,335.78,335.78,False,,329.62,False,,0.0
2024-11,Hierbas frescas y secas,False,335.49,335.49,False,,335.78,False,,0.0
2024-12,Hierbas frescas y secas,False,333.65,333.65,False,,335.49,False,,0.0
2025-01,Hierbas frescas y secas,False,335.15,335.15,False,,333.65,False,,0.0
2025-02,Hierbas frescas y secas,False,335.98,335.98,False,,335.15,False,,0.0
2025-03,Hierbas frescas y secas,False,339.47,339.47,False,,335.98,False,,0.0
2025-04,Hierbas frescas y secas,False,339.82,339.82,False,,339.47,False,,0.0
2025-05,Hierbas frescas y secas,False,340.82,340.82,False,,339.82,False,,0.0
2025-06,Hierbas frescas y secas,False,338.89,338.89,False,,340.82,False,,0.0
2025-07,Hierbas frescas y secas,False,341.45,341.45,False,,338.89,False,,0.0
2025-08,Hierbas frescas y secas,False,344.2,344.2,False,,341.45,False,,0.0
2025-09,Hierbas frescas y secas,False,347.06,347.06,False,,344.2,False,,0.0
2025-10,Hierbas frescas y secas,False,348.69,348.69,False,,347.06,False,,0.0
2025-11,Hierbas frescas y secas,False,349.86,349.86,False,,348.69,False,,0.0
2025-12,Hierbas frescas y secas,False,349.47,349.47,False,,349.86,False,,0.0
2026-01,Hierbas frescas y secas,False,350.79,350.79,False,,349.47,False,,0.0
2026-02,Hierbas frescas y secas,False,351.57,351.57,False,,350.79,False,,0.0
2026-03,Hierbas frescas y secas,False,353.49,353.49,False,,351.57,False,,0.0
2026-04,Hierbas frescas y secas,False,353.98,353.98,False,,353.49,False,,0.0
2026-05,Hierbas frescas y secas,False,352.45,352.45,False,,353.98,False,,0.0
2026-06,Hierbas frescas y secas,False,355.05,355.05,False,,352.45,False,,0.0
2026-07,Hierbas frescas y secas,False,357.25,357.25,False,,355.05,False,,0.0
2026-08,Hierbas frescas y secas,False,361.58,361.58,False,,357.25,False,,0.0
2019-01,Caldos y concentrados,False,58.2,58.2,False,,58.26,False,,0.0
2019-02,Caldos y concentrados,False,58.08,58.08,False,,58.2,False,,0.0
2019-03,Caldos y concentrados,False,58.5,58.5,False,,58.08,False,,0.0
2019-04,Caldos y concentrados,False,58.73,58.73,False,,58.5,False,,0.0
2019-05,Caldos y concentrados,False,58.76,58.76,False,,58.73,False,,0.0
2019-06,Caldos y concentrados,False,58.99,58.99,False,,58.76,False,,0.0
2019-07,Caldos y concentrados,False,59.12,59.12,False,,58.99,False,,0.0
2019-08,Caldos y concentrados,False,59.45,59.45,False,,59.12,False,,0.0
2019-09,Caldos y concentrados,False,59.47,59.47,False,,59.45,False,,0.0
2019-10,Caldos y concentrados,False,59.91,59.91,False,,59.47,False,,0.0
2019-11,Caldos y concentrados,False,60.5,60.5,False,,59.91,False,,0.0
2019-12,Caldos y concentrados,False,60.32,60.32,False,,60.5,False,,0.0
2020-01,Caldos y concentrados,False,60.84,60.84,False,,60.32,False,,0.0
2020-02,Caldos y concentrados,False,61.27,61.27,False,,60.84,False,,0.0
2020-03,Caldos y concentrados,False,61.67,61.67,False,,61.27,False,,0.0
2020-04,Caldos y concentrados,False,62.14,62.14,False,,61.67,False,,0.0
2020-05,Caldos y concentrados,False,62.12,62.12,False,,62.14,False,,0.0
2020-06,Caldos y concentrados,False,62.28,62.28,False,,62.12,False,,0.0
2020-07,Caldos y concentrados,False,62.55,62.55,False,,62.28,False,,0.0
2020-08,Caldos y concentrados,False,62.67,62.67,False,,62.55,False,,0.0
2020-09,Caldos y concentrados,False,63.58,63.58,False,,62.67,False,,0.0
2020-10,Caldos y concentrados,False,64.05,64.05,False,,63.58,False,,0.0
2020-11,Caldos y concentrados,False,64.14,64.14,False,,64.05,False,,0.0
2020-12,Caldos y concentrados,False,64.29,64.29,False,,64.14,False,,0.0
2021-01,Caldos y concentrados,False,65.02,65.02,False,,64.29,False,,0.0
2021-02,Caldos y concentrados,False,64.77,64.77,False,,65.02,False,,0.0
2021-03,Caldos y concentrados,False,64.59,64.59,False,,64.77,False,,0.0
2021-04,Caldos y concentrados,False,65.05,65.05,False,,64.59,False,,0.0
2021-05,Caldos y concentrados,False,64.94,64.94,False,,65.05,False,,0.0
2021-06,Caldos y concentrados,False,64.98,64.98,False,,64.94,False,,0.0
2021-07,Caldos y concentrados,False,65.64,65.64,False,,64.98,False,,0.0
2021-08,Caldos y concentrados,False,65.95,65.95,False,,65.64,False,,0.0
2021-09,Caldos y concentrados,False,67.15,67.15,False,,65.95,False,,0.0
2021-10,Caldos y concentrados,False,67.84,67.84,False,,67.15,False,,0.0
2021-11,Caldos y concentrados,False,68.02,68.02,False,,67.84,False,,0.0
2021-12,Caldos y concentrados,False,68.52,68.52,False,,68.02,False,,0.0
2022-01,Caldos y concentrados,False,69.6,69.6,False,,68.52,False,,0.0
2022-02,Caldos y concentrados,False,70.62,70.62,False,,69.6,False,,0.0
2022-03,Caldos y concentrados,False,73.0,73.0,False,,70.62,False,,0.0
2022-04,Caldos y concentrados,False,74.62,74.62,False,,73.0,False,,0.0
2022-05,Caldos y concentrados,False,75.95,75.95,False,,74.62,False,,0.0
2022-06,Caldos y concentrados,False,76.96,76.96,False,,75.95,False,,0.0
2022-07,Caldos y concentrados,False,78.27,78.27,False,,76.96,False,,0.0
2022-08,Caldos y concentrados,False,79.76,79.76,False,,78.27,False,,0.0
2022-09,Caldos y concentrados,False,81.29,81.29,False,,79.76,False,,0.0
2022-10,Caldos y concentrados,False,81.96,81.96,False,,81.29,False,,0.0
2022-11,Caldos y concentrados,False,83.24,83.24,False,,81.96,False,,0.0
2022-12,Caldos y concentrados,False,84.09,84.09,False,,83.24,False,,0.0
2023-01,Caldos y concentrados,False,84.95,84.95,False,,84.09,False,,0.0
2023-02,Caldos y concentrados,False,84.98,84.98,False,,84.95,False,,0.0
2023-03,Caldos y concentrados,False,85.37,85.37,False,,84.98,False,,0.0
2023-04,Caldos y concentrados,False,85.47,85.47,False,,85.37,False,,0.0
2023-05,Caldos y concentrados,False,85.64,85.64,False,,85.47,False,,0.0
2023-06,Caldos y concentrados,False,85.96,85.96,False,,85.64,False,,0.0
2023-07,Caldos y concentrados,False,86.87,86.87,False,,85.96,False,,0.0
2023-08,Caldos y concentrados,False,87.18,87.18,False,,86.87,False,,0.0
2023-09,Caldos y concentrados,False,87.99,87.99,False,,87.18,False,,0.0
2023-10,Caldos y concentrados,False,88.68,88.68,False,,87.99,False,,0.0
2023-11,Caldos y concentrados,False,89.42,89.42,False,,88.68,False,,0.0
2023-12,Caldos y concentrados,False,89.04,89.04,False,,89.42,False,,0.0
2024-01,Caldos y concentrados,False,89.82,89.82,False,,89.04,False,,0.0
2024-02,Caldos y concentrados,False,90.16,90.16,False,,89.82,False,,0.0
2024-03,Caldos y concentrados,False,89.65,89.65,False,,90.16,False,,0.0
2024-04,Caldos y concentrados,False,90.3,90.3,False,,89.65,False,,0.0
2024-05,Caldos y concentrados,False,90.45,90.45,False,,90.3,False,,0.0
2024-06,Caldos y concentrados,False,91.51,91.51,False,,90.45,False,,0.0
2024-07,Caldos y concentrados,False,91.64,91.64,False,,91.51,False,,0.0
2024-08,Caldos y concentrados,False,92.12,92.12,False,,91.64,False,,0.0
2024-09,Caldos y concentrados,False,91.84,91.84,False,,92.12,False,,0.0
2024-10,Caldos y concentrados,False,93.56,93.56,False,,91.84,False,,0.0
2024-11,Caldos y concentrados,False,93.48,93.48,False,,93.56,False,,0.0
2024-12,Caldos y concentrados,False,92.96,92.96,False,,93.48,False,,0.0
2025-01,Caldos y concentrados,False,93.38,93.38,False,,92.96,False,,0.0
2025-02,Caldos y concentrados,False,93.61,93.61,False,,93.38,False,,0.0
2025-03,Caldos y concentrados,False,94.58,94.58,False,,93.61,False,,0.0
2025-04,Caldos y concentrados,False,94.68,94.68,False,,94.58,False,,0.0
2025-05,Caldos y concentrados,False,94.96,94.96,False,,94.68,False,,0.0
2025-06,Caldos y concentrados,False,94.42,94.42,False,,94.96,False,,0.0
2025-07,Caldos y concentrados,False,95.14,95.14,False,,94.42,False,,0.0
2025-08,Caldos y concentrados,False,95.9,95.9,False,,95.14,False,,0.0
2025-09,Caldos y concentrados,False,96.7,96.7,False,,95.9,False,,0.0
2025-10,Caldos y concentrados,False,97.15,97.15,False,,96.7,False,,0.0
2025-11,Caldos y concentrados,False,97.48,97.48,False,,97.15,False,,0.0
2025-12,Caldos y concentrados,False,97.37,97.37,False,,97.48,False,,0.0
2026-01,Caldos y concentrados,False,97.74,97.74,False,,97.37,False,,0.0
2026-02,Caldos y concentrados,False,97.96,97.96,False,,97.74,False,,0.0
2026-03,Caldos y concentrados,False,98.49,98.49,False,,97.96,False,,0.0
2026-04,Caldos y concentrados,False,98.63,98.63,False,,98.49,False,,0.0
2026-05,Caldos y concentrados,False,98.2,98.2,False,,98.63,False,,0.0
2026-06,Caldos y concentrados,False,98.93,98.93,False,,98.2,False,,0.0
2026-07,Caldos y concentrados,False,99.54,99.54,False,,98.93,False,,0.0
2026-08,Caldos y concentrados,False,100.75,100.75,False,,99.54,False,,0.0
2019-01,Jugos líquidos,False,426.5,426.5,False,,426.94,False,,0.0
2019-02,Jugos líquidos,False,425.66,425.66,False,,426.5,False,,0.0
2019-03,Jugos líquidos,False,428.7,428.7,False,,425.66,False,,0.0
2019-04,Jugos líquidos,False,430.42,430.42,False,,428.7,False,,0.0
2019-05,Jugos líquidos,False,430.67,430.67,False,,430.42,False,,0.0
2019-06,Jugos líquidos,False,432.35,432.35,False,,430.67,False,,0.0
2019-07,Jugos líquidos,False,433.29,433.29,False,,432.35,False,,0.0
2019-08,Jugos líquidos,False,435.71,435.71,False,,433.29,False,,0.0
2019-09,Jugos líquidos,False,435.81,435.81,False,,435.71,False,,0.0
2019-10,Jugos líquidos,False,439.05,439.05,False,,435.81,False,,0.0
2019-11,Jugos líquidos,False,443.42,443.42,False,,439.05,False,,0.0
2019-12,Jugos líquidos,False,442.08,442.08,False,,443.42,False,,0.0
2020-01,Jugos líquidos,False,445.89,445.89,False,,442.08,False,,0.0
2020-02,Jugos líquidos,False,449.05,449.05,False,,445.89,False,,0.0
2020-03,Jugos líquidos,False,451.99,451.99,False,,449.05,False,,0.0
2020-04,Jugos líquidos,False,455.42,455.42,False,,451.99,False,,0.0
2020-05,Jugos líquidos,False,455.27,455.27,False,,455.42,False,,0.0
2020-06,Jugos líquidos,False,456.45,456.45,False,,455.27,False,,0.0
2020-07,Jugos líquidos,False,458.44,458.44,False,,456.45,False,,0.0
2020-08,Jugos líquidos,False,459.29,459.29,False,,458.44,False,,0.0
2020-09,Jugos líquidos,False,465.97,465.97,False,,459.29,False,,0.0
2020-10,Jugos líquidos,False,469.42,469.42,False,,465.97,False,,0.0
2020-11,Jugos líquidos,False,470.07,470.07,False,,469.42,False,,0.0
2020-12,Jugos líquidos,False,471.17,471.17,False,,470.07,False,,0.0
2021-01,Jugos líquidos,False,476.51,476.51,False,,471.17,False,,0.0
2021-02,Jugos líquidos,False,474.68,474.68,False,,476.51,False,,0.0
2021-03,Jugos líquidos,False,473.4,473.4,False,,474.68,False,,0.0
2021-04,Jugos líquidos,False,476.71,476.71,False,,473.4,False,,0.0
2021-05,Jugos líquidos,False,475.96,475.96,False,,476.71,False,,0.0
2021-06,Jugos líquidos,False,476.21,476.21,False,,475.96,False,,0.0
2021-07,Jugos líquidos,False,481.07,481.07,False,,476.21,False,,0.0
2021-08,Jugos líquidos,False,483.34,483.34,False,,481.07,False,,0.0
2021-09,Jugos líquidos,False,492.15,492.15,False,,483.34,False,,0.0
2021-10,Jugos líquidos,False,497.18,497.18,False,,492.15,False,,0.0
2021-11,Jugos líquidos,False,498.51,498.51,False,,497.18,False,,0.0
2021-12,Jugos líquidos,False,502.14,502.14,False,,498.51,False,,0.0
2022-01,Jugos líquidos,False,510.1,510.1,False,,502.14,False,,0.0
2022-02,Jugos líquidos,False,517.53,517.53,False,,510.1,False,,0.0
2022-03,Jugos líquidos,False,534.98,534.98,False,,517.53,False,,0.0
2022-04,Jugos líquidos,False,546.87,546.87,False,,534.98,False,,0.0
2022-05,Jugos líquidos,False,556.63,556.63,False,,546.87,False,,0.0
2022-06,Jugos líquidos,False,564.04,564.04,False,,556.63,False,,0.0
2022-07,Jugos líquidos,False,573.62,573.62,False,,564.04,False,,0.0
2022-08,Jugos líquidos,False,584.55,584.55,False,,573.62,False,,0.0
2022-09,Jugos líquidos,False,595.77,595.77,False,,584.55,False,,0.0
2022-10,Jugos líquidos,False,600.65,600.65,False,,595.77,False,,0.0
2022-11,Jugos líquidos,False,610.08,610.08,False,,600.65,False,,0.0
2022-12,Jugos líquidos,False,616.29,616.29,False,,610.08,False,,0.0
2023-01,Jugos líquidos,False,622.56,622.56,False,,616.29,False,,0.0
2023-02,Jugos líquidos,False,622.81,622.81,False,,622.56,False,,0.0
2023-03,Jugos líquidos,False,625.68,625.68,False,,622.81,False,,0.0
2023-04,Jugos líquidos,False,626.41,626.41,False,,625.68,False,,0.0
2023-05,Jugos líquidos,False,627.66,627.66,False,,626.41,False,,0.0
2023-06,Jugos líquidos,False,630.01,630.01,False,,627.66,False,,0.0
2023-07,Jugos líquidos,False,636.63,636.63,False,,630.01,False,,0.0
2023-08,Jugos líquidos,False,638.92,638.92,False,,636.63,False,,0.0
2023-09,Jugos líquidos,False,644.87,644.87,False,,638.92,False,,0.0
2023-10,Jugos líquidos,False,649.9,649.9,False,,644.87,False,,0.0
2023-11,Jugos líquidos,False,655.35,655.35,False,,649.9,False,,0.0
2023-12,Jugos líquidos,False,652.56,652.56,False,,655.35,False,,0.0
2024-01,Jugos líquidos,False,658.26,658.26,False,,652.56,False,,0.0
2024-02,Jugos líquidos,False,660.75,660.75,False,,658.26,False,,0.0
2024-03,Jugos líquidos,False,657.02,657.02,False,,660.75,False,,0.0
2024-04,Jugos líquidos,False,661.79,661.79,False,,657.02,False,,0.0
2024-05,Jugos líquidos,False,662.89,662.89,False,,661.79,False,,0.0
2024-06,Jugos líquidos,False,670.62,670.62,False,,662.89,False,,0.0
2024-07,Jugos líquidos,False,671.59,671.59,False,,670.62,False,,0.0
2024-08,Jugos líquidos,False,675.12,675.12,False,,671.59,False,,0.0
2024-09,Jugos líquidos,False,673.08,673.08,False,,675.12,False,,0.0
2024-10,Jugos líquidos,False,685.67,685.67,False,,673.08,False,,0.0
2024-11,Jugos líquidos,False,685.06,685.06,False,,685.67,False,,0.0
2024-12,Jugos líquidos,False,681.3,681.3,False,,685.06,False,,0.0
2025-01,Jugos líquidos,False,684.37,684.37,False,,681.3,False,,0.0
2025-02,Jugos líquidos,False,686.06,686.06,False,,684.37,False,,0.0
2025-03,Jugos líquidos,False,693.19,693.19,False,,686.06,False,,0.0
2025-04,Jugos líquidos,False,693.9,693.9,False,,693.19,False,,0.0
2025-05,Jugos líquidos,False,695.96,695.96,False,,693.9,False,,0.0
2025-06,Jugos líquidos,False,692.02,692.02,False,,695.96,False,,0.0
2025-07,Jugos líquidos,False,697.24,697.24,False,,692.02,False,,0.0
2025-08,Jugos líquidos,False,702.85,702.85,False,,697.24,False,,0.0
2025-09,Jugos líquidos,False,708.69,708.69,False,,702.85,False,,0.0
2025-10,Jugos líquidos,False,712.03,712.03,False,,708.69,False,,0.0
2025-11,Jugos líquidos,False,714.41,714.41,False,,712.03,False,,0.0
2025-12,Jugos líquidos,False,713.6,713.6,False,,714.41,False,,0.0
2026-01,Jugos líquidos,False,716.3,716.3,False,,713.6,False,,0.0
2026-02,Jugos líquidos,False,717.89,717.89,False,,716.3,False,,0.0
2026-03,Jugos líquidos,False,721.83,721.83,False,,717.89,False,,0.0
2026-04,Jugos líquidos,False,722.81,722.81,False,,721.83,False,,0.0
2026-05,Jugos líquidos,False,719.7,719.7,False,,722.81,False,,0.0
2026-06,Jugos líquidos,False,725.0,725.0,False,,719.7,False,,0.0
2026-07,Jugos líquidos,False,729.5,729.5,False,,725.0,False,,0.0
2026-08,Jugos líquidos,False,738.35,738.35,False,,729.5,False,,0.0
2019-01,Jugos y refrescos en polvo,False,133.93,133.93,False,,134.07,False,,0.0
2019-02,Jugos y refrescos en polvo,False,133.66,133.66,False,,133.93,False,,0.0
2019-03,Jugos y refrescos en polvo,False,134.62,134.62,False,,133.66,False,,0.0
2019-04,Jugos y refrescos en polvo,False,135.16,135.16,False,,134.62,False,,0.0
2019-05,Jugos y refrescos en polvo,False,135.24,135.24,False,,135.16,False,,0.0
2019-06,Jugos y refrescos en polvo,False,135.76,135.76,False,,135.24,False,,0.0
2019-07,Jugos y refrescos en polvo,False,136.06,136.06,False,,135.76,False,,0.0
2019-08,Jugos y refrescos en polvo,False,136.82,136.82,False,,136.06,False,,0.0
2019-09,Jugos y refrescos en polvo,False,136.85,136.85,False,,136.82,False,,0.0
2019-10,Jugos y refrescos en polvo,False,137.87,137.87,False,,136.85,False,,0.0
2019-11,Jugos y refrescos en polvo,False,139.24,139.24,False,,137.87,False,,0.0
2019-12,Jugos y refrescos en polvo,False,138.82,138.82,False,,139.24,False,,0.0
2020-01,Jugos y refrescos en polvo,False,140.02,140.02,False,,138.82,False,,0.0
2020-02,Jugos y refrescos en polvo,False,141.01,141.01,False,,140.02,False,,0.0
2020-03,Jugos y refrescos en polvo,False,141.93,141.93,False,,141.01,False,,0.0
2020-04,Jugos y refrescos en polvo,False,143.01,143.01,False,,141.93,False,,0.0
2020-05,Jugos y refrescos en polvo,False,142.96,142.96,False,,143.01,False,,0.0
2020-06,Jugos y refrescos en polvo,False,143.33,143.33,False,,142.96,False,,0.0
2020-07,Jugos y refrescos en polvo,False,143.96,143.96,False,,143.33,False,,0.0
2020-08,Jugos y refrescos en polvo,False,144.23,144.23,False,,143.96,False,,0.0
2020-09,Jugos y refrescos en polvo,False,146.32,146.32,False,,144.23,False,,0.0
2020-10,Jugos y refrescos en polvo,False,147.41,147.41,False,,146.32,False,,0.0
2020-11,Jugos y refrescos en polvo,False,147.61,147.61,False,,147.41,False,,0.0
2020-12,Jugos y refrescos en polvo,False,147.96,147.96,False,,147.61,False,,0.0
2021-01,Jugos y refrescos en polvo,False,149.63,149.63,False,,147.96,False,,0.0
2021-02,Jugos y refrescos en polvo,False,149.06,149.06,False,,149.63,False,,0.0
2021-03,Jugos y refrescos en polvo,False,148.66,148.66,False,,149.06,False,,0.0
2021-04,Jugos y refrescos en polvo,False,149.7,149.7,False,,148.66,False,,0.0
2021-05,Jugos y refrescos en polvo,False,149.46,149.46,False,,149.7,False,,0.0
2021-06,Jugos y refrescos en polvo,False,149.54,149.54,False,,149.46,False,,0.0
2021-07,Jugos y refrescos en polvo,False,151.06,151.06,False,,149.54,False,,0.0
2021-08,Jugos y refrescos en polvo,False,151.78,151.78,False,,151.06,False,,0.0
2021-09,Jugos y refrescos en polvo,False,154.54,154.54,False,,151.78,False,,0.0
2021-10,Jugos y refrescos en polvo,False,156.12,156.12,False,,154.54,False,,0.0
2021-11,Jugos y refrescos en polvo,False,156.54,156.54,False,,156.12,False,,0.0
2021-12,Jugos y refrescos en polvo,False,157.68,157.68,False,,156.54,False,,0.0
2022-01,Jugos y refrescos en polvo,False,160.18,160.18,False,,157.68,False,,0.0
2022-02,Jugos y refrescos en polvo,False,162.52,162.52,False,,160.18,False,,0.0
2022-03,Jugos y refrescos en polvo,False,167.99,167.99,False,,162.52,False,,0.0
2022-04,Jugos y refrescos en polvo,False,171.73,171.73,False,,167.99,False,,0.0
2022-05,Jugos y refrescos en polvo,False,174.79,174.79,False,,171.73,False,,0.0
2022-06,Jugos y refrescos en polvo,False,177.12,177.12,False,,174.79,False,,0.0
2022-07,Jugos y refrescos en polvo,False,180.13,180.13,False,,177.12,False,,0.0
2022-08,Jugos y refrescos en polvo,False,183.56,183.56,False,,180.13,False,,0.0
2022-09,Jugos y refrescos en polvo,False,187.08,187.08,False,,183.56,False,,0.0
2022-10,Jugos y refrescos en polvo,False,188.62,188.62,False,,187.08,False,,0.0
2022-11,Jugos y refrescos en polvo,False,191.58,191.58,False,,188.62,False,,0.0
2022-12,Jugos y refrescos en polvo,False,193.53,193.53,False,,191.58,False,,0.0
2023-01,Jugos y refrescos en polvo,False,195.5,195.5,False,,193.53,False,,0.0
2023-02,Jugos y refrescos en polvo,False,195.58,195.58,False,,195.5,False,,0.0
2023-03,Jugos y refrescos en polvo,False,196.48,196.48,False,,195.58,False,,0.0
2023-04,Jugos y refrescos en polvo,False,196.7,196.7,False,,196.48,False,,0.0
2023-05,Jugos y refrescos en polvo,False,197.1,197.1,False,,196.7,False,,0.0
2023-06,Jugos y refrescos en polvo,False,197.83,197.83,False,,197.1,False,,0.0
2023-07,Jugos y refrescos en polvo,False,199.91,199.91,False,,197.83,False,,0.0
2023-08,Jugos y refrescos en polvo,False,200.63,200.63,False,,199.91,False,,0.0
2023-09,Jugos y refrescos en polvo,False,202.5,202.5,False,,200.63,False,,0.0
2023-10,Jugos y refrescos en polvo,False,204.08,204.08,False,,202.5,False,,0.0
2023-11,Jugos y refrescos en polvo,False,205.79,205.79,False,,204.08,False,,0.0
2023-12,Jugos y refrescos en polvo,False,204.91,204.91,False,,205.79,False,,0.0
2024-01,Jugos y refrescos en polvo,False,206.71,206.71,False,,204.91,False,,0.0
2024-02,Jugos y refrescos en polvo,False,207.49,207.49,False,,206.71,False,,0.0
2024-03,Jugos y refrescos en polvo,False,206.32,206.32,False,,207.49,False,,0.0
2024-04,Jugos y refrescos en polvo,False,207.82,207.82,False,,206.32,False,,0.0
2024-05,Jugos y refrescos en polvo,False,208.16,208.16,False,,207.82,False,,0.0
2024-06,Jugos y refrescos en polvo,False,210.59,210.59,False,,208.16,False,,0.0
2024-07,Jugos y refrescos en polvo,False,210.89,210.89,False,,210.59,False,,0.0
2024-08,Jugos y refrescos en polvo,False,212.0,212.0,False,,210.89,False,,0.0
2024-09,Jugos y refrescos en polvo,False,211.36,211.36,False,,212.0,False,,0.0
2024-10,Jugos y refrescos en polvo,False,215.31,215.31,False,,211.36,False,,0.0
2024-11,Jugos y refrescos en polvo,False,215.12,215.12,False,,215.31,False,,0.0
2024-12,Jugos y refrescos en polvo,False,213.94,213.94,False,,215.12,False,,0.0
2025-01,Jugos y refrescos en polvo,False,214.91,214.91,False,,213.94,False,,0.0
2025-02,Jugos y refrescos en polvo,False,215.43,215.43,False,,214.91,False,,0.0
2025-03,Jugos y refrescos en polvo,False,217.67,217.67,False,,215.43,False,,0.0
2025-04,Jugos y refrescos en polvo,False,217.9,217.9,False,,217.67,False,,0.0
2025-05,Jugos y refrescos en polvo,False,218.54,218.54,False,,217.9,False,,0.0
2025-06,Jugos y refrescos en polvo,False,217.31,217.31,False,,218.54,False,,0.0
2025-07,Jugos y refrescos en polvo,False,218.95,218.95,False,,217.31,False,,0.0
2025-08,Jugos y refrescos en polvo,False,220.71,220.71,False,,218.95,False,,0.0
2025-09,Jugos y refrescos en polvo,False,222.54,222.54,False,,220.71,False,,0.0
2025-10,Jugos y refrescos en polvo,False,223.59,223.59,False,,222.54,False,,0.0
2025-11,Jugos y refrescos en polvo,False,224.34,224.34,False,,223.59,False,,0.0
2025-12,Jugos y refrescos en polvo,False,224.09,224.09,False,,224.34,False,,0.0
2026-01,Jugos y refrescos en polvo,False,224.93,224.93,False,,224.09,False,,0.0
2026-02,Jugos y refrescos en polvo,False,225.43,225.43,False,,224.93,False,,0.0
2026-03,Jugos y refrescos en polvo,False,226.67,226.67,False,,225.43,False,,0.0
2026-04,Jugos y refrescos en polvo,False,226.98,226.98,False,,226.67,False,,0.0
2026-05,Jugos y refrescos en polvo,False,226.0,226.0,False,,226.98,False,,0.0
2026-06,Jugos y refrescos en polvo,False,227.66,227.66,False,,226.0,False,,0.0
2026-07,Jugos y refrescos en polvo,False,229.08,229.08,False,,227.66,False,,0.0
2026-08,Jugos y refrescos en polvo,False,231.86,231.86,False,,229.08,False,,0.0
2019-01,Café,False,400.99,400.99,False,,401.4,False,,0.0
2019-02,Café,False,400.2,400.2,False,,400.99,False,,0.0
2019-03,Café,False,403.06,403.06,False,,400.2,False,,0.0
2019-04,Café,False,404.67,404.67,False,,403.06,False,,0.0
2019-05,Café,False,404.91,404.91,False,,404.67,False,,0.0
2019-06,Café,False,406.49,406.49,False,,404.91,False,,0.0
2019-07,Café,False,407.37,407.37,False,,406.49,False,,0.0
2019-08,Café,False,409.65,409.65,False,,407.37,False,,0.0
2019-09,Café,False,409.75,409.75,False,,409.65,False,,0.0
2019-10,Café,False,412.79,412.79,False,,409.75,False,,0.0
2019-11,Café,False,416.9,416.9,False,,412.79,False,,0.0
2019-12,Café,False,415.64,415.64,False,,416.9,False,,0.0
2020-01,Café,False,419.22,419.22,False,,415.64,False,,0.0
2020-02,Café,False,422.19,422.19,False,,419.22,False,,0.0
2020-03,Café,False,424.96,424.96,False,,422.19,False,,0.0
2020-04,Café,False,428.18,428.18,False,,424.96,False,,0.0
2020-05,Café,False,428.04,428.04,False,,428.18,False,,0.0
2020-06,Café,False,429.15,429.15,False,,428.04,False,,0.0
2020-07,Café,False,431.02,431.02,False,,429.15,False,,0.0
2020-08,Café,False,431.82,431.82,False,,431.02,False,,0.0
2020-09,Café,False,438.1,438.1,False,,431.82,False,,0.0
2020-10,Café,False,441.34,441.34,False,,438.1,False,,0.0
2020-11,Café,False,441.95,441.95,False,,441.34,False,,0.0
2020-12,Café,False,442.99,442.99,False,,441.95,False,,0.0
2021-01,Café,False,448.01,448.01,False,,442.99,False,,0.0
2021-02,Café,False,446.29,446.29,False,,448.01,False,,0.0
2021-03,Café,False,445.08,445.08,False,,446.29,False,,0.0
2021-04,Café,False,448.2,448.2,False,,445.08,False,,0.0
2021-05,Café,False,447.49,447.49,False,,448.2,False,,0.0
2021-06,Café,False,447.72,447.72,False,,447.49,False,,0.0
2021-07,Café,False,452.29,452.29,False,,447.72,False,,0.0
2021-08,Café,False,454.43,454.43,False,,452.29,False,,0.0
2021-09,Café,False,462.71,462.71,False,,454.43,False,,0.0
2021-10,Café,False,467.44,467.44,False,,462.71,False,,0.0
2021-11,Café,False,468.69,468.69,False,,467.44,False,,0.0
2021-12,Café,False,472.11,472.11,False,,468.69,False,,0.0
2022-01,Café,False,479.59,479.59,False,,472.11,False,,0.0
2022-02,Café,False,486.58,486.58,False,,479.59,False,,0.0
2022-03,Café,False,502.98,502.98,False,,486.58,False,,0.0
2022-04,Café,False,514.16,514.16,False,,502.98,False,,0.0
2022-05,Café,False,523.33,523.33,False,,514.16,False,,0.0
2022-06,Café,False,530.31,530.31,False,,523.33,False,,0.0
2022-07,Café,False,539.31,539.31,False,,530.31,False,,0.0
2022-08,Café,False,549.58,549.58,False,,539.31,False,,0.0
2022-09,Café,False,560.14,560.14,False,,549.58,False,,0.0
2022-10,Café,False,564.72,564.72,False,,560.14,False,,0.0
2022-11,Café,False,573.59,573.59,False,,564.72,False,,0.0
2022-12,Café,False,579.42,579.42,False,,573.59,False,,0.0
2023-01,Café,False,585.32,585.32,False,,579.42,False,,0.0
2023-02,Café,False,585.56,585.56,False,,585.32,False,,0.0
2023-03,Café,False,588.26,588.26,False,,585.56,False,,0.0
2023-04,Café,False,588.94,588.94,False,,588.26,False,,0.0
2023-05,Café,False,590.12,590.12,False,,588.94,False,,0.0
2023-06,Café,False,592.33,592.33,False,,590.12,False,,0.0
2023-07,Café,False,598.55,598.55,False,,592.33,False,,0.0
2023-08,Café,False,600.71,600.71,False,,598.55,False,,0.0
2023-09,Café,False,606.3,606.3,False,,600.71,False,,0.0
2023-10,Café,False,611.03,611.03,False,,606.3,False,,0.0
2023-11,Café,False,616.16,616.16,False,,611.03,False,,0.0
2023-12,Café,False,613.52,613.52,False,,616.16,False,,0.0
2024-01,Café,False,618.89,618.89,False,,613.52,False,,0.0
2024-02,Café,False,621.23,621.23,False,,618.89,False,,0.0
2024-03,Café,False,617.72,617.72,False,,621.23,False,,0.0
2024-04,Café,False,622.21,622.21,False,,617.72,False,,0.0
2024-05,Café,False,623.24,623.24,False,,622.21,False,,0.0
2024-06,Café,False,630.51,630.51,False,,623.24,False,,0.0
2024-07,Café,False,631.42,631.42,False,,630.51,False,,0.0
2024-08,Café,False,634.74,634.74,False,,631.42,False,,0.0
2024-09,Café,False,632.82,632.82,False,,634.74,False,,0.0
2024-10,Café,False,644.65,644.65,False,,632.82,False,,0.0
2024-11,Café,False,644.08,644.08,False,,644.65,False,,0.0
2024-12,Café,False,640.55,640.55,False,,644.08,False,,0.0
2025-01,Café,False,643.44,643.44,False,,640.55,False,,0.0
2025-02,Café,False,645.02,645.02,False,,643.44,False,,0.0
2025-03,Café,False,651.72,651.72,False,,645.02,False,,0.0
2025-04,Café,False,652.4,652.4,False,,651.72,False,,0.0
2025-05,Café,False,654.33,654.33,False,,652.4,False,,0.0
2025-06,Café,False,650.62,650.62,False,,654.33,False,,0.0
2025-07,Café,False,655.53,655.53,False,,650.62,False,,0.0
2025-08,Café,False,660.81,660.81,False,,655.53,False,,0.0
2025-09,Café,False,666.3,666.3,False,,660.81,False,,0.0
2025-10,Café,False,669.44,669.44,False,,666.3,False,,0.0
2025-11,Café,False,671.68,671.68,False,,669.44,False,,0.0
2025-12,Café,False,670.92,670.92,False,,671.68,False,,0.0
2026-01,Café,False,673.46,673.46,False,,670.92,False,,0.0
2026-02,Café,False,674.95,674.95,False,,673.46,False,,0.0
2026-03,Café,False,678.65,678.65,False,,674.95,False,,0.0
2026-04,Café,False,679.58,679.58,False,,678.65,False,,0.0
2026-05,Café,False,676.65,676.65,False,,679.58,False,,0.0
2026-06,Café,False,681.64,681.64,False,,676.65,False,,0.0
2026-07,Café,False,685.86,685.86,False,,681.64,False,,0.0
2026-08,Café,False,694.19,694.19,False,,685.86,False,,0.0
2019-01,Té,False,419.32,419.32,False,,419.76,False,,0.0
2019-02,Té,False,418.5,418.5,False,,419.32,False,,0.0
2019-03,Té,False,421.49,421.49,False,,418.5,False,,0.0
2019-04,Té,False,423.18,423.18,False,,421.49,False,,0.0
2019-05,Té,False,423.43,423.43,False,,423.18,False,,0.0
2019-06,Té,False,425.07,425.07,False,,423.43,False,,0.0
2019-07,Té,False,426.0,426.0,False,,425.07,False,,0.0
2019-08,Té,False,428.38,428.38,False,,426.0,False,,0.0
2019-09,Té,False,428.48,428.48,False,,428.38,False,,0.0
2019-10,Té,False,431.67,431.67,False,,428.48,False,,0.0
2019-11,Té,False,435.96,435.96,False,,431.67,False,,0.0
2019-12,Té,False,434.64,434.64,False,,435.96,False,,0.0
2020-01,Té,False,438.39,438.39,False,,434.64,False,,0.0
2020-02,Té,False,441.49,441.49,False,,438.39,False,,0.0
2020-03,Té,False,444.39,444.39,False,,441.49,False,,0.0
2020-04,Té,False,447.76,447.76,False,,444.39,False,,0.0
2020-05,Té,False,447.61,447.61,False,,447.76,False,,0.0
2020-06,Té,False,448.77,448.77,False,,447.61,False,,0.0
2020-07,Té,False,450.73,450.73,False,,448.77,False,,0.0
2020-08,Té,False,451.57,451.57,False,,450.73,False,,0.0
2020-09,Té,False,458.13,458.13,False,,451.57,False,,0.0
2020-10,Té,False,461.52,461.52,False,,458.13,False,,0.0
2020-11,Té,False,462.16,462.16,False,,461.52,False,,0.0
2020-12,Té,False,463.24,463.24,False,,462.16,False,,0.0
2021-01,Té,False,468.5,468.5,False,,463.24,False,,0.0
2021-02,Té,False,466.7,466.7,False,,468.5,False,,0.0
2021-03,Té,False,465.44,465.44,False,,466.7,False,,0.0
2021-04,Té,False,468.69,468.69,False,,465.44,False,,0.0
2021-05,Té,False,467.95,467.95,False,,468.69,False,,0.0
2021-06,Té,False,468.2,468.2,False,,467.95,False,,0.0
2021-07,Té,False,472.97,472.97,False,,468.2,False,,0.0
2021-08,Té,False,475.21,475.21,False,,472.97,False,,0.0
2021-09,Té,False,483.87,483.87,False,,475.21,False,,0.0
2021-10,Té,False,488.81,488.81,False,,483.87,False,,0.0
2021-11,Té,False,490.12,490.12,False,,488.81,False,,0.0
2021-12,Té,False,493.69,493.69,False,,490.12,False,,0.0
2022-01,Té,False,501.52,501.52,False,,493.69,False,,0.0
2022-02,Té,False,508.83,508.83,False,,501.52,False,,0.0
2022-03,Té,False,525.98,525.98,False,,508.83,False,,0.0
2022-04,Té,False,537.67,537.67,False,,525.98,False,,0.0
2022-05,Té,False,547.26,547.26,False,,537.67,False,,0.0
2022-06,Té,False,554.55,554.55,False,,547.26,False,,0.0
2022-07,Té,False,563.97,563.97,False,,554.55,False,,0.0
2022-08,Té,False,574.71,574.71,False,,563.97,False,,0.0
2022-09,Té,False,585.75,585.75,False,,574.71,False,,0.0
2022-10,Té,False,590.55,590.55,False,,585.75,False,,0.0
2022-11,Té,False,599.82,599.82,False,,590.55,False,,0.0
2022-12,Té,False,605.92,605.92,False,,599.82,False,,0.0
2023-01,Té,False,612.09,612.09,False,,605.92,False,,0.0
2023-02,Té,False,612.34,612.34,False,,612.09,False,,0.0
2023-03,Té,False,615.15,615.15,False,,612.34,False,,0.0
2023-04,Té,False,615.87,615.87,False,,615.15,False,,0.0
2023-05,Té,False,617.1,617.1,False,,615.87,False,,0.0
2023-06,Té,False,619.41,619.41,False,,617.1,False,,0.0
2023-07,Té,False,625.92,625.92,False,,619.41,False,,0.0
2023-08,Té,False,628.17,628.17,False,,625.92,False,,0.0
2023-09,Té,False,634.02,634.02,False,,628.17,False,,0.0
2023-10,Té,False,638.97,638.97,False,,634.02,False,,0.0
2023-11,Té,False,644.33,644.33,False,,638.97,False,,0.0
2023-12,Té,False,641.58,641.58,False,,644.33,False,,0.0
2024-01,Té,False,647.19,647.19,False,,641.58,False,,0.0
2024-02,Té,False,649.63,649.63,False,,647.19,False,,0.0
2024-03,Té,False,645.96,645.96,False,,649.63,False,,0.0
2024-04,Té,False,650.66,650.66,False,,645.96,False,,0.0
2024-05,Té,False,651.74,651.74,False,,650.66,False,,0.0
2024-06,Té,False,659.34,659.34,False,,651.74,False,,0.0
2024-07,Té,False,660.3,660.3,False,,659.34,False,,0.0
2024-08,Té,False,663.77,663.77,False,,660.3,False,,0.0
2024-09,Té,False,661.76,661.76,False,,663.77,False,,0.0
2024-10,Té,False,674.13,674.13,False,,661.76,False,,0.0
2024-11,Té,False,673.54,673.54,False,,674.13,False,,0.0
2024-12,Té,False,669.84,669.84,False,,673.54,False,,0.0
2025-01,Té,False,672.86,672.86,False,,669.84,False,,0.0
2025-02,Té,False,674.52,674.52,False,,672.86,False,,0.0
2025-03,Té,False,681.52,681.52,False,,674.52,False,,0.0
2025-04,Té,False,682.23,682.23,False,,681.52,False,,0.0
2025-05,Té,False,684.25,684.25,False,,682.23,False,,0.0
2025-06,Té,False,680.37,680.37,False,,684.25,False,,0.0
2025-07,Té,False,685.51,685.51,False,,680.37,False,,0.0
2025-08,Té,False,691.03,691.03,False,,685.51,False,,0.0
2025-09,Té,False,696.77,696.77,False,,691.03,False,,0.0
2025-10,Té,False,700.05,700.05,False,,696.77,False,,0.0
2025-11,Té,False,702.39,702.39,False,,700.05,False,,0.0
2025-12,Té,False,701.6,701.6,False,,702.39,False,,0.0
2026-01,Té,False,704.25,704.25,False,,701.6,False,,0.0
2026-02,Té,False,705.82,705.82,False,,704.25,False,,0.0
2026-03,Té,False,709.69,709.69,False,,705.82,False,,0.0
2026-04,Té,False,710.65,710.65,False,,709.69,False,,0.0
2026-05,Té,False,707.59,707.59,False,,710.65,False,,0.0
2026-06,Té,False,712.81,712.81,False,,707.59,False,,0.0
2026-07,Té,False,717.23,717.23,False,,712.81,False,,0.0
2026-08,Té,False,725.93,725.93,False,,717.23,False,,0.0
2019-01,Aguas minerales embotelladas sin sabor,False,743.78,743.78,False,,744.55,False,,0.0
2019-02,Aguas minerales embotelladas sin sabor,False,742.32,742.32,False,,743.78,False,,0.0
2019-03,Aguas minerales embotelladas sin sabor,False,747.63,747.63,False,,742.32,False,,0.0
2019-04,Aguas minerales embotelladas sin sabor,False,750.62,750.62,False,,747.63,False,,0.0
2019-05,Aguas minerales embotelladas sin sabor,False,751.06,751.06,False,,750.62,False,,0.0
2019-06,Aguas minerales embotelladas sin sabor,False,753.98,753.98,False,,751.06,False,,0.0
2019-07,Aguas minerales embotelladas sin sabor,False,755.62,755.62,False,,753.98,False,,0.0
2019-08,Aguas minerales embotelladas sin sabor,False,759.85,759.85,False,,755.62,False,,0.0
2019-09,Aguas minerales embotelladas sin sabor,False,760.03,760.03,False,,759.85,False,,0.0
2019-10,Aguas minerales embotelladas sin sabor,False,765.68,765.68,False,,760.03,False,,0.0
2019-11,Aguas minerales embotelladas sin sabor,False,773.29,773.29,False,,765.68,False,,0.0
2019-12,Aguas minerales embotelladas sin sabor,False,770.96,770.96,False,,773.29,False,,0.0
2020-01,Aguas minerales embotelladas sin sabor,False,777.6,777.6,False,,770.96,False,,0.0
2020-02,Aguas minerales embotelladas sin sabor,False,783.1,783.1,False,,777.6,False,,0.0
2020-03,Aguas minerales embotelladas sin sabor,False,788.24,788.24,False,,783.1,False,,0.0
2020-04,Aguas minerales embotelladas sin sabor,False,794.22,794.22,False,,788.24,False,,0.0
2020-05,Aguas minerales embotelladas sin sabor,False,793.96,793.96,False,,794.22,False,,0.0
2020-06,Aguas minerales embotelladas sin sabor,False,796.01,796.01,False,,793.96,False,,0.0
2020-07,Aguas minerales embotelladas sin sabor,False,799.49,799.49,False,,796.01,False,,0.0
2020-08,Aguas minerales embotelladas sin sabor,False,800.97,800.97,False,,799.49,False,,0.0
2020-09,Aguas minerales embotelladas sin sabor,False,812.62,812.62,False,,800.97,False,,0.0
2020-10,Aguas minerales embotelladas sin sabor,False,818.63,818.63,False,,812.62,False,,0.0
2020-11,Aguas minerales embotelladas sin sabor,False,819.77,819.77,False,,818.63,False,,0.0
2020-12,Aguas minerales embotelladas sin sabor,False,821.68,821.68,False,,819.77,False,,0.0
2021-01,Aguas minerales embotelladas sin sabor,False,831.01,831.01,False,,821.68,False,,0.0
2021-02,Aguas minerales embotelladas sin sabor,False,827.81,827.81,False,,831.01,False,,0.0
2021-03,Aguas minerales embotelladas sin sabor,False,825.57,825.57,False,,827.81,False,,0.0
2021-04,Aguas minerales embotelladas sin sabor,False,831.35,831.35,False,,825.57,False,,0.0
2021-05,Aguas minerales embotelladas sin sabor,False,830.03,830.03,False,,831.35,False,,0.0
2021-06,Aguas minerales embotelladas sin sabor,False,830.47,830.47,False,,830.03,False,,0.0
2021-07,Aguas minerales embotelladas sin sabor,False,838.94,838.94,False,,830.47,False,,0.0
2021-08,Aguas minerales embotelladas sin sabor,False,842.91,842.91,False,,838.94,False,,0.0
2021-09,Aguas minerales embotelladas sin sabor,False,858.27,858.27,False,,842.91,False,,0.0
2021-10,Aguas minerales embotelladas sin sabor,False,867.04,867.04,False,,858.27,False,,0.0
2021-11,Aguas minerales embotelladas sin sabor,False,869.36,869.36,False,,867.04,False,,0.0
2021-12,Aguas minerales embotelladas sin sabor,False,875.7,875.7,False,,869.36,False,,0.0
2022-01,Aguas minerales embotelladas sin sabor,False,889.58,889.58,False,,875.7,False,,0.0
2022-02,Aguas minerales embotelladas sin sabor,False,902.54,902.54,False,,889.58,False,,0.0
2022-03,Aguas minerales embotelladas sin sabor,False,932.96,932.96,False,,902.54,False,,0.0
2022-04,Aguas minerales embotelladas sin sabor,False,953.71,953.71,False,,932.96,False,,0.0
2022-05,Aguas minerales embotelladas sin sabor,False,970.71,970.71,False,,953.71,False,,0.0
2022-06,Aguas minerales embotelladas sin sabor,False,983.65,983.65,False,,970.71,False,,0.0
2022-07,Aguas minerales embotelladas sin sabor,False,1000.35,1000.35,False,,983.65,False,,0.0
2022-08,Aguas minerales embotelladas sin sabor,False,1019.4,1019.4,False,,1000.35,False,,0.0
2022-09,Aguas minerales embotelladas sin sabor,False,1038.98,1038.98,False,,1019.4,False,,0.0
2022-10,Aguas minerales embotelladas sin sabor,False,1047.49,1047.49,False,,1038.98,False,,0.0
2022-11,Aguas minerales embotelladas sin sabor,False,1063.93,1063.93,False,,1047.49,False,,0.0
2022-12,Aguas minerales embotelladas sin sabor,False,1074.76,1074.76,False,,1063.93,False,,0.0
2023-01,Aguas minerales embotelladas sin sabor,False,1085.7,1085.7,False,,1074.76,False,,0.0
2023-02,Aguas minerales embotelladas sin sabor,False,1086.14,1086.14,False,,1085.7,False,,0.0
2023-03,Aguas minerales embotelladas sin sabor,False,1091.14,1091.14,False,,1086.14,False,,0.0
2023-04,Aguas minerales embotelladas sin sabor,False,1092.41,1092.41,False,,1091.14,False,,0.0
2023-05,Aguas minerales embotelladas sin sabor,False,1094.59,1094.59,False,,1092.41,False,,0.0
2023-06,Aguas minerales embotelladas sin sabor,False,1098.69,1098.69,False,,1094.59,False,,0.0
2023-07,Aguas minerales embotelladas sin sabor,False,1110.23,1110.23,False,,1098.69,False,,0.0
2023-08,Aguas minerales embotelladas sin sabor,False,1114.23,1114.23,False,,1110.23,False,,0.0
2023-09,Aguas minerales embotelladas sin sabor,False,1124.6,1124.6,False,,1114.23,False,,0.0
2023-10,Aguas minerales embotelladas sin sabor,False,1133.38,1133.38,False,,1124.6,False,,0.0
2023-11,Aguas minerales embotelladas sin sabor,False,1142.89,1142.89,False,,1133.38,False,,0.0
2023-12,Aguas minerales embotelladas sin sabor,False,1138.01,1138.01,False,,1142.89,False,,0.0
2024-01,Aguas minerales embotelladas sin sabor,False,1147.96,1147.96,False,,1138.01,False,,0.0
2024-02,Aguas minerales embotelladas sin sabor,False,1152.3,1152.3,False,,1147.96,False,,0.0
2024-03,Aguas minerales embotelladas sin sabor,False,1145.79,1145.79,False,,1152.3,False,,0.0
2024-04,Aguas minerales embotelladas sin sabor,False,1154.12,1154.12,False,,1145.79,False,,0.0
2024-05,Aguas minerales embotelladas sin sabor,False,1156.04,1156.04,False,,1154.12,False,,0.0
2024-06,Aguas minerales embotelladas sin sabor,False,1169.51,1169.51,False,,1156.04,False,,0.0
2024-07,Aguas minerales embotelladas sin sabor,False,1171.21,1171.21,False,,1169.51,False,,0.0
2024-08,Aguas minerales embotelladas sin sabor,False,1177.36,1177.36,False,,1171.21,False,,0.0
2024-09,Aguas minerales embotelladas sin sabor,False,1173.8,1173.8,False,,1177.36,False,,0.0
2024-10,Aguas minerales embotelladas sin sabor,False,1195.75,1195.75,False,,1173.8,False,,0.0
2024-11,Aguas minerales embotelladas sin sabor,False,1194.69,1194.69,False,,1195.75,False,,0.0
2024-12,Aguas minerales embotelladas sin sabor,False,1188.14,1188.14,False,,1194.69,False,,0.0
2025-01,Aguas minerales embotelladas sin sabor,False,1193.49,1193.49,False,,1188.14,False,,0.0
2025-02,Aguas minerales embotelladas sin sabor,False,1196.43,1196.43,False,,1193.49,False,,0.0
2025-03,Aguas minerales embotelladas sin sabor,False,1208.86,1208.86,False,,1196.43,False,,0.0
2025-04,Aguas minerales embotelladas sin sabor,False,1210.12,1210.12,False,,1208.86,False,,0.0
2025-05,Aguas minerales embotelladas sin sabor,False,1213.69,1213.69,False,,1210.12,False,,0.0
2025-06,Aguas minerales embotelladas sin sabor,False,1206.82,1206.82,False,,1213.69,False,,0.0
2025-07,Aguas minerales embotelladas sin sabor,False,1215.93,1215.93,False,,1206.82,False,,0.0
2025-08,Aguas minerales embotelladas sin sabor,False,1225.72,1225.72,False,,1215.93,False,,0.0
2025-09,Aguas minerales embotelladas sin sabor,False,1235.9,1235.9,False,,1225.72,False,,0.0
2025-10,Aguas minerales embotelladas sin sabor,False,1241.72,1241.72,False,,1235.9,False,,0.0
2025-11,Aguas minerales embotelladas sin sabor,False,1245.88,1245.88,False,,1241.72,False,,0.0
2025-12,Aguas minerales embotelladas sin sabor,False,1244.47,1244.47,False,,1245.88,False,,0.0
2026-01,Aguas minerales embotelladas sin sabor,False,1249.18,1249.18,False,,1244.47,False,,0.0
2026-02,Aguas minerales embotelladas sin sabor,False,1251.95,1251.95,False,,1249.18,False,,0.0
2026-03,Aguas minerales embotelladas sin sabor,False,1258.82,1258.82,False,,1251.95,False,,0.0
2026-04,Aguas minerales embotelladas sin sabor,False,1260.53,1260.53,False,,1258.82,False,,0.0
2026-05,Aguas minerales embotelladas sin sabor,False,1255.11,1255.11,False,,1260.53,False,,0.0
2026-06,Aguas minerales embotelladas sin sabor,False,1264.35,1264.35,False,,1255.11,False,,0.0
2026-07,Aguas minerales embotelladas sin sabor,False,1272.19,1272.19,False,,1264.35,False,,0.0
2026-08,Aguas minerales embotelladas sin sabor,False,1287.63,1287.63,False,,1272.19,False,,0.0
2019-01,Refrescos,False,1517.06,1517.06,False,,1518.63,False,,0.0
2019-02,Refrescos,False,1514.07,1514.07,False,,1517.06,False,,0.0
2019-03,Refrescos,False,1524.91,1524.91,False,,1514.07,False,,0.0
2019-04,Refrescos,False,1531.0,1531.0,False,,1524.91,False,,0.0
2019-05,Refrescos,False,1531.9,1531.9,False,,1531.0,False,,0.0
2019-06,Refrescos,False,1537.86,1537.86,False,,1531.9,False,,0.0
2019-07,Refrescos,False,1541.22,1541.22,False,,1537.86,False,,0.0
2019-08,Refrescos,False,1549.84,1549.84,False,,1541.22,False,,0.0
2019-09,Refrescos,False,1550.19,1550.19,False,,1549.84,False,,0.0
2019-10,Refrescos,False,1561.72,1561.72,False,,1550.19,False,,0.0
2019-11,Refrescos,False,1577.24,1577.24,False,,1561.72,False,,0.0
2019-12,Refrescos,False,1572.49,1572.49,False,,1577.24,False,,0.0
2020-01,Refrescos,False,1586.03,1586.03,False,,1572.49,False,,0.0
2020-02,Refrescos,False,1597.26,1597.26,False,,1586.03,False,,0.0
2020-03,Refrescos,False,1607.73,1607.73,False,,1597.26,False,,0.0
2020-04,Refrescos,False,1619.93,1619.93,False,,1607.73,False,,0.0
2020-05,Refrescos,False,1619.4,1619.4,False,,1619.93,False,,0.0
2020-06,Refrescos,False,1623.59,1623.59,False,,1619.4,False,,0.0
2020-07,Refrescos,False,1630.68,1630.68,False,,1623.59,False,,0.0
2020-08,Refrescos,False,1633.71,1633.71,False,,1630.68,False,,0.0
2020-09,Refrescos,False,1657.46,1657.46,False,,1633.71,False,,0.0
2020-10,Refrescos,False,1669.73,1669.73,False,,1657.46,False,,0.0
2020-11,Refrescos,False,1672.05,1672.05,False,,1669.73,False,,0.0
2020-12,Refrescos,False,1675.95,1675.95,False,,1672.05,False,,0.0
2021-01,Refrescos,False,1694.97,1694.97,False,,1675.95,False,,0.0
2021-02,Refrescos,False,1688.45,1688.45,False,,1694.97,False,,0.0
2021-03,Refrescos,False,1683.89,1683.89,False,,1688.45,False,,0.0
2021-04,Refrescos,False,1695.66,1695.66,False,,1683.89,False,,0.0
2021-05,Refrescos,False,1692.98,1692.98,False,,1695.66,False,,0.0
2021-06,Refrescos,False,1693.88,1693.88,False,,1692.98,False,,0.0
2021-07,Refrescos,False,1711.16,1711.16,False,,1693.88,False,,0.0
2021-08,Refrescos,False,1719.24,1719.24,False,,1711.16,False,,0.0
2021-09,Refrescos,False,1750.58,1750.58,False,,1719.24,False,,0.0
2021-10,Refrescos,False,1768.46,1768.46,False,,1750.58,False,,0.0
2021-11,Refrescos,False,1773.21,1773.21,False,,1768.46,False,,0.0
2021-12,Refrescos,False,1786.12,1786.12,False,,1773.21,False,,0.0
2022-01,Refrescos,False,1814.44,1814.44,False,,1786.12,False,,0.0
2022-02,Refrescos,False,1840.87,1840.87,False,,1814.44,False,,0.0
2022-03,Refrescos,False,1902.91,1902.91,False,,1840.87,False,,0.0
2022-04,Refrescos,False,1945.23,1945.23,False,,1902.91,False,,0.0
2022-05,Refrescos,False,1979.92,1979.92,False,,1945.23,False,,0.0
2022-06,Refrescos,False,2006.3,2006.3,False,,1979.92,False,,0.0
2022-07,Refrescos,False,2040.36,2040.36,False,,2006.3,False,,0.0
2022-08,Refrescos,False,2079.23,2079.23,False,,2040.36,False,,0.0
2022-09,Refrescos,False,2119.17,2119.17,False,,2079.23,False,,0.0
2022-10,Refrescos,False,2136.52,2136.52,False,,2119.17,False,,0.0
2022-11,Refrescos,False,2170.05,2170.05,False,,2136.52,False,,0.0
2022-12,Refrescos,False,2192.13,2192.13,False,,2170.05,False,,0.0
2023-01,Refrescos,False,2214.46,2214.46,False,,2192.13,False,,0.0
2023-02,Refrescos,False,2215.35,2215.35,False,,2214.46,False,,0.0
2023-03,Refrescos,False,2225.55,2225.55,False,,2215.35,False,,0.0
2023-04,Refrescos,False,2228.14,2228.14,False,,2225.55,False,,0.0
2023-05,Refrescos,False,2232.59,2232.59,False,,2228.14,False,,0.0
2023-06,Refrescos,False,2240.95,2240.95,False,,2232.59,False,,0.0
2023-07,Refrescos,False,2264.49,2264.49,False,,2240.95,False,,0.0
2023-08,Refrescos,False,2272.66,2272.66,False,,2264.49,False,,0.0
2023-09,Refrescos,False,2293.8,2293.8,False,,2272.66,False,,0.0
2023-10,Refrescos,False,2311.71,2311.71,False,,2293.8,False,,0.0
2023-11,Refrescos,False,2331.1,2331.1,False,,2311.71,False,,0.0
2023-12,Refrescos,False,2321.15,2321.15,False,,2331.1,False,,0.0
2024-01,Refrescos,False,2341.44,2341.44,False,,2321.15,False,,0.0
2024-02,Refrescos,False,2350.3,2350.3,False,,2341.44,False,,0.0
2024-03,Refrescos,False,2337.01,2337.01,False,,2350.3,False,,0.0
2024-04,Refrescos,False,2354.01,2354.01,False,,2337.01,False,,0.0
2024-05,Refrescos,False,2357.92,2357.92,False,,2354.01,False,,0.0
2024-06,Refrescos,False,2385.41,2385.41,False,,2357.92,False,,0.0
2024-07,Refrescos,False,2388.86,2388.86,False,,2385.41,False,,0.0
2024-08,Refrescos,False,2401.42,2401.42,False,,2388.86,False,,0.0
2024-09,Refrescos,False,2394.14,2394.14,False,,2401.42,False,,0.0
2024-10,Refrescos,False,2438.92,2438.92,False,,2394.14,False,,0.0
2024-11,Refrescos,False,2436.77,2436.77,False,,2438.92,False,,0.0
2024-12,Refrescos,False,2423.39,2423.39,False,,2436.77,False,,0.0
2025-01,Refrescos,False,2434.32,2434.32,False,,2423.39,False,,0.0
2025-02,Refrescos,False,2440.31,2440.31,False,,2434.32,False,,0.0
2025-03,Refrescos,False,2465.67,2465.67,False,,2440.31,False,,0.0
2025-04,Refrescos,False,2468.22,2468.22,False,,2465.67,False,,0.0
2025-05,Refrescos,False,2475.52,2475.52,False,,2468.22,False,,0.0
2025-06,Refrescos,False,2461.51,2461.51,False,,2475.52,False,,0.0
2025-07,Refrescos,False,2480.07,2480.07,False,,2461.51,False,,0.0
2025-08,Refrescos,False,2500.05,2500.05,False,,2480.07,False,,0.0
2025-09,Refrescos,False,2520.81,2520.81,False,,2500.05,False,,0.0
2025-10,Refrescos,False,2532.68,2532.68,False,,2520.81,False,,0.0
2025-11,Refrescos,False,2541.17,2541.17,False,,2532.68,False,,0.0
2025-12,Refrescos,False,2538.3,2538.3,False,,2541.17,False,,0.0
2026-01,Refrescos,False,2547.9,2547.9,False,,2538.3,False,,0.0
2026-02,Refrescos,False,2553.56,2553.56,False,,2547.9,False,,0.0
2026-03,Refrescos,False,2567.55,2567.55,False,,2553.56,False,,0.0
2026-04,Refrescos,False,2571.05,2571.05,False,,2567.55,False,,0.0
2026-05,Refrescos,False,2559.99,2559.99,False,,2571.05,False,,0.0
2026-06,Refrescos,False,2578.85,2578.85,False,,2559.99,False,,0.0
2026-07,Refrescos,False,2594.83,2594.83,False,,2578.85,False,,0.0
2026-08,Refrescos,False,2626.32,2626.32,False,,2594.83,False,,0.0
2019-01,"Sándwiches, completos, pizzas, empanadas y masas saladas con relleno adquiridos en restaurantes, cafés y similares, con servicio completo",False,302.14,302.14,False,,302.45,False,,0.0
2019-02,"Sándwiches, completos, pizzas, empanadas y masas saladas con relleno adquiridos en restaurantes, cafés y similares, con servicio completo",False,301.54,301.54,False,,302.14,False,,0.0
2019-03,"Sándwiches, completos, pizzas, empanadas y masas saladas con relleno adquiridos en restaurantes, cafés y similares, con servicio completo",False,303.7,303.7,False,,301.54,False,,0.0
2019-04,"Sándwiches, completos, pizzas, empanadas y masas saladas con relleno adquiridos en restaurantes, cafés y similares, con servicio completo",False,304.91,304.91,False,,303.7,False,,0.0
2019-05,"Sándwiches, completos, pizzas, empanadas y masas saladas con relleno adquiridos en restaurantes, cafés y similares, con servicio completo",False,305.09,305.09,False,,304.91,False,,0.0
2019-06,"Sándwiches, completos, pizzas, empanadas y masas saladas con relleno adquiridos en restaurantes, cafés y similares, con servicio completo",False,306.28,306.28,False,,305.09,False,,0.0
2019-07,"Sándwiches, completos, pizzas, empanadas y masas saladas con relleno adquiridos en restaurantes, cafés y similares, con servicio completo",False,306.95,306.95,False,,306.28,False,,0.0
2019-08,"Sándwiches, completos, pizzas, empanadas y masas saladas con relleno adquiridos en restaurantes, cafés y similares, con servicio completo",False,308.66,308.66,False,,306.95,False,,0.0
2019-09,"Sándwiches, completos, pizzas, empanadas y masas saladas con relleno adquiridos en restaurantes, cafés y similares, con servicio completo",False,308.74,308.74,False,,308.66,False,,0.0
2019-10,"Sándwiches, completos, pizzas, empanadas y masas saladas con relleno adquiridos en restaurantes, cafés y similares, con servicio completo",False,311.03,311.03,False,,308.74,False,,0.0
2019-11,"Sándwiches, completos, pizzas, empanadas y masas saladas con relleno adquiridos en restaurantes, cafés y similares, con servicio completo",False,314.12,314.12,False,,311.03,False,,0.0
2019-12,"Sándwiches, completos, pizzas, empanadas y masas saladas con relleno adquiridos en restaurantes, cafés y similares, con servicio completo",False,313.18,313.18,False,,314.12,False,,0.0
2020-01,"Sándwiches, completos, pizzas, empanadas y masas saladas con relleno adquiridos en restaurantes, cafés y similares, con servicio completo",False,315.87,315.87,False,,313.18,False,,0.0
2020-02,"Sándwiches, completos, pizzas, empanadas y masas saladas con relleno adquiridos en restaurantes, cafés y similares, con servicio completo",False,318.11,318.11,False,,315.87,False,,0.0
2020-03,"Sándwiches, completos, pizzas, empanadas y masas saladas con relleno adquiridos en restaurantes, cafés y similares, con servicio completo",False,320.2,320.2,False,,318.11,False,,0.0
2020-04,"Sándwiches, completos, pizzas, empanadas y masas saladas con relleno adquiridos en restaurantes, cafés y similares, con servicio completo",False,322.62,322.62,False,,320.2,False,,0.0
2020-05,"Sándwiches, completos, pizzas, empanadas y masas saladas con relleno adquiridos en restaurantes, cafés y similares, con servicio completo",False,322.52,322.52,False,,322.62,False,,0.0
2020-06,"Sándwiches, completos, pizzas, empanadas y masas saladas con relleno adquiridos en restaurantes, cafés y similares, con servicio completo",False,323.35,323.35,False,,322.52,False,,0.0
2020-07,"Sándwiches, completos, pizzas, empanadas y masas saladas con relleno adquiridos en restaurantes, cafés y similares, con servicio completo",False,324.77,324.77,False,,323.35,False,,0.0
2020-08,"Sándwiches, completos, pizzas, empanadas y masas saladas con relleno adquiridos en restaurantes, cafés y similares, con servicio completo",False,325.37,325.37,False,,324.77,False,,0.0
2020-09,"Sándwiches, completos, pizzas, empanadas y masas saladas con relleno adquiridos en restaurantes, cafés y similares, con servicio completo",False,330.1,330.1,False,,325.37,False,,0.0
2020-10,"Sándwiches, completos, pizzas, empanadas y masas saladas con relleno adquiridos en restaurantes, cafés y similares, con servicio completo",False,332.54,332.54,False,,330.1,False,,0.0
2020-11,"Sándwiches, completos, pizzas, empanadas y masas saladas con relleno adquiridos en restaurantes, cafés y similares, con servicio completo",False,333.0,333.0,False,,332.54,False,,0.0
2020-12,"Sándwiches, completos, pizzas, empanadas y masas saladas con relleno adquiridos en restaurantes, cafés y similares, con servicio completo",False,333.78,333.78,False,,333.0,False,,0.0
2021-01,"Sándwiches, completos, pizzas, empanadas y masas saladas con relleno adquiridos en restaurantes, cafés y similares, con servicio completo",False,337.57,337.57,False,,333.78,False,,0.0
2021-02,"Sándwiches, completos, pizzas, empanadas y masas saladas con relleno adquiridos en restaurantes, cafés y similares, con servicio completo",False,336.27,336.27,False,,337.57,False,,0.0
2021-03,"Sándwiches, completos, pizzas, empanadas y masas saladas con relleno adquiridos en restaurantes, cafés y similares, con servicio completo",False,335.36,335.36,False,,336.27,False,,0.0
2021-04,"Sándwiches, completos, pizzas, empanadas y masas saladas con relleno adquiridos en restaurantes, cafés y similares, con servicio completo",False,337.71,337.71,False,,335.36,False,,0.0
2021-05,"Sándwiches, completos, pizzas, empanadas y masas saladas con relleno adquiridos en restaurantes, cafés y similares, con servicio completo",False,337.17,337.17,False,,337.71,False,,0.0
2021-06,"Sándwiches, completos, pizzas, empanadas y masas saladas con relleno adquiridos en restaurantes, cafés y similares, con servicio completo",False,337.35,337.35,False,,337.17,False,,0.0
2021-07,"Sándwiches, completos, pizzas, empanadas y masas saladas con relleno adquiridos en restaurantes, cafés y similares, con servicio completo",False,340.79,340.79,False,,337.35,False,,0.0
2021-08,"Sándwiches, completos, pizzas, empanadas y masas saladas con relleno adquiridos en restaurantes, cafés y similares, con servicio completo",False,342.4,342.4,False,,340.79,False,,0.0
2021-09,"Sándwiches, completos, pizzas, empanadas y masas saladas con relleno adquiridos en restaurantes, cafés y similares, con servicio completo",False,348.64,348.64,False,,342.4,False,,0.0
2021-10,"Sándwiches, completos, pizzas, empanadas y masas saladas con relleno adquiridos en restaurantes, cafés y similares, con servicio completo",False,352.21,352.21,False,,348.64,False,,0.0
2021-11,"Sándwiches, completos, pizzas, empanadas y masas saladas con relleno adquiridos en restaurantes, cafés y similares, con servicio completo",False,353.15,353.15,False,,352.21,False,,0.0
2021-12,"Sándwiches, completos, pizzas, empanadas y masas saladas con relleno adquiridos en restaurantes, cafés y similares, con servicio completo",False,355.72,355.72,False,,353.15,False,,0.0
2022-01,"Sándwiches, completos, pizzas, empanadas y masas saladas con relleno adquiridos en restaurantes, cafés y similares, con servicio completo",False,361.36,361.36,False,,355.72,False,,0.0
2022-02,"Sándwiches, completos, pizzas, empanadas y masas saladas con relleno adquiridos en restaurantes, cafés y similares, con servicio completo",False,366.63,366.63,False,,361.36,False,,0.0
2022-03,"Sándwiches, completos, pizzas, empanadas y masas saladas con relleno adquiridos en restaurantes, cafés y similares, con servicio completo",False,378.98,378.98,False,,366.63,False,,0.0
2022-04,"Sándwiches, completos, pizzas, empanadas y masas saladas con relleno adquiridos en restaurantes, cafés y similares, con servicio completo",False,387.41,387.41,False,,378.98,False,,0.0
2022-05,"Sándwiches, completos, pizzas, empanadas y masas saladas con relleno adquiridos en restaurantes, cafés y similares, con servicio completo",False,394.32,394.32,False,,387.41,False,,0.0
2022-06,"Sándwiches, completos, pizzas, empanadas y masas saladas con relleno adquiridos en restaurantes, cafés y similares, con servicio completo",False,399.57,399.57,False,,394.32,False,,0.0
2022-07,"Sándwiches, completos, pizzas, empanadas y masas saladas con relleno adquiridos en restaurantes, cafés y similares, con servicio completo",False,406.36,406.36,False,,399.57,False,,0.0
2022-08,"Sándwiches, completos, pizzas, empanadas y masas saladas con relleno adquiridos en restaurantes, cafés y similares, con servicio completo",False,414.1,414.1,False,,406.36,False,,0.0
2022-09,"Sándwiches, completos, pizzas, empanadas y masas saladas con relleno adquiridos en restaurantes, cafés y similares, con servicio completo",False,422.05,422.05,False,,414.1,False,,0.0
2022-10,"Sándwiches, completos, pizzas, empanadas y masas saladas con relleno adquiridos en restaurantes, cafés y similares, con servicio completo",False,425.51,425.51,False,,422.05,False,,0.0
2022-11,"Sándwiches, completos, pizzas, empanadas y masas saladas con relleno adquiridos en restaurantes, cafés y similares, con servicio completo",False,432.19,432.19,False,,425.51,False,,0.0
2022-12,"Sándwiches, completos, pizzas, empanadas y masas saladas con relleno adquiridos en restaurantes, cafés y similares, con servicio completo",False,436.58,436.58,False,,432.19,False,,0.0
2023-01,"Sándwiches, completos, pizzas, empanadas y masas saladas con relleno adquiridos en restaurantes, cafés y similares, con servicio completo",False,441.03,441.03,False,,436.58,False,,0.0
2023-02,"Sándwiches, completos, pizzas, empanadas y masas saladas con relleno adquiridos en restaurantes, cafés y similares, con servicio completo",False,441.21,441.21,False,,441.03,False,,0.0
2023-03,"Sándwiches, completos, pizzas, empanadas y masas saladas con relleno adquiridos en restaurantes, cafés y similares, con servicio completo",False,443.24,443.24,False,,441.21,False,,0.0
2023-04,"Sándwiches, completos, pizzas, empanadas y masas saladas con relleno adquiridos en restaurantes, cafés y similares, con servicio completo",False,443.75,443.75,False,,443.24,False,,0.0
2023-05,"Sándwiches, completos, pizzas, empanadas y masas saladas con relleno adquiridos en restaurantes, cafés y similares, con servicio completo",False,444.64,444.64,False,,443.75,False,,0.0
2023-06,"Sándwiches, completos, pizzas, empanadas y masas saladas con relleno adquiridos en restaurantes, cafés y similares, con servicio completo",False,446.31,446.31,False,,444.64,False,,0.0
2023-07,"Sándwiches, completos, pizzas, empanadas y masas saladas con relleno adquiridos en restaurantes, cafés y similares, con servicio completo",False,450.99,450.99,False,,446.31,False,,0.0
2023-08,"Sándwiches, completos, pizzas, empanadas y masas saladas con relleno adquiridos en restaurantes, cafés y similares, con servicio completo",False,452.62,452.62,False,,450.99,False,,0.0
2023-09,"Sándwiches, completos, pizzas, empanadas y masas saladas con relleno adquiridos en restaurantes, cafés y similares, con servicio completo",False,456.83,456.83,False,,452.62,False,,0.0
2023-10,"Sándwiches, completos, pizzas, empanadas y masas saladas con relleno adquiridos en restaurantes, cafés y similares, con servicio completo",False,460.4,460.4,False,,456.83,False,,0.0
2023-11,"Sándwiches, completos, pizzas, empanadas y masas saladas con relleno adquiridos en restaurantes, cafés y similares, con servicio completo",False,464.26,464.26,False,,460.4,False,,0.0
2023-12,"Sándwiches, completos, pizzas, empanadas y masas saladas con relleno adquiridos en restaurantes, cafés y similares, con servicio completo",False,462.28,462.28,False,,464.26,False,,0.0
2024-01,"Sándwiches, completos, pizzas, empanadas y masas saladas con relleno adquiridos en restaurantes, cafés y similares, con servicio completo",False,466.32,466.32,False,,462.28,False,,0.0
2024-02,"Sándwiches, completos, pizzas, empanadas y masas saladas con relleno adquiridos en restaurantes, cafés y similares, con servicio completo",False,468.08,468.08,False,,466.32,False,,0.0
2024-03,"Sándwiches, completos, pizzas, empanadas y masas saladas con relleno adquiridos en restaurantes, cafés y similares, con servicio completo",False,465.44,465.44,False,,468.08,False,,0.0
2024-04,"Sándwiches, completos, pizzas, empanadas y masas saladas con relleno adquiridos en restaurantes, cafés y similares, con servicio completo",False,468.82,468.82,False,,465.44,False,,0.0
2024-05,"Sándwiches, completos, pizzas, empanadas y masas saladas con relleno adquiridos en restaurantes, cafés y similares, con servicio completo",False,469.6,469.6,False,,468.82,False,,0.0
2024-06,"Sándwiches, completos, pizzas, empanadas y masas saladas con relleno adquiridos en restaurantes, cafés y similares, con servicio completo",False,475.08,475.08,False,,469.6,False,,0.0
2024-07,"Sándwiches, completos, pizzas, empanadas y masas saladas con relleno adquiridos en restaurantes, cafés y similares, con servicio completo",False,475.76,475.76,False,,475.08,False,,0.0
2024-08,"Sándwiches, completos, pizzas, empanadas y masas saladas con relleno adquiridos en restaurantes, cafés y similares, con servicio completo",False,478.26,478.26,False,,475.76,False,,0.0
2024-09,"Sándwiches, completos, pizzas, empanadas y masas saladas con relleno adquiridos en restaurantes, cafés y similares, con servicio completo",False,476.82,476.82,False,,478.26,False,,0.0
2024-10,"Sándwiches, completos, pizzas, empanadas y masas saladas con relleno adquiridos en restaurantes, cafés y similares, con servicio completo",False,485.73,485.73,False,,476.82,False,,0.0
2024-11,"Sándwiches, completos, pizzas, empanadas y masas saladas con relleno adquiridos en restaurantes, cafés y similares, con servicio completo",False,485.3,485.3,False,,485.73,False,,0.0
2024-12,"Sándwiches, completos, pizzas, empanadas y masas saladas con relleno adquiridos en restaurantes, cafés y similares, con servicio completo",False,482.64,482.64,False,,485.3,False,,0.0
2025-01,"Sándwiches, completos, pizzas, empanadas y masas saladas con relleno adquiridos en restaurantes, cafés y similares, con servicio completo",False,484.82,484.82,False,,482.64,False,,0.0
2025-02,"Sándwiches, completos, pizzas, empanadas y masas saladas con relleno adquiridos en restaurantes, cafés y similares, con servicio completo",False,486.01,486.01,False,,484.82,False,,0.0
2025-03,"Sándwiches, completos, pizzas, empanadas y masas saladas con relleno adquiridos en restaurantes, cafés y similares, con servicio completo",False,491.06,491.06,False,,486.01,False,,0.0
2025-04,"Sándwiches, completos, pizzas, empanadas y masas saladas con relleno adquiridos en restaurantes, cafés y similares, con servicio completo",False,491.57,491.57,False,,491.06,False,,0.0
2025-05,"Sándwiches, completos, pizzas, empanadas y masas saladas con relleno adquiridos en restaurantes, cafés y similares, con servicio completo",False,493.02,493.02,False,,491.57,False,,0.0
2025-06,"Sándwiches, completos, pizzas, empanadas y masas saladas con relleno adquiridos en restaurantes, cafés y similares, con servicio completo",False,490.23,490.23,False,,493.02,False,,0.0
2025-07,"Sándwiches, completos, pizzas, empanadas y masas saladas con relleno adquiridos en restaurantes, cafés y similares, con servicio completo",False,493.93,493.93,False,,490.23,False,,0.0
2025-08,"Sándwiches, completos, pizzas, empanadas y masas saladas con relleno adquiridos en restaurantes, cafés y similares, con servicio completo",False,497.91,497.91,False,,493.93,False,,0.0
2025-09,"Sándwiches, completos, pizzas, empanadas y masas saladas con relleno adquiridos en restaurantes, cafés y similares, con servicio completo",False,502.04,502.04,False,,497.91,False,,0.0
2025-10,"Sándwiches, completos, pizzas, empanadas y masas saladas con relleno adquiridos en restaurantes, cafés y similares, con servicio completo",False,504.41,504.41,False,,502.04,False,,0.0
2025-11,"Sándwiches, completos, pizzas, empanadas y masas saladas con relleno adquiridos en restaurantes, cafés y similares, con servicio completo",False,506.1,506.1,False,,504.41,False,,0.0
2025-12,"Sándwiches, completos, pizzas, empanadas y masas saladas con relleno adquiridos en restaurantes, cafés y similares, con servicio completo",False,505.53,505.53,False,,506.1,False,,0.0
2026-01,"Sándwiches, completos, pizzas, empanadas y masas saladas con relleno adquiridos en restaurantes, cafés y similares, con servicio completo",False,507.44,507.44,False,,505.53,False,,0.0
2026-02,"Sándwiches, completos, pizzas, empanadas y masas saladas con relleno adquiridos en restaurantes, cafés y similares, con servicio completo",False,508.56,508.56,False,,507.44,False,,0.0
2026-03,"Sándwiches, completos, pizzas, empanadas y masas saladas con relleno adquiridos en restaurantes, cafés y similares, con servicio completo",False,511.35,511.35,False,,508.56,False,,0.0
2026-04,"Sándwiches, completos, pizzas, empanadas y masas saladas con relleno adquiridos en restaurantes, cafés y similares, con servicio completo",False,512.05,512.05,False,,511.35,False,,0.0
2026-05,"Sándwiches, completos, pizzas, empanadas y masas saladas con relleno adquiridos en restaurantes, cafés y similares, con servicio completo",False,509.84,509.84,False,,512.05,False,,0.0
2026-06,"Sándwiches, completos, pizzas, empanadas y masas saladas con relleno adquiridos en restaurantes, cafés y similares, con servicio completo",False,513.6,513.6,False,,509.84,False,,0.0
2026-07,"Sándwiches, completos, pizzas, empanadas y masas saladas con relleno adquiridos en restaurantes, cafés y similares, con servicio completo",False,516.78,516.78,False,,513.6,False,,0.0
2026-08,"Sándwiches, completos, pizzas, empanadas y masas saladas con relleno adquiridos en restaurantes, cafés y similares, con servicio completo",False,523.06,523.06,False,,516.78,False,,0.0
2019-01,"Platos de fondo adquiridos en restaurantes, cafés y similares, con servicio completo",False,1057.88,1057.88,False,,1058.97,False,,0.0
2019-02,"Platos de fondo adquiridos en restaurantes, cafés y similares, con servicio completo",False,1055.79,1055.79,False,,1057.88,False,,0.0
2019-03,"Platos de fondo adquiridos en restaurantes, cafés y similares, con servicio completo",False,1063.35,1063.35,False,,1055.79,False,,0.0
2019-04,"Platos de fondo adquiridos en restaurantes, cafés y similares, con servicio completo",False,1067.6,1067.6,False,,1063.35,False,,0.0
2019-05,"Platos de fondo adquiridos en restaurantes, cafés y similares, con servicio completo",False,1068.23,1068.23,False,,1067.6,False,,0.0
2019-06,"Platos de fondo adquiridos en restaurantes, cafés y similares, con servicio completo",False,1072.38,1072.38,False,,1068.23,False,,0.0
2019-07,"Platos de fondo adquiridos en restaurantes, cafés y similares, con servicio completo",False,1074.72,1074.72,False,,1072.38,False,,0.0
2019-08,"Platos de fondo adquiridos en restaurantes, cafés y similares, con servicio completo",False,1080.73,1080.73,False,,1074.72,False,,0.0
2019-09,"Platos de fondo adquiridos en restaurantes, cafés y similares, con servicio completo",False,1080.98,1080.98,False,,1080.73,False,,0.0
2019-10,"Platos de fondo adquiridos en restaurantes, cafés y similares, con servicio completo",False,1089.02,1089.02,False,,1080.98,False,,0.0
2019-11,"Platos de fondo adquiridos en restaurantes, cafés y similares, con servicio completo",False,1099.84,1099.84,False,,1089.02,False,,0.0
2019-12,"Platos de fondo adquiridos en restaurantes, cafés y similares, con servicio completo",False,1096.53,1096.53,False,,1099.84,False,,0.0
2020-01,"Platos de fondo adquiridos en restaurantes, cafés y similares, con servicio completo",False,1105.97,1105.97,False,,1096.53,False,,0.0
2020-02,"Platos de fondo adquiridos en restaurantes, cafés y similares, con servicio completo",False,1113.8,1113.8,False,,1105.97,False,,0.0
2020-03,"Platos de fondo adquiridos en restaurantes, cafés y similares, con servicio completo",False,1121.11,1121.11,False,,1113.8,False,,0.0
2020-04,"Platos de fondo adquiridos en restaurantes, cafés y similares, con servicio completo",False,1129.61,1129.61,False,,1121.11,False,,0.0
2020-05,"Platos de fondo adquiridos en restaurantes, cafés y similares, con servicio completo",False,1129.24,1129.24,False,,1129.61,False,,0.0
2020-06,"Platos de fondo adquiridos en restaurantes, cafés y similares, con servicio completo",False,1132.16,1132.16,False,,1129.24,False,,0.0
2020-07,"Platos de fondo adquiridos en restaurantes, cafés y similares, con servicio completo",False,1137.11,1137.11,False,,1132.16,False,,0.0
2020-08,"Platos de fondo adquiridos en restaurantes, cafés y similares, con servicio completo",False,1139.22,1139.22,False,,1137.11,False,,0.0
2020-09,"Platos de fondo adquiridos en restaurantes, cafés y similares, con servicio completo",False,1155.78,1155.78,False,,1139.22,False,,0.0
2020-10,"Platos de fondo adquiridos en restaurantes, cafés y similares, con servicio completo",False,1164.34,1164.34,False,,1155.78,False,,0.0
2020-11,"Platos de fondo adquiridos en restaurantes, cafés y similares, con servicio completo",False,1165.95,1165.95,False,,1164.34,False,,0.0
2020-12,"Platos de fondo adquiridos en restaurantes, cafés y similares, con servicio completo",False,1168.67,1168.67,False,,1165.95,False,,0.0
2021-01,"Platos de fondo adquiridos en restaurantes, cafés y similares, con servicio completo",False,1181.93,1181.93,False,,1168.67,False,,0.0
2021-02,"Platos de fondo adquiridos en restaurantes, cafés y similares, con servicio completo",False,1177.39,1177.39,False,,1181.93,False,,0.0
2021-03,"Platos de fondo adquiridos en restaurantes, cafés y similares, con servicio completo",False,1174.21,1174.21,False,,1177.39,False,,0.0
2021-04,"Platos de fondo adquiridos en restaurantes, cafés y similares, con servicio completo",False,1182.42,1182.42,False,,1174.21,False,,0.0
2021-05,"Platos de fondo adquiridos en restaurantes, cafés y similares, con servicio completo",False,1180.55,1180.55,False,,1182.42,False,,0.0
2021-06,"Platos de fondo adquiridos en restaurantes, cafés y similares, con servicio completo",False,1181.17,1181.17,False,,1180.55,False,,0.0
2021-07,"Platos de fondo adquiridos en restaurantes, cafés y similares, con servicio completo",False,1193.22,1193.22,False,,1181.17,False,,0.0
2021-08,"Platos de fondo adquiridos en restaurantes, cafés y similares, con servicio completo",False,1198.86,1198.86,False,,1193.22,False,,0.0
2021-09,"Platos de fondo adquiridos en restaurantes, cafés y similares, con servicio completo",False,1220.71,1220.71,False,,1198.86,False,,0.0
2021-10,"Platos de fondo adquiridos en restaurantes, cafés y similares, con servicio completo",False,1233.18,1233.18,False,,1220.71,False,,0.0
2021-11,"Platos de fondo adquiridos en restaurantes, cafés y similares, con servicio completo",False,1236.49,1236.49,False,,1233.18,False,,0.0
2021-12,"Platos de fondo adquiridos en restaurantes, cafés y similares, con servicio completo",False,1245.5,1245.5,False,,1236.49,False,,0.0
2022-01,"Platos de fondo adquiridos en restaurantes, cafés y similares, con servicio completo",False,1265.25,1265.25,False,,1245.5,False,,0.0
2022-02,"Platos de fondo adquiridos en restaurantes, cafés y similares, con servicio completo",False,1283.68,1283.68,False,,1265.25,False,,0.0
2022-03,"Platos de fondo adquiridos en restaurantes, cafés y similares, con servicio completo",False,1326.94,1326.94,False,,1283.68,False,,0.0
2022-04,"Platos de fondo adquiridos en restaurantes, cafés y similares, con servicio completo",False,1356.45,1356.45,False,,1326.94,False,,0.0
2022-05,"Platos de fondo adquiridos en restaurantes, cafés y similares, con servicio completo",False,1380.64,1380.64,False,,1356.45,False,,0.0
2022-06,"Platos de fondo adquiridos en restaurantes, cafés y similares, con servicio completo",False,1399.04,1399.04,False,,1380.64,False,,0.0
2022-07,"Platos de fondo adquiridos en restaurantes, cafés y similares, con servicio completo",False,1422.78,1422.78,False,,1399.04,False,,0.0
2022-08,"Platos de fondo adquiridos en restaurantes, cafés y similares, con servicio completo",False,1449.89,1449.89,False,,1422.78,False,,0.0
2022-09,"Platos de fondo adquiridos en restaurantes, cafés y similares, con servicio completo",False,1477.74,1477.74,False,,1449.89,False,,0.0
2022-10,"Platos de fondo adquiridos en restaurantes, cafés y similares, con servicio completo",False,1489.84,1489.84,False,,1477.74,False,,0.0
2022-11,"Platos de fondo adquiridos en restaurantes, cafés y similares, con servicio completo",False,1513.22,1513.22,False,,1489.84,False,,0.0
2022-12,"Platos de fondo adquiridos en restaurantes, cafés y similares, con servicio completo",False,1528.62,1528.62,False,,1513.22,False,,0.0
2023-01,"Platos de fondo adquiridos en restaurantes, cafés y similares, con servicio completo",False,1544.19,1544.19,False,,1528.62,False,,0.0
2023-02,"Platos de fondo adquiridos en restaurantes, cafés y similares, con servicio completo",False,1544.81,1544.81,False,,1544.19,False,,0.0
2023-03,"Platos de fondo adquiridos en restaurantes, cafés y similares, con servicio completo",False,1551.92,1551.92,False,,1544.81,False,,0.0
2023-04,"Platos de fondo adquiridos en restaurantes, cafés y similares, con servicio completo",False,1553.73,1553.73,False,,1551.92,False,,0.0
2023-05,"Platos de fondo adquiridos en restaurantes, cafés y similares, con servicio completo",False,1556.83,1556.83,False,,1553.73,False,,0.0
2023-06,"Platos de fondo adquiridos en restaurantes, cafés y similares, con servicio completo",False,1562.66,1562.66,False,,1556.83,False,,0.0
2023-07,"Platos de fondo adquiridos en restaurantes, cafés y similares, con servicio completo",False,1579.08,1579.08,False,,1562.66,False,,0.0
2023-08,"Platos de fondo adquiridos en restaurantes, cafés y similares, con servicio completo",False,1584.77,1584.77,False,,1579.08,False,,0.0
2023-09,"Platos de fondo adquiridos en restaurantes, cafés y similares, con servicio completo",False,1599.51,1599.51,False,,1584.77,False,,0.0
2023-10,"Platos de fondo adquiridos en restaurantes, cafés y similares, con servicio completo",False,1612.0,1612.0,False,,1599.51,False,,0.0
2023-11,"Platos de fondo adquiridos en restaurantes, cafés y similares, con servicio completo",False,1625.52,1625.52,False,,1612.0,False,,0.0
2023-12,"Platos de fondo adquiridos en restaurantes, cafés y similares, con servicio completo",False,1618.58,1618.58,False,,1625.52,False,,0.0
2024-01,"Platos de fondo adquiridos en restaurantes, cafés y similares, con servicio completo",False,1632.73,1632.73,False,,1618.58,False,,0.0
2024-02,"Platos de fondo adquiridos en restaurantes, cafés y similares, con servicio completo",False,1638.91,1638.91,False,,1632.73,False,,0.0
2024-03,"Platos de fondo adquiridos en restaurantes, cafés y similares, con servicio completo",False,1629.64,1629.64,False,,1638.91,False,,0.0
2024-04,"Platos de fondo adquiridos en restaurantes, cafés y similares, con servicio completo",False,1641.5,1641.5,False,,1629.64,False,,0.0
2024-05,"Platos de fondo adquiridos en restaurantes, cafés y similares, con servicio completo",False,1644.22,1644.22,False,,1641.5,False,,0.0
2024-06,"Platos de fondo adquiridos en restaurantes, cafés y similares, con servicio completo",False,1663.39,1663.39,False,,1644.22,False,,0.0
2024-07,"Platos de fondo adquiridos en restaurantes, cafés y similares, con servicio completo",False,1665.8,1665.8,False,,1663.39,False,,0.0
2024-08,"Platos de fondo adquiridos en restaurantes, cafés y similares, con servicio completo",False,1674.56,1674.56,False,,1665.8,False,,0.0
2024-09,"Platos de fondo adquiridos en restaurantes, cafés y similares, con servicio completo",False,1669.48,1669.48,False,,1674.56,False,,0.0
2024-10,"Platos de fondo adquiridos en restaurantes, cafés y similares, con servicio completo",False,1700.71,1700.71,False,,1669.48,False,,0.0
2024-11,"Platos de fondo adquiridos en restaurantes, cafés y similares, con servicio completo",False,1699.21,1699.21,False,,1700.71,False,,0.0
2024-12,"Platos de fondo adquiridos en restaurantes, cafés y similares, con servicio completo",False,1689.88,1689.88,False,,1699.21,False,,0.0
2025-01,"Platos de fondo adquiridos en restaurantes, cafés y similares, con servicio completo",False,1697.5,1697.5,False,,1689.88,False,,0.0
2025-02,"Platos de fondo adquiridos en restaurantes, cafés y similares, con servicio completo",False,1701.68,1701.68,False,,1697.5,False,,0.0
2025-03,"Platos de fondo adquiridos en restaurantes, cafés y similares, con servicio completo",False,1719.36,1719.36,False,,1701.68,False,,0.0
2025-04,"Platos de fondo adquiridos en restaurantes, cafés y similares, con servicio completo",False,1721.14,1721.14,False,,1719.36,False,,0.0
2025-05,"Platos de fondo adquiridos en restaurantes, cafés y similares, con servicio completo",False,1726.23,1726.23,False,,1721.14,False,,0.0
2025-06,"Platos de fondo adquiridos en restaurantes, cafés y similares, con servicio completo",False,1716.46,1716.46,False,,1726.23,False,,0.0
2025-07,"Platos de fondo adquiridos en restaurantes, cafés y similares, con servicio completo",False,1729.41,1729.41,False,,1716.46,False,,0.0
2025-08,"Platos de fondo adquiridos en restaurantes, cafés y similares, con servicio completo",False,1743.34,1743.34,False,,1729.41,False,,0.0
2025-09,"Platos de fondo adquiridos en restaurantes, cafés y similares, con servicio completo",False,1757.81,1757.81,False,,1743.34,False,,0.0
2025-10,"Platos de fondo adquiridos en restaurantes, cafés y similares, con servicio completo",False,1766.09,1766.09,False,,1757.81,False,,0.0
2025-11,"Platos de fondo adquiridos en restaurantes, cafés y similares, con servicio completo",False,1772.01,1772.01,False,,1766.09,False,,0.0
2025-12,"Platos de fondo adquiridos en restaurantes, cafés y similares, con servicio completo",False,1770.01,1770.01,False,,1772.01,False,,0.0
2026-01,"Platos de fondo adquiridos en restaurantes, cafés y similares, con servicio completo",False,1776.7,1776.7,False,,1770.01,False,,0.0
2026-02,"Platos de fondo adquiridos en restaurantes, cafés y similares, con servicio completo",False,1780.65,1780.65,False,,1776.7,False,,0.0
2026-03,"Platos de fondo adquiridos en restaurantes, cafés y similares, con servicio completo",False,1790.41,1790.41,False,,1780.65,False,,0.0
2026-04,"Platos de fondo adquiridos en restaurantes, cafés y similares, con servicio completo",False,1792.85,1792.85,False,,1790.41,False,,0.0
2026-05,"Platos de fondo adquiridos en restaurantes, cafés y similares, con servicio completo",False,1785.13,1785.13,False,,1792.85,False,,0.0
2026-06,"Platos de fondo adquiridos en restaurantes, cafés y similares, con servicio completo",False,1798.28,1798.28,False,,1785.13,False,,0.0
2026-07,"Platos de fondo adquiridos en restaurantes, cafés y similares, con servicio completo",False,1809.43,1809.43,False,,1798.28,False,,0.0
2026-08,"Platos de fondo adquiridos en restaurantes, cafés y similares, con servicio completo",False,1831.39,1831.39,False,,1809.43,False,,0.0
2019-01,"Almuerzos y cenas adquiridos en restaurantes, cafés y similares, con servicio completo",False,1949.94,1949.94,False,,1951.96,False,,0.0
2019-02,"Almuerzos y cenas adquiridos en restaurantes, cafés y similares, con servicio completo",False,1946.1,1946.1,False,,1949.94,False,,0.0
2019-03,"Almuerzos y cenas adquiridos en restaurantes, cafés y similares, con servicio completo",False,1960.02,1960.02,False,,1946.1,False,,0.0
2019-04,"Almuerzos y cenas adquiridos en restaurantes, cafés y similares, con servicio completo",False,1967.86,1967.86,False,,1960.02,False,,0.0
2019-05,"Almuerzos y cenas adquiridos en restaurantes, cafés y similares, con servicio completo",False,1969.02,1969.02,False,,1967.86,False,,0.0
2019-06,"Almuerzos y cenas adquiridos en restaurantes, cafés y similares, con servicio completo",False,1976.67,1976.67,False,,1969.02,False,,0.0
2019-07,"Almuerzos y cenas adquiridos en restaurantes, cafés y similares, con servicio completo",False,1980.98,1980.98,False,,1976.67,False,,0.0
2019-08,"Almuerzos y cenas adquiridos en restaurantes, cafés y similares, con servicio completo",False,1992.07,1992.07,False,,1980.98,False,,0.0
2019-09,"Almuerzos y cenas adquiridos en restaurantes, cafés y similares, con servicio completo",False,1992.52,1992.52,False,,1992.07,False,,0.0
2019-10,"Almuerzos y cenas adquiridos en restaurantes, cafés y similares, con servicio completo",False,2007.33,2007.33,False,,1992.52,False,,0.0
2019-11,"Almuerzos y cenas adquiridos en restaurantes, cafés y similares, con servicio completo",False,2027.29,2027.29,False,,2007.33,False,,0.0
2019-12,"Almuerzos y cenas adquiridos en restaurantes, cafés y similares, con servicio completo",False,2021.18,2021.18,False,,2027.29,False,,0.0
2020-01,"Almuerzos y cenas adquiridos en restaurantes, cafés y similares, con servicio completo",False,2038.59,2038.59,False,,2021.18,False,,0.0
2020-02,"Almuerzos y cenas adquiridos en restaurantes, cafés y similares, con servicio completo",False,2053.02,2053.02,False,,2038.59,False,,0.0
2020-03,"Almuerzos y cenas adquiridos en restaurantes, cafés y similares, con servicio completo",False,2066.48,2066.48,False,,2053.02,False,,0.0
2020-04,"Almuerzos y cenas adquiridos en restaurantes, cafés y similares, con servicio completo",False,2082.16,2082.16,False,,2066.48,False,,0.0
2020-05,"Almuerzos y cenas adquiridos en restaurantes, cafés y similares, con servicio completo",False,2081.48,2081.48,False,,2082.16,False,,0.0
2020-06,"Almuerzos y cenas adquiridos en restaurantes, cafés y similares, con servicio completo",False,2086.87,2086.87,False,,2081.48,False,,0.0
2020-07,"Almuerzos y cenas adquiridos en restaurantes, cafés y similares, con servicio completo",False,2095.98,2095.98,False,,2086.87,False,,0.0
2020-08,"Almuerzos y cenas adquiridos en restaurantes, cafés y similares, con servicio completo",False,2099.87,2099.87,False,,2095.98,False,,0.0
2020-09,"Almuerzos y cenas adquiridos en restaurantes, cafés y similares, con servicio completo",False,2130.4,2130.4,False,,2099.87,False,,0.0
2020-10,"Almuerzos y cenas adquiridos en restaurantes, cafés y similares, con servicio completo",False,2146.17,2146.17,False,,2130.4,False,,0.0
2020-11,"Almuerzos y cenas adquiridos en restaurantes, cafés y similares, con servicio completo",False,2149.15,2149.15,False,,2146.17,False,,0.0
2020-12,"Almuerzos y cenas adquiridos en restaurantes, cafés y similares, con servicio completo",False,2154.17,2154.17,False,,2149.15,False,,0.0
2021-01,"Almuerzos y cenas adquiridos en restaurantes, cafés y similares, con servicio completo",False,2178.61,2178.61,False,,2154.17,False,,0.0
2021-02,"Almuerzos y cenas adquiridos en restaurantes, cafés y similares, con servicio completo",False,2170.23,2170.23,False,,2178.61,False,,0.0
2021-03,"Almuerzos y cenas adquiridos en restaurantes, cafés y similares, con servicio completo",False,2164.37,2164.37,False,,2170.23,False,,0.0
2021-04,"Almuerzos y cenas adquiridos en restaurantes, cafés y similares, con servicio completo",False,2179.5,2179.5,False,,2164.37,False,,0.0
2021-05,"Almuerzos y cenas adquiridos en restaurantes, cafés y similares, con servicio completo",False,2176.06,2176.06,False,,2179.5,False,,0.0
2021-06,"Almuerzos y cenas adquiridos en restaurantes, cafés y similares, con servicio completo",False,2177.21,2177.21,False,,2176.06,False,,0.0
2021-07,"Almuerzos y cenas adquiridos en restaurantes, cafés y similares, con servicio completo",False,2199.42,2199.42,False,,2177.21,False,,0.0
2021-08,"Almuerzos y cenas adquiridos en restaurantes, cafés y similares, con servicio completo",False,2209.81,2209.81,False,,2199.42,False,,0.0
2021-09,"Almuerzos y cenas adquiridos en restaurantes, cafés y similares, con servicio completo",False,2250.09,2250.09,False,,2209.81,False,,0.0
2021-10,"Almuerzos y cenas adquiridos en restaurantes, cafés y similares, con servicio completo",False,2273.07,2273.07,False,,2250.09,False,,0.0
2021-11,"Almuerzos y cenas adquiridos en restaurantes, cafés y similares, con servicio completo",False,2279.17,2279.17,False,,2273.07,False,,0.0
2021-12,"Almuerzos y cenas adquiridos en restaurantes, cafés y similares, con servicio completo",False,2295.77,2295.77,False,,2279.17,False,,0.0
2022-01,"Almuerzos y cenas adquiridos en restaurantes, cafés y similares, con servicio completo",False,2332.17,2332.17,False,,2295.77,False,,0.0
2022-02,"Almuerzos y cenas adquiridos en restaurantes, cafés y similares, con servicio completo",False,2366.15,2366.15,False,,2332.17,False,,0.0
2022-03,"Almuerzos y cenas adquiridos en restaurantes, cafés y similares, con servicio completo",False,2445.89,2445.89,False,,2366.15,False,,0.0
2022-04,"Almuerzos y cenas adquiridos en restaurantes, cafés y similares, con servicio completo",False,2500.28,2500.28,False,,2445.89,False,,0.0
2022-05,"Almuerzos y cenas adquiridos en restaurantes, cafés y similares, con servicio completo",False,2544.87,2544.87,False,,2500.28,False,,0.0
2022-06,"Almuerzos y cenas adquiridos en restaurantes, cafés y similares, con servicio completo",False,2578.78,2578.78,False,,2544.87,False,,0.0
2022-07,"Almuerzos y cenas adquiridos en restaurantes, cafés y similares, con servicio completo",False,2622.56,2622.56,False,,2578.78,False,,0.0
2022-08,"Almuerzos y cenas adquiridos en restaurantes, cafés y similares, con servicio completo",False,2672.52,2672.52,False,,2622.56,False,,0.0
2022-09,"Almuerzos y cenas adquiridos en restaurantes, cafés y similares, con servicio completo",False,2723.85,2723.85,False,,2672.52,False,,0.0
2022-10,"Almuerzos y cenas adquiridos en restaurantes, cafés y similares, con servicio completo",False,2746.15,2746.15,False,,2723.85,False,,0.0
2022-11,"Almuerzos y cenas adquiridos en restaurantes, cafés y similares, con servicio completo",False,2789.25,2789.25,False,,2746.15,False,,0.0
2022-12,"Almuerzos y cenas adquiridos en restaurantes, cafés y similares, con servicio completo",False,2817.63,2817.63,False,,2789.25,False,,0.0
2023-01,"Almuerzos y cenas adquiridos en restaurantes, cafés y similares, con servicio completo",False,2846.33,2846.33,False,,2817.63,False,,0.0
2023-02,"Almuerzos y cenas adquiridos en restaurantes, cafés y similares, con servicio completo",False,2847.48,2847.48,False,,2846.33,False,,0.0
2023-03,"Almuerzos y cenas adquiridos en restaurantes, cafés y similares, con servicio completo",False,2860.59,2860.59,False,,2847.48,False,,0.0
2023-04,"Almuerzos y cenas adquiridos en restaurantes, cafés y similares, con servicio completo",False,2863.92,2863.92,False,,2860.59,False,,0.0
2023-05,"Almuerzos y cenas adquiridos en restaurantes, cafés y similares, con servicio completo",False,2869.63,2869.63,False,,2863.92,False,,0.0
2023-06,"Almuerzos y cenas adquiridos en restaurantes, cafés y similares, con servicio completo",False,2880.38,2880.38,False,,2869.63,False,,0.0
2023-07,"Almuerzos y cenas adquiridos en restaurantes, cafés y similares, con servicio completo",False,2910.64,2910.64,False,,2880.38,False,,0.0
2023-08,"Almuerzos y cenas adquiridos en restaurantes, cafés y similares, con servicio completo",False,2921.13,2921.13,False,,2910.64,False,,0.0
2023-09,"Almuerzos y cenas adquiridos en restaurantes, cafés y similares, con servicio completo",False,2948.31,2948.31,False,,2921.13,False,,0.0
2023-10,"Almuerzos y cenas adquiridos en restaurantes, cafés y similares, con servicio completo",False,2971.33,2971.33,False,,2948.31,False,,0.0
2023-11,"Almuerzos y cenas adquiridos en restaurantes, cafés y similares, con servicio completo",False,2996.25,2996.25,False,,2971.33,False,,0.0
2023-12,"Almuerzos y cenas adquiridos en restaurantes, cafés y similares, con servicio completo",False,2983.46,2983.46,False,,2996.25,False,,0.0
2024-01,"Almuerzos y cenas adquiridos en restaurantes, cafés y similares, con servicio completo",False,3009.54,3009.54,False,,2983.46,False,,0.0
2024-02,"Almuerzos y cenas adquiridos en restaurantes, cafés y similares, con servicio completo",False,3020.93,3020.93,False,,3009.54,False,,0.0
2024-03,"Almuerzos y cenas adquiridos en restaurantes, cafés y similares, con servicio completo",False,3003.85,3003.85,False,,3020.93,False,,0.0
2024-04,"Almuerzos y cenas adquiridos en restaurantes, cafés y similares, con servicio completo",False,3025.7,3025.7,False,,3003.85,False,,0.0
2024-05,"Almuerzos y cenas adquiridos en restaurantes, cafés y similares, con servicio completo",False,3030.72,3030.72,False,,3025.7,False,,0.0
2024-06,"Almuerzos y cenas adquiridos en restaurantes, cafés y similares, con servicio completo",False,3066.06,3066.06,False,,3030.72,False,,0.0
2024-07,"Almuerzos y cenas adquiridos en restaurantes, cafés y similares, con servicio completo",False,3070.5,3070.5,False,,3066.06,False,,0.0
2024-08,"Almuerzos y cenas adquiridos en restaurantes, cafés y similares, con servicio completo",False,3086.64,3086.64,False,,3070.5,False,,0.0
2024-09,"Almuerzos y cenas adquiridos en restaurantes, cafés y similares, con servicio completo",False,3077.29,3077.29,False,,3086.64,False,,0.0
2024-10,"Almuerzos y cenas adquiridos en restaurantes, cafés y similares, con servicio completo",False,3134.84,3134.84,False,,3077.29,False,,0.0
2024-11,"Almuerzos y cenas adquiridos en restaurantes, cafés y similares, con servicio completo",False,3132.07,3132.07,False,,3134.84,False,,0.0
2024-12,"Almuerzos y cenas adquiridos en restaurantes, cafés y similares, con servicio completo",False,3114.88,3114.88,False,,3132.07,False,,0.0
2025-01,"Almuerzos y cenas adquiridos en restaurantes, cafés y similares, con servicio completo",False,3128.92,3128.92,False,,3114.88,False,,0.0
2025-02,"Almuerzos y cenas adquiridos en restaurantes, cafés y similares, con servicio completo",False,3136.63,3136.63,False,,3128.92,False,,0.0
2025-03,"Almuerzos y cenas adquiridos en restaurantes, cafés y similares, con servicio completo",False,3169.22,3169.22,False,,3136.63,False,,0.0
2025-04,"Almuerzos y cenas adquiridos en restaurantes, cafés y similares, con servicio completo",False,3172.5,3172.5,False,,3169.22,False,,0.0
2025-05,"Almuerzos y cenas adquiridos en restaurantes, cafés y similares, con servicio completo",False,3181.88,3181.88,False,,3172.5,False,,0.0
2025-06,"Almuerzos y cenas adquiridos en restaurantes, cafés y similares, con servicio completo",False,3163.87,3163.87,False,,3181.88,False,,0.0
2025-07,"Almuerzos y cenas adquiridos en restaurantes, cafés y similares, con servicio completo",False,3187.74,3187.74,False,,3163.87,False,,0.0
2025-08,"Almuerzos y cenas adquiridos en restaurantes, cafés y similares, con servicio completo",False,3213.41,3213.41,False,,3187.74,False,,0.0
2025-09,"Almuerzos y cenas adquiridos en restaurantes, cafés y similares, con servicio completo",False,3240.09,3240.09,False,,3213.41,False,,0.0
2025-10,"Almuerzos y cenas adquiridos en restaurantes, cafés y similares, con servicio completo",False,3255.35,3255.35,False,,3240.09,False,,0.0
2025-11,"Almuerzos y cenas adquiridos en restaurantes, cafés y similares, con servicio completo",False,3266.26,3266.26,False,,3255.35,False,,0.0
2025-12,"Almuerzos y cenas adquiridos en restaurantes, cafés y similares, con servicio completo",False,3262.57,3262.57,False,,3266.26,False,,0.0
2026-01,"Almuerzos y cenas adquiridos en restaurantes, cafés y similares, con servicio completo",False,3274.91,3274.91,False,,3262.57,False,,0.0
2026-02,"Almuerzos y cenas adquiridos en restaurantes, cafés y similares, con servicio completo",False,3282.19,3282.19,False,,3274.91,False,,0.0
2026-03,"Almuerzos y cenas adquiridos en restaurantes, cafés y similares, con servicio completo",False,3300.17,3300.17,False,,3282.19,False,,0.0
2026-04,"Almuerzos y cenas adquiridos en restaurantes, cafés y similares, con servicio completo",False,3304.67,3304.67,False,,3300.17,False,,0.0
2026-05,"Almuerzos y cenas adquiridos en restaurantes, cafés y similares, con servicio completo",False,3290.45,3290.45,False,,3304.67,False,,0.0
2026-06,"Almuerzos y cenas adquiridos en restaurantes, cafés y similares, con servicio completo",False,3314.69,3314.69,False,,3290.45,False,,0.0
2026-07,"Almuerzos y cenas adquiridos en restaurantes, cafés y similares, con servicio completo",False,3335.24,3335.24,False,,3314.69,False,,0.0
2026-08,"Almuerzos y cenas adquiridos en restaurantes, cafés y similares, con servicio completo",False,3375.71,3375.71,False,,3335.24,False,,0.0
2019-01,"Sándwiches, completos, pizzas, empanadas y masas saladas con relleno listos para su consumo, adquiridos en restaurantes, cafés y similares, con servicio limitado",False,374.68,374.68,False,,375.07,False,,0.0
2019-02,"Sándwiches, completos, pizzas, empanadas y masas saladas con relleno listos para su consumo, adquiridos en restaurantes, cafés y similares, con servicio limitado",False,373.94,373.94,False,,374.68,False,,0.0
2019-03,"Sándwiches, completos, pizzas, empanadas y masas saladas con relleno listos para su consumo, adquiridos en restaurantes, cafés y similares, con servicio limitado",False,376.62,376.62,False,,373.94,False,,0.0
2019-04,"Sándwiches, completos, pizzas, empanadas y masas saladas con relleno listos para su consumo, adquiridos en restaurantes, cafés y similares, con servicio limitado",False,378.12,378.12,False,,376.62,False,,0.0
2019-05,"Sándwiches, completos, pizzas, empanadas y masas saladas con relleno listos para su consumo, adquiridos en restaurantes, cafés y similares, con servicio limitado",False,378.35,378.35,False,,378.12,False,,0.0
2019-06,"Sándwiches, completos, pizzas, empanadas y masas saladas con relleno listos para su consumo, adquiridos en restaurantes, cafés y similares, con servicio limitado",False,379.82,379.82,False,,378.35,False,,0.0
2019-07,"Sándwiches, completos, pizzas, empanadas y masas saladas con relleno listos para su consumo, adquiridos en restaurantes, cafés y similares, con servicio limitado",False,380.65,380.65,False,,379.82,False,,0.0
2019-08,"Sándwiches, completos, pizzas, empanadas y masas saladas con relleno listos para su consumo, adquiridos en restaurantes, cafés y similares, con servicio limitado",False,382.78,382.78,False,,380.65,False,,0.0
2019-09,"Sándwiches, completos, pizzas, empanadas y masas saladas con relleno listos para su consumo, adquiridos en restaurantes, cafés y similares, con servicio limitado",False,382.86,382.86,False,,382.78,False,,0.0
2019-10,"Sándwiches, completos, pizzas, empanadas y masas saladas con relleno listos para su consumo, adquiridos en restaurantes, cafés y similares, con servicio limitado",False,385.71,385.71,False,,382.86,False,,0.0
2019-11,"Sándwiches, completos, pizzas, empanadas y masas saladas con relleno listos para su consumo, adquiridos en restaurantes, cafés y similares, con servicio limitado",False,389.54,389.54,False,,385.71,False,,0.0
2019-12,"Sándwiches, completos, pizzas, empanadas y masas saladas con relleno listos para su consumo, adquiridos en restaurantes, cafés y similares, con servicio limitado",False,388.37,388.37,False,,389.54,False,,0.0
2020-01,"Sándwiches, completos, pizzas, empanadas y masas saladas con relleno listos para su consumo, adquiridos en restaurantes, cafés y similares, con servicio limitado",False,391.72,391.72,False,,388.37,False,,0.0
2020-02,"Sándwiches, completos, pizzas, empanadas y masas saladas con relleno listos para su consumo, adquiridos en restaurantes, cafés y similares, con servicio limitado",False,394.49,394.49,False,,391.72,False,,0.0
2020-03,"Sándwiches, completos, pizzas, empanadas y masas saladas con relleno listos para su consumo, adquiridos en restaurantes, cafés y similares, con servicio limitado",False,397.08,397.08,False,,394.49,False,,0.0
2020-04,"Sándwiches, completos, pizzas, empanadas y masas saladas con relleno listos para su consumo, adquiridos en restaurantes, cafés y similares, con servicio limitado",False,400.09,400.09,False,,397.08,False,,0.0
2020-05,"Sándwiches, completos, pizzas, empanadas y masas saladas con relleno listos para su consumo, adquiridos en restaurantes, cafés y similares, con servicio limitado",False,399.96,399.96,False,,400.09,False,,0.0
2020-06,"Sándwiches, completos, pizzas, empanadas y masas saladas con relleno listos para su consumo, adquiridos en restaurantes, cafés y similares, con servicio limitado",False,400.99,400.99,False,,399.96,False,,0.0
2020-07,"Sándwiches, completos, pizzas, empanadas y masas saladas con relleno listos para su consumo, adquiridos en restaurantes, cafés y similares, con servicio limitado",False,402.74,402.74,False,,400.99,False,,0.0
2020-08,"Sándwiches, completos, pizzas, empanadas y masas saladas con relleno listos para su consumo, adquiridos en restaurantes, cafés y similares, con servicio limitado",False,403.49,403.49,False,,402.74,False,,0.0
2020-09,"Sándwiches, completos, pizzas, empanadas y masas saladas con relleno listos para su consumo, adquiridos en restaurantes, cafés y similares, con servicio limitado",False,409.36,409.36,False,,403.49,False,,0.0
2020-10,"Sándwiches, completos, pizzas, empanadas y masas saladas con relleno listos para su consumo, adquiridos en restaurantes, cafés y similares, con servicio limitado",False,412.39,412.39,False,,409.36,False,,0.0
2020-11,"Sándwiches, completos, pizzas, empanadas y masas saladas con relleno listos para su consumo, adquiridos en restaurantes, cafés y similares, con servicio limitado",False,412.96,412.96,False,,412.39,False,,0.0
2020-12,"Sándwiches, completos, pizzas, empanadas y masas saladas con relleno listos para su consumo, adquiridos en restaurantes, cafés y similares, con servicio limitado",False,413.92,413.92,False,,412.96,False,,0.0
2021-01,"Sándwiches, completos, pizzas, empanadas y masas saladas con relleno listos para su consumo, adquiridos en restaurantes, cafés y similares, con servicio limitado",False,418.62,418.62,False,,413.92,False,,0.0
2021-02,"Sándwiches, completos, pizzas, empanadas y masas saladas con relleno listos para su consumo, adquiridos en restaurantes, cafés y similares, con servicio limitado",False,417.01,417.01,False,,418.62,False,,0.0
2021-03,"Sándwiches, completos, pizzas, empanadas y masas saladas con relleno listos para su consumo, adquiridos en restaurantes, cafés y similares, con servicio limitado",False,415.88,415.88,False,,417.01,False,,0.0
2021-04,"Sándwiches, completos, pizzas, empanadas y masas saladas con relleno listos para su consumo, adquiridos en restaurantes, cafés y similares, con servicio limitado",False,418.79,418.79,False,,415.88,False,,0.0
2021-05,"Sándwiches, completos, pizzas, empanadas y masas saladas con relleno listos para su consumo, adquiridos en restaurantes, cafés y similares, con servicio limitado",False,418.13,418.13,False,,418.79,False,,0.0
2021-06,"Sándwiches, completos, pizzas, empanadas y masas saladas con relleno listos para su consumo, adquiridos en restaurantes, cafés y similares, con servicio limitado",False,418.35,418.35,False,,418.13,False,,0.0
2021-07,"Sándwiches, completos, pizzas, empanadas y masas saladas con relleno listos para su consumo, adquiridos en restaurantes, cafés y similares, con servicio limitado",False,422.62,422.62,False,,418.35,False,,0.0
2021-08,"Sándwiches, completos, pizzas, empanadas y masas saladas con relleno listos para su consumo, adquiridos en restaurantes, cafés y similares, con servicio limitado",False,424.62,424.62,False,,422.62,False,,0.0
2021-09,"Sándwiches, completos, pizzas, empanadas y masas saladas con relleno listos para su consumo, adquiridos en restaurantes, cafés y similares, con servicio limitado",False,432.36,432.36,False,,424.62,False,,0.0
2021-10,"Sándwiches, completos, pizzas, empanadas y masas saladas con relleno listos para su consumo, adquiridos en restaurantes, cafés y similares, con servicio limitado",False,436.77,436.77,False,,432.36,False,,0.0
2021-11,"Sándwiches, completos, pizzas, empanadas y masas saladas con relleno listos para su consumo, adquiridos en restaurantes, cafés y similares, con servicio limitado",False,437.94,437.94,False,,436.77,False,,0.0
2021-12,"Sándwiches, completos, pizzas, empanadas y masas saladas con relleno listos para su consumo, adquiridos en restaurantes, cafés y similares, con servicio limitado",False,441.13,441.13,False,,437.94,False,,0.0
2022-01,"Sándwiches, completos, pizzas, empanadas y masas saladas con relleno listos para su consumo, adquiridos en restaurantes, cafés y similares, con servicio limitado",False,448.13,448.13,False,,441.13,False,,0.0
2022-02,"Sándwiches, completos, pizzas, empanadas y masas saladas con relleno listos para su consumo, adquiridos en restaurantes, cafés y similares, con servicio limitado",False,454.66,454.66,False,,448.13,False,,0.0
2022-03,"Sándwiches, completos, pizzas, empanadas y masas saladas con relleno listos para su consumo, adquiridos en restaurantes, cafés y similares, con servicio limitado",False,469.98,469.98,False,,454.66,False,,0.0
2022-04,"Sándwiches, completos, pizzas, empanadas y masas saladas con relleno listos para su consumo, adquiridos en restaurantes, cafés y similares, con servicio limitado",False,480.43,480.43,False,,469.98,False,,0.0
2022-05,"Sándwiches, completos, pizzas, empanadas y masas saladas con relleno listos para su consumo, adquiridos en restaurantes, cafés y similares, con servicio limitado",False,489.0,489.0,False,,480.43,False,,0.0
2022-06,"Sándwiches, completos, pizzas, empanadas y masas saladas con relleno listos para su consumo, adquiridos en restaurantes, cafés y similares, con servicio limitado",False,495.51,495.51,False,,489.0,False,,0.0
2022-07,"Sándwiches, completos, pizzas, empanadas y masas saladas con relleno listos para su consumo, adquiridos en restaurantes, cafés y similares, con servicio limitado",False,503.93,503.93,False,,495.51,False,,0.0
2022-08,"Sándwiches, completos, pizzas, empanadas y masas saladas con relleno listos para su consumo, adquiridos en restaurantes, cafés y similares, con servicio limitado",False,513.53,513.53,False,,503.93,False,,0.0
2022-09,"Sándwiches, completos, pizzas, empanadas y masas saladas con relleno listos para su consumo, adquiridos en restaurantes, cafés y similares, con servicio limitado",False,523.39,523.39,False,,513.53,False,,0.0
2022-10,"Sándwiches, completos, pizzas, empanadas y masas saladas con relleno listos para su consumo, adquiridos en restaurantes, cafés y similares, con servicio limitado",False,527.67,527.67,False,,523.39,False,,0.0
2022-11,"Sándwiches, completos, pizzas, empanadas y masas saladas con relleno listos para su consumo, adquiridos en restaurantes, cafés y similares, con servicio limitado",False,535.96,535.96,False,,527.67,False,,0.0
2022-12,"Sándwiches, completos, pizzas, empanadas y masas saladas con relleno listos para su consumo, adquiridos en restaurantes, cafés y similares, con servicio limitado",False,541.41,541.41,False,,535.96,False,,0.0
2023-01,"Sándwiches, completos, pizzas, empanadas y masas saladas con relleno listos para su consumo, adquiridos en restaurantes, cafés y similares, con servicio limitado",False,546.92,546.92,False,,541.41,False,,0.0
2023-02,"Sándwiches, completos, pizzas, empanadas y masas saladas con relleno listos para su consumo, adquiridos en restaurantes, cafés y similares, con servicio limitado",False,547.14,547.14,False,,546.92,False,,0.0
2023-03,"Sándwiches, completos, pizzas, empanadas y masas saladas con relleno listos para su consumo, adquiridos en restaurantes, cafés y similares, con servicio limitado",False,549.66,549.66,False,,547.14,False,,0.0
2023-04,"Sándwiches, completos, pizzas, empanadas y masas saladas con relleno listos para su consumo, adquiridos en restaurantes, cafés y similares, con servicio limitado",False,550.3,550.3,False,,549.66,False,,0.0
2023-05,"Sándwiches, completos, pizzas, empanadas y masas saladas con relleno listos para su consumo, adquiridos en restaurantes, cafés y similares, con servicio limitado",False,551.4,551.4,False,,550.3,False,,0.0
2023-06,"Sándwiches, completos, pizzas, empanadas y masas saladas con relleno listos para su consumo, adquiridos en restaurantes, cafés y similares, con servicio limitado",False,553.47,553.47,False,,551.4,False,,0.0
2023-07,"Sándwiches, completos, pizzas, empanadas y masas saladas con relleno listos para su consumo, adquiridos en restaurantes, cafés y similares, con servicio limitado",False,559.28,559.28,False,,553.47,False,,0.0
2023-08,"Sándwiches, completos, pizzas, empanadas y masas saladas con relleno listos para su consumo, adquiridos en restaurantes, cafés y similares, con servicio limitado",False,561.3,561.3,False,,559.28,False,,0.0
2023-09,"Sándwiches, completos, pizzas, empanadas y masas saladas con relleno listos para su consumo, adquiridos en restaurantes, cafés y similares, con servicio limitado",False,566.52,566.52,False,,561.3,False,,0.0
2023-10,"Sándwiches, completos, pizzas, empanadas y masas saladas con relleno listos para su consumo, adquiridos en restaurantes, cafés y similares, con servicio limitado",False,570.94,570.94,False,,566.52,False,,0.0
2023-11,"Sándwiches, completos, pizzas, empanadas y masas saladas con relleno listos para su consumo, adquiridos en restaurantes, cafés y similares, con servicio limitado",False,575.73,575.73,False,,570.94,False,,0.0
2023-12,"Sándwiches, completos, pizzas, empanadas y masas saladas con relleno listos para su consumo, adquiridos en restaurantes, cafés y similares, con servicio limitado",False,573.27,573.27,False,,575.73,False,,0.0
2024-01,"Sándwiches, completos, pizzas, empanadas y masas saladas con relleno listos para su consumo, adquiridos en restaurantes, cafés y similares, con servicio limitado",False,578.29,578.29,False,,573.27,False,,0.0
2024-02,"Sándwiches, completos, pizzas, empanadas y masas saladas con relleno listos para su consumo, adquiridos en restaurantes, cafés y similares, con servicio limitado",False,580.47,580.47,False,,578.29,False,,0.0
2024-03,"Sándwiches, completos, pizzas, empanadas y masas saladas con relleno listos para su consumo, adquiridos en restaurantes, cafés y similares, con servicio limitado",False,577.19,577.19,False,,580.47,False,,0.0
2024-04,"Sándwiches, completos, pizzas, empanadas y masas saladas con relleno listos para su consumo, adquiridos en restaurantes, cafés y similares, con servicio limitado",False,581.39,581.39,False,,577.19,False,,0.0
2024-05,"Sándwiches, completos, pizzas, empanadas y masas saladas con relleno listos para su consumo, adquiridos en restaurantes, cafés y similares, con servicio limitado",False,582.35,582.35,False,,581.39,False,,0.0
2024-06,"Sándwiches, completos, pizzas, empanadas y masas saladas con relleno listos para su consumo, adquiridos en restaurantes, cafés y similares, con servicio limitado",False,589.14,589.14,False,,582.35,False,,0.0
2024-07,"Sándwiches, completos, pizzas, empanadas y masas saladas con relleno listos para su consumo, adquiridos en restaurantes, cafés y similares, con servicio limitado",False,590.0,590.0,False,,589.14,False,,0.0
2024-08,"Sándwiches, completos, pizzas, empanadas y masas saladas con relleno listos para su consumo, adquiridos en restaurantes, cafés y similares, con servicio limitado",False,593.1,593.1,False,,590.0,False,,0.0
2024-09,"Sándwiches, completos, pizzas, empanadas y masas saladas con relleno listos para su consumo, adquiridos en restaurantes, cafés y similares, con servicio limitado",False,591.3,591.3,False,,593.1,False,,0.0
2024-10,"Sándwiches, completos, pizzas, empanadas y masas saladas con relleno listos para su consumo, adquiridos en restaurantes, cafés y similares, con servicio limitado",False,602.36,602.36,False,,591.3,False,,0.0
2024-11,"Sándwiches, completos, pizzas, empanadas y masas saladas con relleno listos para su consumo, adquiridos en restaurantes, cafés y similares, con servicio limitado",False,601.83,601.83,False,,602.36,False,,0.0
2024-12,"Sándwiches, completos, pizzas, empanadas y masas saladas con relleno listos para su consumo, adquiridos en restaurantes, cafés y similares, con servicio limitado",False,598.53,598.53,False,,601.83,False,,0.0
2025-01,"Sándwiches, completos, pizzas, empanadas y masas saladas con relleno listos para su consumo, adquiridos en restaurantes, cafés y similares, con servicio limitado",False,601.22,601.22,False,,598.53,False,,0.0
2025-02,"Sándwiches, completos, pizzas, empanadas y masas saladas con relleno listos para su consumo, adquiridos en restaurantes, cafés y similares, con servicio limitado",False,602.7,602.7,False,,601.22,False,,0.0
2025-03,"Sándwiches, completos, pizzas, empanadas y masas saladas con relleno listos para su consumo, adquiridos en restaurantes, cafés y similares, con servicio limitado",False,608.97,608.97,False,,602.7,False,,0.0
2025-04,"Sándwiches, completos, pizzas, empanadas y masas saladas con relleno listos para su consumo, adquiridos en restaurantes, cafés y similares, con servicio limitado",False,609.6,609.6,False,,608.97,False,,0.0
2025-05,"Sándwiches, completos, pizzas, empanadas y masas saladas con relleno listos para su consumo, adquiridos en restaurantes, cafés y similares, con servicio limitado",False,611.4,611.4,False,,609.6,False,,0.0
2025-06,"Sándwiches, completos, pizzas, empanadas y masas saladas con relleno listos para su consumo, adquiridos en restaurantes, cafés y similares, con servicio limitado",False,607.94,607.94,False,,611.4,False,,0.0
2025-07,"Sándwiches, completos, pizzas, empanadas y masas saladas con relleno listos para su consumo, adquiridos en restaurantes, cafés y similares, con servicio limitado",False,612.52,612.52,False,,607.94,False,,0.0
2025-08,"Sándwiches, completos, pizzas, empanadas y masas saladas con relleno listos para su consumo, adquiridos en restaurantes, cafés y similares, con servicio limitado",False,617.46,617.46,False,,612.52,False,,0.0
2025-09,"Sándwiches, completos, pizzas, empanadas y masas saladas con relleno listos para su consumo, adquiridos en restaurantes, cafés y similares, con servicio limitado",False,622.59,622.59,False,,617.46,False,,0.0
2025-10,"Sándwiches, completos, pizzas, empanadas y masas saladas con relleno listos para su consumo, adquiridos en restaurantes, cafés y similares, con servicio limitado",False,625.52,625.52,False,,622.59,False,,0.0
2025-11,"Sándwiches, completos, pizzas, empanadas y masas saladas con relleno listos para su consumo, adquiridos en restaurantes, cafés y similares, con servicio limitado",False,627.61,627.61,False,,625.52,False,,0.0
2025-12,"Sándwiches, completos, pizzas, empanadas y masas saladas con relleno listos para su consumo, adquiridos en restaurantes, cafés y similares, con servicio limitado",False,626.9,626.9,False,,627.61,False,,0.0
2026-01,"Sándwiches, completos, pizzas, empanadas y masas saladas con relleno listos para su consumo, adquiridos en restaurantes, cafés y similares, con servicio limitado",False,629.28,629.28,False,,626.9,False,,0.0
2026-02,"Sándwiches, completos, pizzas, empanadas y masas saladas con relleno listos para su consumo, adquiridos en restaurantes, cafés y similares, con servicio limitado",False,630.67,630.67,False,,629.28,False,,0.0
2026-03,"Sándwiches, completos, pizzas, empanadas y masas saladas con relleno listos para su consumo, adquiridos en restaurantes, cafés y similares, con servicio limitado",False,634.13,634.13,False,,630.67,False,,0.0
2026-04,"Sándwiches, completos, pizzas, empanadas y masas saladas con relleno listos para su consumo, adquiridos en restaurantes, cafés y similares, con servicio limitado",False,634.99,634.99,False,,634.13,False,,0.0
2026-05,"Sándwiches, completos, pizzas, empanadas y masas saladas con relleno listos para su consumo, adquiridos en restaurantes, cafés y similares, con servicio limitado",False,632.26,632.26,False,,634.99,False,,0.0
2026-06,"Sándwiches, completos, pizzas, empanadas y masas saladas con relleno listos para su consumo, adquiridos en restaurantes, cafés y similares, con servicio limitado",False,636.92,636.92,False,,632.26,False,,0.0
2026-07,"Sándwiches, completos, pizzas, empanadas y masas saladas con relleno listos para su consumo, adquiridos en restaurantes, cafés y similares, con servicio limitado",False,640.87,640.87,False,,636.92,False,,0.0
2026-08,"Sándwiches, completos, pizzas, empanadas y masas saladas con relleno listos para su consumo, adquiridos en restaurantes, cafés y similares, con servicio limitado",False,648.64,648.64,False,,640.87,False,,0.0
2019-01,"Sándwiches completos, pizzas, empanadas y masas saladas con relleno listos para su consumo, adquiridos en comercio ambulante, carritos de comida y similares",False,330.04,330.04,False,,330.38,False,,0.0
2019-02,"Sándwiches completos, pizzas, empanadas y masas saladas con relleno listos para su consumo, adquiridos en comercio ambulante, carritos de comida y similares",False,329.39,329.39,False,,330.04,False,,0.0
2019-03,"Sándwiches completos, pizzas, empanadas y masas saladas con relleno listos para su consumo, adquiridos en comercio ambulante, carritos de comida y similares",False,331.75,331.75,False,,329.39,False,,0.0
2019-04,"Sándwiches completos, pizzas, empanadas y masas saladas con relleno listos para su consumo, adquiridos en comercio ambulante, carritos de comida y similares",False,333.07,333.07,False,,331.75,False,,0.0
2019-05,"Sándwiches completos, pizzas, empanadas y masas saladas con relleno listos para su consumo, adquiridos en comercio ambulante, carritos de comida y similares",False,333.27,333.27,False,,333.07,False,,0.0
2019-06,"Sándwiches completos, pizzas, empanadas y masas saladas con relleno listos para su consumo, adquiridos en comercio ambulante, carritos de comida y similares",False,334.56,334.56,False,,333.27,False,,0.0
2019-07,"Sándwiches completos, pizzas, empanadas y masas saladas con relleno listos para su consumo, adquiridos en comercio ambulante, carritos de comida y similares",False,335.29,335.29,False,,334.56,False,,0.0
2019-08,"Sándwiches completos, pizzas, empanadas y masas saladas con relleno listos para su consumo, adquiridos en comercio ambulante, carritos de comida y similares",False,337.17,337.17,False,,335.29,False,,0.0
2019-09,"Sándwiches completos, pizzas, empanadas y masas saladas con relleno listos para su consumo, adquiridos en comercio ambulante, carritos de comida y similares",False,337.25,337.25,False,,337.17,False,,0.0
2019-10,"Sándwiches completos, pizzas, empanadas y masas saladas con relleno listos para su consumo, adquiridos en comercio ambulante, carritos de comida y similares",False,339.75,339.75,False,,337.25,False,,0.0
2019-11,"Sándwiches completos, pizzas, empanadas y masas saladas con relleno listos para su consumo, adquiridos en comercio ambulante, carritos de comida y similares",False,343.13,343.13,False,,339.75,False,,0.0
2019-12,"Sándwiches completos, pizzas, empanadas y masas saladas con relleno listos para su consumo, adquiridos en comercio ambulante, carritos de comida y similares",False,342.1,342.1,False,,343.13,False,,0.0
2020-01,"Sándwiches completos, pizzas, empanadas y masas saladas con relleno listos para su consumo, adquiridos en comercio ambulante, carritos de comida y similares",False,345.04,345.04,False,,342.1,False,,0.0
2020-02,"Sándwiches completos, pizzas, empanadas y masas saladas con relleno listos para su consumo, adquiridos en comercio ambulante, carritos de comida y similares",False,347.49,347.49,False,,345.04,False,,0.0
2020-03,"Sándwiches completos, pizzas, empanadas y masas saladas con relleno listos para su consumo, adquiridos en comercio ambulante, carritos de comida y similares",False,349.76,349.76,False,,347.49,False,,0.0
2020-04,"Sándwiches completos, pizzas, empanadas y masas saladas con relleno listos para su consumo, adquiridos en comercio ambulante, carritos de comida y similares",False,352.42,352.42,False,,349.76,False,,0.0
2020-05,"Sándwiches completos, pizzas, empanadas y masas saladas con relleno listos para su consumo, adquiridos en comercio ambulante, carritos de comida y similares",False,352.3,352.3,False,,352.42,False,,0.0
2020-06,"Sándwiches completos, pizzas, empanadas y masas saladas con relleno listos para su consumo, adquiridos en comercio ambulante, carritos de comida y similares",False,353.21,353.21,False,,352.3,False,,0.0
2020-07,"Sándwiches completos, pizzas, empanadas y masas saladas con relleno listos para su consumo, adquiridos en comercio ambulante, carritos de comida y similares",False,354.76,354.76,False,,353.21,False,,0.0
2020-08,"Sándwiches completos, pizzas, empanadas y masas saladas con relleno listos para su consumo, adquiridos en comercio ambulante, carritos de comida y similares",False,355.42,355.42,False,,354.76,False,,0.0
2020-09,"Sándwiches completos, pizzas, empanadas y masas saladas con relleno listos para su consumo, adquiridos en comercio ambulante, carritos de comida y similares",False,360.58,360.58,False,,355.42,False,,0.0
2020-10,"Sándwiches completos, pizzas, empanadas y masas saladas con relleno listos para su consumo, adquiridos en comercio ambulante, carritos de comida y similares",False,363.25,363.25,False,,360.58,False,,0.0
2020-11,"Sándwiches completos, pizzas, empanadas y masas saladas con relleno listos para su consumo, adquiridos en comercio ambulante, carritos de comida y similares",False,363.76,363.76,False,,363.25,False,,0.0
2020-12,"Sándwiches completos, pizzas, empanadas y masas saladas con relleno listos para su consumo, adquiridos en comercio ambulante, carritos de comida y similares",False,364.61,364.61,False,,363.76,False,,0.0
2021-01,"Sándwiches completos, pizzas, empanadas y masas saladas con relleno listos para su consumo, adquiridos en comercio ambulante, carritos de comida y similares",False,368.74,368.74,False,,364.61,False,,0.0
2021-02,"Sándwiches completos, pizzas, empanadas y masas saladas con relleno listos para su consumo, adquiridos en comercio ambulante, carritos de comida y similares",False,367.32,367.32,False,,368.74,False,,0.0
2021-03,"Sándwiches completos, pizzas, empanadas y masas saladas con relleno listos para su consumo, adquiridos en comercio ambulante, carritos de comida y similares",False,366.33,366.33,False,,367.32,False,,0.0
2021-04,"Sándwiches completos, pizzas, empanadas y masas saladas con relleno listos para su consumo, adquiridos en comercio ambulante, carritos de comida y similares",False,368.89,368.89,False,,366.33,False,,0.0
2021-05,"Sándwiches completos, pizzas, empanadas y masas saladas con relleno listos para su consumo, adquiridos en comercio ambulante, carritos de comida y similares",False,368.31,368.31,False,,368.89,False,,0.0
2021-06,"Sándwiches completos, pizzas, empanadas y masas saladas con relleno listos para su consumo, adquiridos en comercio ambulante, carritos de comida y similares",False,368.5,368.5,False,,368.31,False,,0.0
2021-07,"Sándwiches completos, pizzas, empanadas y masas saladas con relleno listos para su consumo, adquiridos en comercio ambulante, carritos de comida y similares",False,372.26,372.26,False,,368.5,False,,0.0
2021-08,"Sándwiches completos, pizzas, empanadas y masas saladas con relleno listos para su consumo, adquiridos en comercio ambulante, carritos de comida y similares",False,374.02,374.02,False,,372.26,False,,0.0
2021-09,"Sándwiches completos, pizzas, empanadas y masas saladas con relleno listos para su consumo, adquiridos en comercio ambulante, carritos de comida y similares",False,380.84,380.84,False,,374.02,False,,0.0
2021-10,"Sándwiches completos, pizzas, empanadas y masas saladas con relleno listos para su consumo, adquiridos en comercio ambulante, carritos de comida y similares",False,384.73,384.73,False,,380.84,False,,0.0
2021-11,"Sándwiches completos, pizzas, empanadas y masas saladas con relleno listos para su consumo, adquiridos en comercio ambulante, carritos de comida y similares",False,385.76,385.76,False,,384.73,False,,0.0
2021-12,"Sándwiches completos, pizzas, empanadas y masas saladas con relleno listos para su consumo, adquiridos en comercio ambulante, carritos de comida y similares",False,388.57,388.57,False,,385.76,False,,0.0
2022-01,"Sándwiches completos, pizzas, empanadas y masas saladas con relleno listos para su consumo, adquiridos en comercio ambulante, carritos de comida y similares",False,394.73,394.73,False,,388.57,False,,0.0
2022-02,"Sándwiches completos, pizzas, empanadas y masas saladas con relleno listos para su consumo, adquiridos en comercio ambulante, carritos de comida y similares",False,400.48,400.48,False,,394.73,False,,0.0
2022-03,"Sándwiches completos, pizzas, empanadas y masas saladas con relleno listos para su consumo, adquiridos en comercio ambulante, carritos de comida y similares",False,413.98,413.98,False,,400.48,False,,0.0
2022-04,"Sándwiches completos, pizzas, empanadas y masas saladas con relleno listos para su consumo, adquiridos en comercio ambulante, carritos de comida y similares",False,423.19,423.19,False,,413.98,False,,0.0
2022-05,"Sándwiches completos, pizzas, empanadas y masas saladas con relleno listos para su consumo, adquiridos en comercio ambulante, carritos de comida y similares",False,430.73,430.73,False,,423.19,False,,0.0
2022-06,"Sándwiches completos, pizzas, empanadas y masas saladas con relleno listos para su consumo, adquiridos en comercio ambulante, carritos de comida y similares",False,436.47,436.47,False,,430.73,False,,0.0
2022-07,"Sándwiches completos, pizzas, empanadas y masas saladas con relleno listos para su consumo, adquiridos en comercio ambulante, carritos de comida y similares",False,443.88,443.88,False,,436.47,False,,0.0
2022-08,"Sándwiches completos, pizzas, empanadas y masas saladas con relleno listos para su consumo, adquiridos en comercio ambulante, carritos de comida y similares",False,452.34,452.34,False,,443.88,False,,0.0
2022-09,"Sándwiches completos, pizzas, empanadas y masas saladas con relleno listos para su consumo, adquiridos en comercio ambulante, carritos de comida y similares",False,461.03,461.03,False,,452.34,False,,0.0
2022-10,"Sándwiches completos, pizzas, empanadas y masas saladas con relleno listos para su consumo, adquiridos en comercio ambulante, carritos de comida y similares",False,464.8,464.8,False,,461.03,False,,0.0
2022-11,"Sándwiches completos, pizzas, empanadas y masas saladas con relleno listos para su consumo, adquiridos en comercio ambulante, carritos de comida y similares",False,472.1,472.1,False,,464.8,False,,0.0
2022-12,"Sándwiches completos, pizzas, empanadas y masas saladas con relleno listos para su consumo, adquiridos en comercio ambulante, carritos de comida y similares",False,476.9,476.9,False,,472.1,False,,0.0
2023-01,"Sándwiches completos, pizzas, empanadas y masas saladas con relleno listos para su consumo, adquiridos en comercio ambulante, carritos de comida y similares",False,481.76,481.76,False,,476.9,False,,0.0
2023-02,"Sándwiches completos, pizzas, empanadas y masas saladas con relleno listos para su consumo, adquiridos en comercio ambulante, carritos de comida y similares",False,481.95,481.95,False,,481.76,False,,0.0
2023-03,"Sándwiches completos, pizzas, empanadas y masas saladas con relleno listos para su consumo, adquiridos en comercio ambulante, carritos de comida y similares",False,484.17,484.17,False,,481.95,False,,0.0
2023-04,"Sándwiches completos, pizzas, empanadas y masas saladas con relleno listos para su consumo, adquiridos en comercio ambulante, carritos de comida y similares",False,484.73,484.73,False,,484.17,False,,0.0
2023-05,"Sándwiches completos, pizzas, empanadas y masas saladas con relleno listos para su consumo, adquiridos en comercio ambulante, carritos de comida y similares",False,485.7,485.7,False,,484.73,False,,0.0
2023-06,"Sándwiches completos, pizzas, empanadas y masas saladas con relleno listos para su consumo, adquiridos en comercio ambulante, carritos de comida y similares",False,487.52,487.52,False,,485.7,False,,0.0
2023-07,"Sándwiches completos, pizzas, empanadas y masas saladas con relleno listos para su consumo, adquiridos en comercio ambulante, carritos de comida y similares",False,492.64,492.64,False,,487.52,False,,0.0
2023-08,"Sándwiches completos, pizzas, empanadas y masas saladas con relleno listos para su consumo, adquiridos en comercio ambulante, carritos de comida y similares",False,494.42,494.42,False,,492.64,False,,0.0
2023-09,"Sándwiches completos, pizzas, empanadas y masas saladas con relleno listos para su consumo, adquiridos en comercio ambulante, carritos de comida y similares",False,499.02,499.02,False,,494.42,False,,0.0
2023-10,"Sándwiches completos, pizzas, empanadas y masas saladas con relleno listos para su consumo, adquiridos en comercio ambulante, carritos de comida y similares",False,502.91,502.91,False,,499.02,False,,0.0
2023-11,"Sándwiches completos, pizzas, empanadas y masas saladas con relleno listos para su consumo, adquiridos en comercio ambulante, carritos de comida y similares",False,507.13,507.13,False,,502.91,False,,0.0
2023-12,"Sándwiches completos, pizzas, empanadas y masas saladas con relleno listos para su consumo, adquiridos en comercio ambulante, carritos de comida y similares",False,504.97,504.97,False,,507.13,False,,0.0
2024-01,"Sándwiches completos, pizzas, empanadas y masas saladas con relleno listos para su consumo, adquiridos en comercio ambulante, carritos de comida y similares",False,509.38,509.38,False,,504.97,False,,0.0
2024-02,"Sándwiches completos, pizzas, empanadas y masas saladas con relleno listos para su consumo, adquiridos en comercio ambulante, carritos de comida y similares",False,511.31,511.31,False,,509.38,False,,0.0
2024-03,"Sándwiches completos, pizzas, empanadas y masas saladas con relleno listos para su consumo, adquiridos en comercio ambulante, carritos de comida y similares",False,508.42,508.42,False,,511.31,False,,0.0
2024-04,"Sándwiches completos, pizzas, empanadas y masas saladas con relleno listos para su consumo, adquiridos en comercio ambulante, carritos de comida y similares",False,512.12,512.12,False,,508.42,False,,0.0
2024-05,"Sándwiches completos, pizzas, empanadas y masas saladas con relleno listos para su consumo, adquiridos en comercio ambulante, carritos de comida y similares",False,512.97,512.97,False,,512.12,False,,0.0
2024-06,"Sándwiches completos, pizzas, empanadas y masas saladas con relleno listos para su consumo, adquiridos en comercio ambulante, carritos de comida y similares",False,518.95,518.95,False,,512.97,False,,0.0
2024-07,"Sándwiches completos, pizzas, empanadas y masas saladas con relleno listos para su consumo, adquiridos en comercio ambulante, carritos de comida y similares",False,519.7,519.7,False,,518.95,False,,0.0
2024-08,"Sándwiches completos, pizzas, empanadas y masas saladas con relleno listos para su consumo, adquiridos en comercio ambulante, carritos de comida y similares",False,522.43,522.43,False,,519.7,False,,0.0
2024-09,"Sándwiches completos, pizzas, empanadas y masas saladas con relleno listos para su consumo, adquiridos en comercio ambulante, carritos de comida y similares",False,520.85,520.85,False,,522.43,False,,0.0
2024-10,"Sándwiches completos, pizzas, empanadas y masas saladas con relleno listos para su consumo, adquiridos en comercio ambulante, carritos de comida y similares",False,530.59,530.59,False,,520.85,False,,0.0
2024-11,"Sándwiches completos, pizzas, empanadas y masas saladas con relleno listos para su consumo, adquiridos en comercio ambulante, carritos de comida y similares",False,530.12,530.12,False,,530.59,False,,0.0
2024-12,"Sándwiches completos, pizzas, empanadas y masas saladas con relleno listos para su consumo, adquiridos en comercio ambulante, carritos de comida y similares",False,527.21,527.21,False,,530.12,False,,0.0
2025-01,"Sándwiches completos, pizzas, empanadas y masas saladas con relleno listos para su consumo, adquiridos en comercio ambulante, carritos de comida y similares",False,529.59,529.59,False,,527.21,False,,0.0
2025-02,"Sándwiches completos, pizzas, empanadas y masas saladas con relleno listos para su consumo, adquiridos en comercio ambulante, carritos de comida y similares",False,530.89,530.89,False,,529.59,False,,0.0
2025-03,"Sándwiches completos, pizzas, empanadas y masas saladas con relleno listos para su consumo, adquiridos en comercio ambulante, carritos de comida y similares",False,536.41,536.41,False,,530.89,False,,0.0
2025-04,"Sándwiches completos, pizzas, empanadas y masas saladas con relleno listos para su consumo, adquiridos en comercio ambulante, carritos de comida y similares",False,536.96,536.96,False,,536.41,False,,0.0
2025-05,"Sándwiches completos, pizzas, empanadas y masas saladas con relleno listos para su consumo, adquiridos en comercio ambulante, carritos de comida y similares",False,538.55,538.55,False,,536.96,False,,0.0
2025-06,"Sándwiches completos, pizzas, empanadas y masas saladas con relleno listos para su consumo, adquiridos en comercio ambulante, carritos de comida y similares",False,535.5,535.5,False,,538.55,False,,0.0
2025-07,"Sándwiches completos, pizzas, empanadas y masas saladas con relleno listos para su consumo, adquiridos en comercio ambulante, carritos de comida y similares",False,539.54,539.54,False,,535.5,False,,0.0
2025-08,"Sándwiches completos, pizzas, empanadas y masas saladas con relleno listos para su consumo, adquiridos en comercio ambulante, carritos de comida y similares",False,543.89,543.89,False,,539.54,False,,0.0
2025-09,"Sándwiches completos, pizzas, empanadas y masas saladas con relleno listos para su consumo, adquiridos en comercio ambulante, carritos de comida y similares",False,548.4,548.4,False,,543.89,False,,0.0
2025-10,"Sándwiches completos, pizzas, empanadas y masas saladas con relleno listos para su consumo, adquiridos en comercio ambulante, carritos de comida y similares",False,550.99,550.99,False,,548.4,False,,0.0
2025-11,"Sándwiches completos, pizzas, empanadas y masas saladas con relleno listos para su consumo, adquiridos en comercio ambulante, carritos de comida y similares",False,552.83,552.83,False,,550.99,False,,0.0
2025-12,"Sándwiches completos, pizzas, empanadas y masas saladas con relleno listos para su consumo, adquiridos en comercio ambulante, carritos de comida y similares",False,552.21,552.21,False,,552.83,False,,0.0
2026-01,"Sándwiches completos, pizzas, empanadas y masas saladas con relleno listos para su consumo, adquiridos en comercio ambulante, carritos de comida y similares",False,554.3,554.3,False,,552.21,False,,0.0
2026-02,"Sándwiches completos, pizzas, empanadas y masas saladas con relleno listos para su consumo, adquiridos en comercio ambulante, carritos de comida y similares",False,555.53,555.53,False,,554.3,False,,0.0
2026-03,"Sándwiches completos, pizzas, empanadas y masas saladas con relleno listos para su consumo, adquiridos en comercio ambulante, carritos de comida y similares",False,558.57,558.57,False,,555.53,False,,0.0
2026-04,"Sándwiches completos, pizzas, empanadas y masas saladas con relleno listos para su consumo, adquiridos en comercio ambulante, carritos de comida y similares",False,559.34,559.34,False,,558.57,False,,0.0
2026-05,"Sándwiches completos, pizzas, empanadas y masas saladas con relleno listos para su consumo, adquiridos en comercio ambulante, carritos de comida y similares",False,556.93,556.93,False,,559.34,False,,0.0
2026-06,"Sándwiches completos, pizzas, empanadas y masas saladas con relleno listos para su consumo, adquiridos en comercio ambulante, carritos de comida y similares",False,561.03,561.03,False,,556.93,False,,0.0
2026-07,"Sándwiches completos, pizzas, empanadas y masas saladas con relleno listos para su consumo, adquiridos en comercio ambulante, carritos de comida y similares",False,564.51,564.51,False,,561.03,False,,0.0
2026-08,"Sándwiches completos, pizzas, empanadas y masas saladas con relleno listos para su consumo, adquiridos en comercio ambulante, carritos de comida y similares",False,571.36,571.36,False,,564.51,False,,0.0
