mes,estimada,oficial,ingenuo,promedio_12m,producto,semanas
2019-01,0.3137,-0.3,-0.8,0.2417,IPC V0 regla principal,1 semana
2019-02,-0.614,-0.3,-0.3,0.1083,IPC V0 regla principal,1 semana
2019-03,1.3109,0.8,-0.3,0.1333,IPC V0 regla principal,1 semana
2019-04,0.3143,0.5,0.8,0.1833,IPC V0 regla principal,1 semana
2019-05,0.402,0.0,0.5,0.1917,IPC V0 regla principal,1 semana
2019-06,1.1294,0.5,0.0,0.2167,IPC V0 regla principal,1 semana
2019-07,0.0319,0.2,0.5,0.225,IPC V0 regla principal,1 semana
2019-08,0.7757,0.7,0.2,0.2167,IPC V0 regla principal,1 semana
2019-09,0.4022,0.0,0.7,0.2333,IPC V0 regla principal,1 semana
2019-10,0.1647,0.8,0.0,0.2,IPC V0 regla principal,1 semana
2019-11,0.7394,1.3,0.8,0.2083,IPC V0 regla principal,1 semana
2019-12,0.1917,-0.5,1.3,0.2833,IPC V0 regla principal,1 semana
2020-01,1.1776,1.0,-0.5,0.3083,IPC V0 regla principal,1 semana
2020-02,0.8005,0.7,1.0,0.4167,IPC V0 regla principal,1 semana
2020-03,1.6585,0.8,0.7,0.5,IPC V0 regla principal,1 semana
2020-04,0.3964,1.0,0.8,0.5,IPC V0 regla principal,1 semana
2020-05,1.1202,0.0,1.0,0.5417,IPC V0 regla principal,1 semana
2020-06,0.6002,0.3,0.0,0.5417,IPC V0 regla principal,1 semana
2020-07,1.4965,0.6,0.3,0.525,IPC V0 regla principal,1 semana
2020-08,0.0817,0.2,0.6,0.5583,IPC V0 regla principal,1 semana
2020-09,2.1642,1.8,0.2,0.5167,IPC V0 regla principal,1 semana
2020-10,0.2214,0.6,1.8,0.6667,IPC V0 regla principal,1 semana
2020-11,-0.1905,0.2,0.6,0.65,IPC V0 regla principal,1 semana
2020-12,-1.5524,0.2,0.2,0.5583,IPC V0 regla principal,1 semana
2021-01,1.3459,1.2,0.2,0.6167,IPC V0 regla principal,1 semana
2021-02,0.6644,-0.5,1.2,0.6333,IPC V0 regla principal,1 semana
2021-03,-0.341,-0.4,-0.5,0.5333,IPC V0 regla principal,1 semana
2021-04,-0.4158,0.8,-0.4,0.4333,IPC V0 regla principal,1 semana
2021-05,1.1368,-0.2,0.8,0.4167,IPC V0 regla principal,1 semana
2021-06,0.0837,0.0,-0.2,0.4,IPC V0 regla principal,1 semana
2021-07,0.6717,1.0,0.0,0.375,IPC V0 regla principal,1 semana
2021-08,1.1089,0.1,1.0,0.4083,IPC V0 regla principal,1 semana
2021-09,1.6885,2.1,0.1,0.4,IPC V0 regla principal,1 semana
2021-10,0.9625,0.7,2.1,0.425,IPC V0 regla principal,1 semana
2021-11,-0.6735,0.1,0.7,0.4333,IPC V0 regla principal,1 semana
2021-12,1.6838,0.5,0.1,0.425,IPC V0 regla principal,1 semana
2022-01,0.8718,1.6,0.5,0.45,IPC V0 regla principal,1 semana
2022-02,0.8867,1.8,1.6,0.4833,IPC V0 regla principal,1 semana
2022-03,3.8477,3.9,1.8,0.675,IPC V0 regla principal,1 semana
2022-04,3.1952,2.3,3.9,1.0333,IPC V0 regla principal,1 semana
2022-05,2.4727,1.8,2.3,1.1583,IPC V0 regla principal,1 semana
2022-06,1.9019,1.2,1.8,1.325,IPC V0 regla principal,1 semana
2022-07,1.6828,1.9,1.2,1.425,IPC V0 regla principal,1 semana
2022-08,1.971,2.0,1.9,1.5,IPC V0 regla principal,1 semana
2022-09,2.1977,2.3,2.0,1.6583,IPC V0 regla principal,1 semana
2022-10,0.8704,0.8,2.3,1.675,IPC V0 regla principal,1 semana
2022-11,1.8199,1.7,0.8,1.6833,IPC V0 regla principal,1 semana
2022-12,0.4937,1.1,1.7,1.8167,IPC V0 regla principal,1 semana
2023-01,1.0036,1.0,1.1,1.8667,IPC V0 regla principal,1 semana
2023-02,-0.2356,-0.3,1.0,1.8167,IPC V0 regla principal,1 semana
2023-03,0.7062,0.4,-0.3,1.6417,IPC V0 regla principal,1 semana
2023-04,0.3835,0.0,0.4,1.35,IPC V0 regla principal,1 semana
2023-05,-0.6313,0.0,0.0,1.1583,IPC V0 regla principal,1 semana
2023-06,1.5063,0.3,0.0,1.0083,IPC V0 regla principal,1 semana
2023-07,-0.4433,1.2,0.3,0.9333,IPC V0 regla principal,1 semana
2023-08,1.1789,0.3,1.2,0.875,IPC V0 regla principal,1 semana
2023-09,1.5344,1.0,0.3,0.7333,IPC V0 regla principal,1 semana
2023-10,0.4776,0.9,1.0,0.625,IPC V0 regla principal,1 semana
2023-11,0.7637,1.0,0.9,0.6333,IPC V0 regla principal,1 semana
2023-12,-0.6755,-0.8,1.0,0.575,IPC V0 regla principal,1 semana
2024-01,0.5164,1.0,-0.8,0.4167,IPC V0 regla principal,1 semana
2024-02,0.3899,0.2,1.0,0.4167,IPC V0 regla principal,1 semana
2024-03,0.9105,-0.9,0.2,0.4583,IPC V0 regla principal,1 semana
2024-04,-0.057,0.7,-0.9,0.35,IPC V0 regla principal,1 semana
2024-05,0.3791,0.1,0.7,0.4083,IPC V0 regla principal,1 semana
2024-06,0.5753,1.3,0.1,0.4167,IPC V0 regla principal,1 semana
2024-07,0.6524,0.1,1.3,0.5,IPC V0 regla principal,1 semana
2024-08,0.6507,0.5,0.1,0.4083,IPC V0 regla principal,1 semana
2024-09,2.1676,-0.5,0.5,0.425,IPC V0 regla principal,1 semana
2024-10,-1.4416,2.2,-0.5,0.3,IPC V0 regla principal,1 semana
2024-11,0.1148,-0.3,2.2,0.4083,IPC V0 regla principal,1 semana
2024-12,-0.3997,-0.9,-0.3,0.3,IPC V0 regla principal,1 semana
2025-01,0.7552,0.4,-0.9,0.2917,IPC V0 regla principal,1 semana
2025-02,0.1744,0.1,0.4,0.2417,IPC V0 regla principal,1 semana
2025-03,1.0568,1.2,0.1,0.2333,IPC V0 regla principal,1 semana
2025-04,0.7025,0.0,1.2,0.4083,IPC V0 regla principal,1 semana
2025-05,0.4528,0.3,0.0,0.35,IPC V0 regla principal,1 semana
2025-06,0.2232,-0.9,0.3,0.3667,IPC V0 regla principal,1 semana
2025-07,-0.0525,0.9,-0.9,0.1833,IPC V0 regla principal,1 semana
2025-08,0.8824,0.9,0.9,0.25,IPC V0 regla principal,1 semana
2025-09,2.1304,0.8,0.9,0.2833,IPC V0 regla principal,1 semana
2025-10,-0.1068,0.5,0.8,0.3917,IPC V0 regla principal,1 semana
2025-11,-0.5521,0.2,0.5,0.25,IPC V0 regla principal,1 semana
2025-12,-0.0265,-0.4,0.2,0.2917,IPC V0 regla principal,1 semana
2026-01,-0.1079,0.4,-0.4,0.3333,IPC V0 regla principal,1 semana
2026-02,0.3547,0.2,0.4,0.3333,IPC V0 regla principal,1 semana
2026-03,0.5355,0.6,0.2,0.3417,IPC V0 regla principal,1 semana
2026-04,0.4785,0.0,0.6,0.2917,IPC V0 regla principal,1 semana
2026-05,0.3657,-0.8,0.0,0.2917,IPC V0 regla principal,1 semana
2026-06,-0.7377,0.8,-0.8,0.2,IPC V0 regla principal,1 semana
2026-07,0.091,0.7,0.8,0.3417,IPC V0 regla principal,1 semana
2026-08,2.0074,1.4,0.7,0.325,IPC V0 regla principal,1 semana
2019-01,0.8384,-0.3,-0.8,0.2417,IPC V1 AR(1),1 semana
2019-02,-0.6674,-0.3,-0.3,0.1083,IPC V1 AR(1),1 semana
2019-03,1.3552,0.8,-0.3,0.1333,IPC V1 AR(1),1 semana
2019-04,0.2021,0.5,0.8,0.1833,IPC V1 AR(1),1 semana
2019-05,0.1113,0.0,0.5,0.1917,IPC V1 AR(1),1 semana
2019-06,1.2158,0.5,0.0,0.2167,IPC V1 AR(1),1 semana
2019-07,-0.1708,0.2,0.5,0.225,IPC V1 AR(1),1 semana
2019-08,0.5214,0.7,0.2,0.2167,IPC V1 AR(1),1 semana
2019-09,0.204,0.0,0.7,0.2333,IPC V1 AR(1),1 semana
2019-10,0.5397,0.8,0.0,0.2,IPC V1 AR(1),1 semana
2019-11,0.6091,1.3,0.8,0.2083,IPC V1 AR(1),1 semana
2019-12,-0.0273,-0.5,1.3,0.2833,IPC V1 AR(1),1 semana
2020-01,1.6818,1.0,-0.5,0.3083,IPC V1 AR(1),1 semana
2020-02,0.6412,0.7,1.0,0.4167,IPC V1 AR(1),1 semana
2020-03,1.3257,0.8,0.7,0.5,IPC V1 AR(1),1 semana
2020-04,0.4841,1.0,0.8,0.5,IPC V1 AR(1),1 semana
2020-05,0.9504,0.0,1.0,0.5417,IPC V1 AR(1),1 semana
2020-06,1.037,0.3,0.0,0.5417,IPC V1 AR(1),1 semana
2020-07,1.2393,0.6,0.3,0.525,IPC V1 AR(1),1 semana
2020-08,0.2177,0.2,0.6,0.5583,IPC V1 AR(1),1 semana
2020-09,2.1556,1.8,0.2,0.5167,IPC V1 AR(1),1 semana
2020-10,0.1335,0.6,1.8,0.6667,IPC V1 AR(1),1 semana
2020-11,-0.5255,0.2,0.6,0.65,IPC V1 AR(1),1 semana
2020-12,-1.3148,0.2,0.2,0.5583,IPC V1 AR(1),1 semana
2021-01,1.4665,1.2,0.2,0.6167,IPC V1 AR(1),1 semana
2021-02,0.4356,-0.5,1.2,0.6333,IPC V1 AR(1),1 semana
2021-03,0.0942,-0.4,-0.5,0.5333,IPC V1 AR(1),1 semana
2021-04,-0.0635,0.8,-0.4,0.4333,IPC V1 AR(1),1 semana
2021-05,0.5585,-0.2,0.8,0.4167,IPC V1 AR(1),1 semana
2021-06,0.1581,0.0,-0.2,0.4,IPC V1 AR(1),1 semana
2021-07,0.8536,1.0,0.0,0.375,IPC V1 AR(1),1 semana
2021-08,0.5268,0.1,1.0,0.4083,IPC V1 AR(1),1 semana
2021-09,2.2995,2.1,0.1,0.4,IPC V1 AR(1),1 semana
2021-10,0.5953,0.7,2.1,0.425,IPC V1 AR(1),1 semana
2021-11,-0.9441,0.1,0.7,0.4333,IPC V1 AR(1),1 semana
2021-12,1.8728,0.5,0.1,0.425,IPC V1 AR(1),1 semana
2022-01,0.8117,1.6,0.5,0.45,IPC V1 AR(1),1 semana
2022-02,0.0954,1.8,1.6,0.4833,IPC V1 AR(1),1 semana
2022-03,3.6913,3.9,1.8,0.675,IPC V1 AR(1),1 semana
2022-04,1.9682,2.3,3.9,1.0333,IPC V1 AR(1),1 semana
2022-05,0.8597,1.8,2.3,1.1583,IPC V1 AR(1),1 semana
2022-06,1.2285,1.2,1.8,1.325,IPC V1 AR(1),1 semana
2022-07,1.6035,1.9,1.2,1.425,IPC V1 AR(1),1 semana
2022-08,1.677,2.0,1.9,1.5,IPC V1 AR(1),1 semana
2022-09,2.357,2.3,2.0,1.6583,IPC V1 AR(1),1 semana
2022-10,0.1981,0.8,2.3,1.675,IPC V1 AR(1),1 semana
2022-11,1.815,1.7,0.8,1.6833,IPC V1 AR(1),1 semana
2022-12,0.4577,1.1,1.7,1.8167,IPC V1 AR(1),1 semana
2023-01,0.9356,1.0,1.1,1.8667,IPC V1 AR(1),1 semana
2023-02,-0.0371,-0.3,1.0,1.8167,IPC V1 AR(1),1 semana
2023-03,1.4634,0.4,-0.3,1.6417,IPC V1 AR(1),1 semana
2023-04,0.5929,0.0,0.4,1.35,IPC V1 AR(1),1 semana
2023-05,-0.3099,0.0,0.0,1.1583,IPC V1 AR(1),1 semana
2023-06,2.1061,0.3,0.0,1.0083,IPC V1 AR(1),1 semana
2023-07,-0.2399,1.2,0.3,0.9333,IPC V1 AR(1),1 semana
2023-08,1.7846,0.3,1.2,0.875,IPC V1 AR(1),1 semana
2023-09,1.7594,1.0,0.3,0.7333,IPC V1 AR(1),1 semana
2023-10,1.0339,0.9,1.0,0.625,IPC V1 AR(1),1 semana
2023-11,0.5908,1.0,0.9,0.6333,IPC V1 AR(1),1 semana
2023-12,-0.4893,-0.8,1.0,0.575,IPC V1 AR(1),1 semana
2024-01,1.199,1.0,-0.8,0.4167,IPC V1 AR(1),1 semana
2024-02,-0.1243,0.2,1.0,0.4167,IPC V1 AR(1),1 semana
2024-03,0.8954,-0.9,0.2,0.4583,IPC V1 AR(1),1 semana
2024-04,0.931,0.7,-0.9,0.35,IPC V1 AR(1),1 semana
2024-05,-0.1265,0.1,0.7,0.4083,IPC V1 AR(1),1 semana
2024-06,0.5214,1.3,0.1,0.4167,IPC V1 AR(1),1 semana
2024-07,0.0973,0.1,1.3,0.5,IPC V1 AR(1),1 semana
2024-08,0.997,0.5,0.1,0.4083,IPC V1 AR(1),1 semana
2024-09,2.1572,-0.5,0.5,0.425,IPC V1 AR(1),1 semana
2024-10,-0.8878,2.2,-0.5,0.3,IPC V1 AR(1),1 semana
2024-11,-1.2311,-0.3,2.2,0.4083,IPC V1 AR(1),1 semana
2024-12,0.0617,-0.9,-0.3,0.3,IPC V1 AR(1),1 semana
2025-01,1.1324,0.4,-0.9,0.2917,IPC V1 AR(1),1 semana
2025-02,-0.0127,0.1,0.4,0.2417,IPC V1 AR(1),1 semana
2025-03,1.2717,1.2,0.1,0.2333,IPC V1 AR(1),1 semana
2025-04,0.5396,0.0,1.2,0.4083,IPC V1 AR(1),1 semana
2025-05,0.5533,0.3,0.0,0.35,IPC V1 AR(1),1 semana
2025-06,-0.2643,-0.9,0.3,0.3667,IPC V1 AR(1),1 semana
2025-07,0.2065,0.9,-0.9,0.1833,IPC V1 AR(1),1 semana
2025-08,0.2519,0.9,0.9,0.25,IPC V1 AR(1),1 semana
2025-09,1.4716,0.8,0.9,0.2833,IPC V1 AR(1),1 semana
2025-10,0.1383,0.5,0.8,0.3917,IPC V1 AR(1),1 semana
2025-11,-0.6534,0.2,0.5,0.25,IPC V1 AR(1),1 semana
2025-12,0.3443,-0.4,0.2,0.2917,IPC V1 AR(1),1 semana
2026-01,0.3167,0.4,-0.4,0.3333,IPC V1 AR(1),1 semana
2026-02,0.2402,0.2,0.4,0.3333,IPC V1 AR(1),1 semana
2026-03,0.3755,0.6,0.2,0.3417,IPC V1 AR(1),1 semana
2026-04,0.8187,0.0,0.6,0.2917,IPC V1 AR(1),1 semana
2026-05,0.4741,-0.8,0.0,0.2917,IPC V1 AR(1),1 semana
2026-06,-0.038,0.8,-0.8,0.2,IPC V1 AR(1),1 semana
2026-07,-0.1967,0.7,0.8,0.3417,IPC V1 AR(1),1 semana
2026-08,1.609,1.4,0.7,0.325,IPC V1 AR(1),1 semana
2019-01,0.7181,-0.3,-0.8,0.2417,IPC V2 promedio de 12 meses,1 semana
2019-02,-0.6575,-0.3,-0.3,0.1083,IPC V2 promedio de 12 meses,1 semana
2019-03,1.3441,0.8,-0.3,0.1333,IPC V2 promedio de 12 meses,1 semana
2019-04,0.2267,0.5,0.8,0.1833,IPC V2 promedio de 12 meses,1 semana
2019-05,0.1764,0.0,0.5,0.1917,IPC V2 promedio de 12 meses,1 semana
2019-06,1.1951,0.5,0.0,0.2167,IPC V2 promedio de 12 meses,1 semana
2019-07,-0.1255,0.2,0.5,0.225,IPC V2 promedio de 12 meses,1 semana
2019-08,0.5783,0.7,0.2,0.2167,IPC V2 promedio de 12 meses,1 semana
2019-09,0.248,0.0,0.7,0.2333,IPC V2 promedio de 12 meses,1 semana
2019-10,0.4524,0.8,0.0,0.2,IPC V2 promedio de 12 meses,1 semana
2019-11,0.6374,1.3,0.8,0.2083,IPC V2 promedio de 12 meses,1 semana
2019-12,0.0215,-0.5,1.3,0.2833,IPC V2 promedio de 12 meses,1 semana
2020-01,1.5648,1.0,-0.5,0.3083,IPC V2 promedio de 12 meses,1 semana
2020-02,0.6761,0.7,1.0,0.4167,IPC V2 promedio de 12 meses,1 semana
2020-03,1.4006,0.8,0.7,0.5,IPC V2 promedio de 12 meses,1 semana
2020-04,0.4633,1.0,0.8,0.5,IPC V2 promedio de 12 meses,1 semana
2020-05,0.9866,0.0,1.0,0.5417,IPC V2 promedio de 12 meses,1 semana
2020-06,0.9336,0.3,0.0,0.5417,IPC V2 promedio de 12 meses,1 semana
2020-07,1.2953,0.6,0.3,0.525,IPC V2 promedio de 12 meses,1 semana
2020-08,0.1844,0.2,0.6,0.5583,IPC V2 promedio de 12 meses,1 semana
2020-09,2.1543,1.8,0.2,0.5167,IPC V2 promedio de 12 meses,1 semana
2020-10,0.1506,0.6,1.8,0.6667,IPC V2 promedio de 12 meses,1 semana
2020-11,-0.4524,0.2,0.6,0.65,IPC V2 promedio de 12 meses,1 semana
2020-12,-1.3707,0.2,0.2,0.5583,IPC V2 promedio de 12 meses,1 semana
2021-01,1.4363,1.2,0.2,0.6167,IPC V2 promedio de 12 meses,1 semana
2021-02,0.4845,-0.5,1.2,0.6333,IPC V2 promedio de 12 meses,1 semana
2021-03,-0.007,-0.4,-0.5,0.5333,IPC V2 promedio de 12 meses,1 semana
2021-04,-0.1457,0.8,-0.4,0.4333,IPC V2 promedio de 12 meses,1 semana
2021-05,0.6864,-0.2,0.8,0.4167,IPC V2 promedio de 12 meses,1 semana
2021-06,0.1392,0.0,-0.2,0.4,IPC V2 promedio de 12 meses,1 semana
2021-07,0.81,1.0,0.0,0.375,IPC V2 promedio de 12 meses,1 semana
2021-08,0.6564,0.1,1.0,0.4083,IPC V2 promedio de 12 meses,1 semana
2021-09,2.1538,2.1,0.1,0.4,IPC V2 promedio de 12 meses,1 semana
2021-10,0.6753,0.7,2.1,0.425,IPC V2 promedio de 12 meses,1 semana
2021-11,-0.8855,0.1,0.7,0.4333,IPC V2 promedio de 12 meses,1 semana
2021-12,1.8271,0.5,0.1,0.425,IPC V2 promedio de 12 meses,1 semana
2022-01,0.8227,1.6,0.5,0.45,IPC V2 promedio de 12 meses,1 semana
2022-02,0.2728,1.8,1.6,0.4833,IPC V2 promedio de 12 meses,1 semana
2022-03,3.7238,3.9,1.8,0.675,IPC V2 promedio de 12 meses,1 semana
2022-04,2.2422,2.3,3.9,1.0333,IPC V2 promedio de 12 meses,1 semana
2022-05,1.2006,1.8,2.3,1.1583,IPC V2 promedio de 12 meses,1 semana
2022-06,1.3728,1.2,1.8,1.325,IPC V2 promedio de 12 meses,1 semana
2022-07,1.6205,1.9,1.2,1.425,IPC V2 promedio de 12 meses,1 semana
2022-08,1.7414,2.0,1.9,1.5,IPC V2 promedio de 12 meses,1 semana
2022-09,2.3186,2.3,2.0,1.6583,IPC V2 promedio de 12 meses,1 semana
2022-10,0.3478,0.8,2.3,1.675,IPC V2 promedio de 12 meses,1 semana
2022-11,1.8133,1.7,0.8,1.6833,IPC V2 promedio de 12 meses,1 semana
2022-12,0.4626,1.1,1.7,1.8167,IPC V2 promedio de 12 meses,1 semana
2023-01,0.9492,1.0,1.1,1.8667,IPC V2 promedio de 12 meses,1 semana
2023-02,-0.0844,-0.3,1.0,1.8167,IPC V2 promedio de 12 meses,1 semana
2023-03,1.2871,0.4,-0.3,1.6417,IPC V2 promedio de 12 meses,1 semana
2023-04,0.5424,0.0,0.4,1.35,IPC V2 promedio de 12 meses,1 semana
2023-05,-0.3894,0.0,0.0,1.1583,IPC V2 promedio de 12 meses,1 semana
2023-06,1.9649,0.3,0.0,1.0083,IPC V2 promedio de 12 meses,1 semana
2023-07,-0.2887,1.2,0.3,0.9333,IPC V2 promedio de 12 meses,1 semana
2023-08,1.6419,0.3,1.2,0.875,IPC V2 promedio de 12 meses,1 semana
2023-09,1.7057,1.0,0.3,0.7333,IPC V2 promedio de 12 meses,1 semana
2023-10,0.9038,0.9,1.0,0.625,IPC V2 promedio de 12 meses,1 semana
2023-11,0.6261,1.0,0.9,0.6333,IPC V2 promedio de 12 meses,1 semana
2023-12,-0.5346,-0.8,1.0,0.575,IPC V2 promedio de 12 meses,1 semana
2024-01,1.0424,1.0,-0.8,0.4167,IPC V2 promedio de 12 meses,1 semana
2024-02,-0.0105,0.2,1.0,0.4167,IPC V2 promedio de 12 meses,1 semana
2024-03,0.897,-0.9,0.2,0.4583,IPC V2 promedio de 12 meses,1 semana
2024-04,0.6998,0.7,-0.9,0.35,IPC V2 promedio de 12 meses,1 semana
2024-05,-0.0168,0.1,0.7,0.4083,IPC V2 promedio de 12 meses,1 semana
2024-06,0.5304,1.3,0.1,0.4167,IPC V2 promedio de 12 meses,1 semana
2024-07,0.2199,0.1,1.3,0.5,IPC V2 promedio de 12 meses,1 semana
2024-08,0.9155,0.5,0.1,0.4083,IPC V2 promedio de 12 meses,1 semana
2024-09,2.1562,-0.5,0.5,0.425,IPC V2 promedio de 12 meses,1 semana
2024-10,-1.0171,2.2,-0.5,0.3,IPC V2 promedio de 12 meses,1 semana
2024-11,-0.935,-0.3,2.2,0.4083,IPC V2 promedio de 12 meses,1 semana
2024-12,-0.0479,-0.9,-0.3,0.3,IPC V2 promedio de 12 meses,1 semana
2025-01,1.0415,0.4,-0.9,0.2917,IPC V2 promedio de 12 meses,1 semana
2025-02,0.0261,0.1,0.4,0.2417,IPC V2 promedio de 12 meses,1 semana
2025-03,1.2202,1.2,0.1,0.2333,IPC V2 promedio de 12 meses,1 semana
2025-04,0.5742,0.0,1.2,0.4083,IPC V2 promedio de 12 meses,1 semana
2025-05,0.5278,0.3,0.0,0.35,IPC V2 promedio de 12 meses,1 semana
2025-06,-0.158,-0.9,0.3,0.3667,IPC V2 promedio de 12 meses,1 semana
2025-07,0.1453,0.9,-0.9,0.1833,IPC V2 promedio de 12 meses,1 semana
2025-08,0.3922,0.9,0.9,0.25,IPC V2 promedio de 12 meses,1 semana
2025-09,1.6177,0.8,0.9,0.2833,IPC V2 promedio de 12 meses,1 semana
2025-10,0.0809,0.5,0.8,0.3917,IPC V2 promedio de 12 meses,1 semana
2025-11,-0.6319,0.2,0.5,0.25,IPC V2 promedio de 12 meses,1 semana
2025-12,0.2577,-0.4,0.2,0.2917,IPC V2 promedio de 12 meses,1 semana
2026-01,0.219,0.4,-0.4,0.3333,IPC V2 promedio de 12 meses,1 semana
2026-02,0.2611,0.2,0.4,0.3333,IPC V2 promedio de 12 meses,1 semana
2026-03,0.4105,0.6,0.2,0.3417,IPC V2 promedio de 12 meses,1 semana
2026-04,0.7401,0.0,0.6,0.2917,IPC V2 promedio de 12 meses,1 semana
2026-05,0.4477,-0.8,0.0,0.2917,IPC V2 promedio de 12 meses,1 semana
2026-06,-0.2007,0.8,-0.8,0.2,IPC V2 promedio de 12 meses,1 semana
2026-07,-0.1329,0.7,0.8,0.3417,IPC V2 promedio de 12 meses,1 semana
2026-08,1.6983,1.4,0.7,0.325,IPC V2 promedio de 12 meses,1 semana
2019-01,0.2884,-0.3,-0.8,0.2417,IPC V3 combinación,1 semana
2019-02,-0.3598,-0.3,-0.3,0.1083,IPC V3 combinación,1 semana
2019-03,0.8965,0.8,-0.3,0.1333,IPC V3 combinación,1 semana
2019-04,0.2682,0.5,0.8,0.1833,IPC V3 combinación,1 semana
2019-05,0.328,0.0,0.5,0.1917,IPC V3 combinación,1 semana
2019-06,0.8082,0.5,0.0,0.2167,IPC V3 combinación,1 semana
2019-07,0.0999,0.2,0.5,0.225,IPC V3 combinación,1 semana
2019-08,0.579,0.7,0.2,0.2167,IPC V3 combinación,1 semana
2019-09,0.3428,0.0,0.7,0.2333,IPC V3 combinación,1 semana
2019-10,0.1771,0.8,0.0,0.2,IPC V3 combinación,1 semana
2019-11,0.5525,1.3,0.8,0.2083,IPC V3 combinación,1 semana
2019-12,0.2239,-0.5,1.3,0.2833,IPC V3 combinación,1 semana
2020-01,0.8717,1.0,-0.5,0.3083,IPC V3 combinación,1 semana
2020-02,0.6654,0.7,1.0,0.4167,IPC V3 combinación,1 semana
2020-03,1.2508,0.8,0.7,0.5,IPC V3 combinación,1 semana
2020-04,0.4329,1.0,0.8,0.5,IPC V3 combinación,1 semana
2020-05,0.9166,0.0,1.0,0.5417,IPC V3 combinación,1 semana
2020-06,0.5796,0.3,0.0,0.5417,IPC V3 combinación,1 semana
2020-07,1.1546,0.6,0.3,0.525,IPC V3 combinación,1 semana
2020-08,0.2494,0.2,0.6,0.5583,IPC V3 combinación,1 semana
2020-09,1.5844,1.8,0.2,0.5167,IPC V3 combinación,1 semana
2020-10,0.3781,0.6,1.8,0.6667,IPC V3 combinación,1 semana
2020-11,0.1053,0.2,0.6,0.65,IPC V3 combinación,1 semana
2020-12,-0.8096,0.2,0.2,0.5583,IPC V3 combinación,1 semana
2021-01,1.0893,1.2,0.2,0.6167,IPC V3 combinación,1 semana
2021-02,0.6534,-0.5,1.2,0.6333,IPC V3 combinación,1 semana
2021-03,-0.0333,-0.4,-0.5,0.5333,IPC V3 combinación,1 semana
2021-04,-0.117,0.8,-0.4,0.4333,IPC V3 combinación,1 semana
2021-05,0.8834,-0.2,0.8,0.4167,IPC V3 combinación,1 semana
2021-06,0.195,0.0,-0.2,0.4,IPC V3 combinación,1 semana
2021-07,0.5673,1.0,0.0,0.375,IPC V3 combinación,1 semana
2021-08,0.8624,0.1,1.0,0.4083,IPC V3 combinación,1 semana
2021-09,1.2351,2.1,0.1,0.4,IPC V3 combinación,1 semana
2021-10,0.7733,0.7,2.1,0.425,IPC V3 combinación,1 semana
2021-11,-0.284,0.1,0.7,0.4333,IPC V3 combinación,1 semana
2021-12,1.2408,0.5,0.1,0.425,IPC V3 combinación,1 semana
2022-01,0.7234,1.6,0.5,0.45,IPC V3 combinación,1 semana
2022-02,0.7447,1.8,1.6,0.4833,IPC V3 combinación,1 semana
2022-03,2.7312,3.9,1.8,0.675,IPC V3 combinación,1 semana
2022-04,2.4344,2.3,3.9,1.0333,IPC V3 combinación,1 semana
2022-05,2.0101,1.8,2.3,1.1583,IPC V3 combinación,1 semana
2022-06,1.6989,1.2,1.8,1.325,IPC V3 combinación,1 semana
2022-07,1.5921,1.9,1.2,1.425,IPC V3 combinación,1 semana
2022-08,1.8053,2.0,1.9,1.5,IPC V3 combinación,1 semana
2022-09,2.0079,2.3,2.0,1.6583,IPC V3 combinación,1 semana
2022-10,1.1535,0.8,2.3,1.675,IPC V3 combinación,1 semana
2022-11,1.7718,1.7,0.8,1.6833,IPC V3 combinación,1 semana
2022-12,0.9593,1.1,1.7,1.8167,IPC V3 combinación,1 semana
2023-01,1.3073,1.0,1.1,1.8667,IPC V3 combinación,1 semana
2023-02,0.4866,-0.3,1.0,1.8167,IPC V3 combinación,1 semana
2023-03,1.0354,0.4,-0.3,1.6417,IPC V3 combinación,1 semana
2023-04,0.7236,0.0,0.4,1.35,IPC V3 combinación,1 semana
2023-05,-0.0015,0.0,0.0,1.1583,IPC V3 combinación,1 semana
2023-06,1.3311,0.3,0.0,1.0083,IPC V3 combinación,1 semana
2023-07,0.0412,1.2,0.3,0.9333,IPC V3 combinación,1 semana
2023-08,1.072,0.3,1.2,0.875,IPC V3 combinación,1 semana
2023-09,1.2525,1.0,0.3,0.7333,IPC V3 combinación,1 semana
2023-10,0.5295,0.9,1.0,0.625,IPC V3 combinación,1 semana
2023-11,0.7178,1.0,0.9,0.6333,IPC V3 combinación,1 semana
2023-12,-0.2354,-0.8,1.0,0.575,IPC V3 combinación,1 semana
2024-01,0.4813,1.0,-0.8,0.4167,IPC V3 combinación,1 semana
2024-02,0.3993,0.2,1.0,0.4167,IPC V3 combinación,1 semana
2024-03,0.7514,-0.9,0.2,0.4583,IPC V3 combinación,1 semana
2024-04,0.0863,0.7,-0.9,0.35,IPC V3 combinación,1 semana
2024-05,0.3894,0.1,0.7,0.4083,IPC V3 combinación,1 semana
2024-06,0.5195,1.3,0.1,0.4167,IPC V3 combinación,1 semana
2024-07,0.5988,0.1,1.3,0.5,IPC V3 combinación,1 semana
2024-08,0.5654,0.5,0.1,0.4083,IPC V3 combinación,1 semana
2024-09,1.5544,-0.5,0.5,0.425,IPC V3 combinación,1 semana
2024-10,-0.8287,2.2,-0.5,0.3,IPC V3 combinación,1 semana
2024-11,0.2181,-0.3,2.2,0.4083,IPC V3 combinación,1 semana
2024-12,-0.1535,-0.9,-0.3,0.3,IPC V3 combinación,1 semana
2025-01,0.5921,0.4,-0.9,0.2917,IPC V3 combinación,1 semana
2025-02,0.198,0.1,0.4,0.2417,IPC V3 combinación,1 semana
2025-03,0.767,1.2,0.1,0.2333,IPC V3 combinación,1 semana
2025-04,0.599,0.0,1.2,0.4083,IPC V3 combinación,1 semana
2025-05,0.4166,0.3,0.0,0.35,IPC V3 combinación,1 semana
2025-06,0.2737,-0.9,0.3,0.3667,IPC V3 combinación,1 semana
2025-07,0.0305,0.9,-0.9,0.1833,IPC V3 combinación,1 semana
2025-08,0.6598,0.9,0.9,0.25,IPC V3 combinación,1 semana
2025-09,1.4804,0.8,0.9,0.2833,IPC V3 combinación,1 semana
2025-10,0.0686,0.5,0.8,0.3917,IPC V3 combinación,1 semana
2025-11,-0.2698,0.2,0.5,0.25,IPC V3 combinación,1 semana
2025-12,0.0854,-0.4,0.2,0.2917,IPC V3 combinación,1 semana
2026-01,0.0474,0.4,-0.4,0.3333,IPC V3 combinación,1 semana
2026-02,0.3472,0.2,0.4,0.3333,IPC V3 combinación,1 semana
2026-03,0.4673,0.6,0.2,0.3417,IPC V3 combinación,1 semana
2026-04,0.4127,0.0,0.6,0.2917,IPC V3 combinación,1 semana
2026-05,0.3397,-0.8,0.0,0.2917,IPC V3 combinación,1 semana
2026-06,-0.4077,0.8,-0.8,0.2,IPC V3 combinación,1 semana
2026-07,0.1792,0.7,0.8,0.3417,IPC V3 combinación,1 semana
2026-08,1.4153,1.4,0.7,0.325,IPC V3 combinación,1 semana
2019-01,0.7563,-0.1,-0.4,0.1909,Canasta anclada,1 semana
2019-02,-0.8222,-0.2,-0.1,0.1667,Canasta anclada,1 semana
2019-03,1.3751,0.7,-0.2,0.1583,Canasta anclada,1 semana
2019-04,0.0694,0.4,0.7,0.2,Canasta anclada,1 semana
2019-05,-0.1066,0.1,0.4,0.2,Canasta anclada,1 semana
2019-06,1.2118,0.4,0.1,0.2167,Canasta anclada,1 semana
2019-07,-0.4035,0.2,0.4,0.225,Canasta anclada,1 semana
2019-08,0.3844,0.6,0.2,0.2083,Canasta anclada,1 semana
2019-09,0.3492,0.0,0.6,0.2333,Canasta anclada,1 semana
2019-10,0.6214,0.7,0.0,0.2167,Canasta anclada,1 semana
2019-11,1.9269,1.0,0.7,0.225,Canasta anclada,1 semana
2019-12,-0.8864,-0.3,1.0,0.2833,Canasta anclada,1 semana
2020-01,1.3828,0.9,-0.3,0.2917,Canasta anclada,1 semana
2020-02,0.7568,0.7,0.9,0.375,Canasta anclada,1 semana
2020-03,1.4902,0.7,0.7,0.45,Canasta anclada,1 semana
2020-04,0.8472,0.8,0.7,0.45,Canasta anclada,1 semana
2020-05,0.567,-0.0,0.8,0.4833,Canasta anclada,1 semana
2020-06,0.6139,0.3,-0.0,0.475,Canasta anclada,1 semana
2020-07,0.4994,0.4,0.3,0.4667,Canasta anclada,1 semana
2020-08,-0.1372,0.2,0.4,0.4833,Canasta anclada,1 semana
2020-09,1.8057,1.5,0.2,0.45,Canasta anclada,1 semana
2020-10,0.8066,0.7,1.5,0.575,Canasta anclada,1 semana
2020-11,0.9477,0.1,0.7,0.575,Canasta anclada,1 semana
2020-12,0.0254,0.2,0.1,0.5,Canasta anclada,1 semana
2021-01,1.5016,1.1,0.2,0.5417,Canasta anclada,1 semana
2021-02,0.4092,-0.4,1.1,0.5583,Canasta anclada,1 semana
2021-03,0.0825,-0.3,-0.4,0.4667,Canasta anclada,1 semana
2021-04,-0.1301,0.7,-0.3,0.3833,Canasta anclada,1 semana
2021-05,0.5932,-0.2,0.7,0.375,Canasta anclada,1 semana
2021-06,0.0798,0.1,-0.2,0.3583,Canasta anclada,1 semana
2021-07,0.4812,1.0,0.1,0.3417,Canasta anclada,1 semana
2021-08,0.1653,0.5,1.0,0.3917,Canasta anclada,1 semana
2021-09,1.7109,1.8,0.5,0.4167,Canasta anclada,1 semana
2021-10,0.7297,1.0,1.8,0.4417,Canasta anclada,1 semana
2021-11,0.0354,0.3,1.0,0.4667,Canasta anclada,1 semana
2021-12,2.6932,0.7,0.3,0.4833,Canasta anclada,1 semana
2022-01,1.0091,1.6,0.7,0.525,Canasta anclada,1 semana
2022-02,0.7164,1.5,1.6,0.5667,Canasta anclada,1 semana
2022-03,3.5522,3.4,1.5,0.725,Canasta anclada,1 semana
2022-04,2.636,2.2,3.4,1.0333,Canasta anclada,1 semana
2022-05,1.1583,1.8,2.2,1.1583,Canasta anclada,1 semana
2022-06,1.325,1.3,1.8,1.325,Canasta anclada,1 semana
2022-07,1.3521,1.7,1.3,1.425,Canasta anclada,1 semana
2022-08,1.3009,1.9,1.7,1.4833,Canasta anclada,1 semana
2022-09,2.2334,1.9,1.9,1.6,Canasta anclada,1 semana
2022-10,0.9606,0.8,1.9,1.6083,Canasta anclada,1 semana
2022-11,2.1806,1.6,0.8,1.5917,Canasta anclada,1 semana
2022-12,0.9303,1.0,1.6,1.7,Canasta anclada,1 semana
2023-01,1.337,1.0,1.0,1.725,Canasta anclada,1 semana
2023-02,0.6106,0.0,1.0,1.675,Canasta anclada,1 semana
2023-03,1.1873,0.5,0.0,1.55,Canasta anclada,1 semana
2023-04,0.7393,0.1,0.5,1.3083,Canasta anclada,1 semana
2023-05,-0.8781,0.2,0.1,1.1333,Canasta anclada,1 semana
2023-06,1.4448,0.4,0.2,1.0,Canasta anclada,1 semana
2023-07,-0.3621,1.1,0.4,0.925,Canasta anclada,1 semana
2023-08,1.283,0.4,1.1,0.875,Canasta anclada,1 semana
2023-09,1.8303,0.9,0.4,0.75,Canasta anclada,1 semana
2023-10,1.0092,0.8,0.9,0.6667,Canasta anclada,1 semana
2023-11,0.7191,0.8,0.8,0.6667,Canasta anclada,1 semana
2023-12,-0.2979,-0.4,0.8,0.6,Canasta anclada,1 semana
2024-01,1.3203,0.9,-0.4,0.4833,Canasta anclada,1 semana
2024-02,0.1387,0.4,0.9,0.475,Canasta anclada,1 semana
2024-03,0.2569,-0.6,0.4,0.5083,Canasta anclada,1 semana
2024-04,0.7456,0.7,-0.6,0.4167,Canasta anclada,1 semana
2024-05,-0.3743,0.2,0.7,0.4667,Canasta anclada,1 semana
2024-06,0.7769,1.2,0.2,0.4667,Canasta anclada,1 semana
2024-07,-0.1562,0.1,1.2,0.5333,Canasta anclada,1 semana
2024-08,0.1327,0.5,0.1,0.45,Canasta anclada,1 semana
2024-09,2.6809,-0.3,0.5,0.4583,Canasta anclada,1 semana
2024-10,-0.2704,1.9,-0.3,0.3583,Canasta anclada,1 semana
2024-11,0.1,-0.1,1.9,0.45,Canasta anclada,1 semana
2024-12,-1.0124,-0.5,-0.1,0.375,Canasta anclada,1 semana
2025-01,0.8841,0.5,-0.5,0.3667,Canasta anclada,1 semana
2025-02,0.202,0.2,0.5,0.3333,Canasta anclada,1 semana
2025-03,0.5591,1.0,0.2,0.3167,Canasta anclada,1 semana
2025-04,0.9483,0.1,1.0,0.45,Canasta anclada,1 semana
2025-05,0.6937,0.3,0.1,0.4,Canasta anclada,1 semana
2025-06,-0.6166,-0.6,0.3,0.4083,Canasta anclada,1 semana
2025-07,-0.2543,0.8,-0.6,0.2583,Canasta anclada,1 semana
2025-08,-0.2491,0.8,0.8,0.3167,Canasta anclada,1 semana
2025-09,0.9413,0.8,0.8,0.3417,Canasta anclada,1 semana
2025-10,0.1666,0.5,0.8,0.4333,Canasta anclada,1 semana
2025-11,-0.6646,0.3,0.5,0.3167,Canasta anclada,1 semana
2025-12,1.1004,-0.1,0.3,0.35,Canasta anclada,1 semana
2026-01,0.5618,0.4,-0.1,0.3833,Canasta anclada,1 semana
2026-02,0.3392,0.2,0.4,0.375,Canasta anclada,1 semana
2026-03,0.3143,0.5,0.2,0.375,Canasta anclada,1 semana
2026-04,0.5133,0.1,0.5,0.3333,Canasta anclada,1 semana
2026-05,0.319,-0.4,0.1,0.3333,Canasta anclada,1 semana
2026-06,-0.2765,0.7,-0.4,0.275,Canasta anclada,1 semana
2026-07,-0.2301,0.6,0.7,0.3833,Canasta anclada,1 semana
2026-08,1.6823,1.2,0.6,0.3667,Canasta anclada,1 semana
2019-01,-0.4585,-0.3,-0.8,0.2417,IPC V0 regla principal,2 semanas
2019-02,-0.3345,-0.3,-0.3,0.1083,IPC V0 regla principal,2 semanas
2019-03,1.5199,0.8,-0.3,0.1333,IPC V0 regla principal,2 semanas
2019-04,0.0376,0.5,0.8,0.1833,IPC V0 regla principal,2 semanas
2019-05,0.8384,0.0,0.5,0.1917,IPC V0 regla principal,2 semanas
2019-06,1.1009,0.5,0.0,0.2167,IPC V0 regla principal,2 semanas
2019-07,-0.041,0.2,0.5,0.225,IPC V0 regla principal,2 semanas
2019-08,3.3063,0.7,0.2,0.2167,IPC V0 regla principal,2 semanas
2019-09,-1.6387,0.0,0.7,0.2333,IPC V0 regla principal,2 semanas
2019-10,0.1529,0.8,0.0,0.2,IPC V0 regla principal,2 semanas
2019-11,1.1328,1.3,0.8,0.2083,IPC V0 regla principal,2 semanas
2019-12,0.2776,-0.5,1.3,0.2833,IPC V0 regla principal,2 semanas
2020-01,0.8227,1.0,-0.5,0.3083,IPC V0 regla principal,2 semanas
2020-02,0.6279,0.7,1.0,0.4167,IPC V0 regla principal,2 semanas
2020-03,1.4616,0.8,0.7,0.5,IPC V0 regla principal,2 semanas
2020-04,0.0823,1.0,0.8,0.5,IPC V0 regla principal,2 semanas
2020-05,2.3498,0.0,1.0,0.5417,IPC V0 regla principal,2 semanas
2020-06,-0.5101,0.3,0.0,0.5417,IPC V0 regla principal,2 semanas
2020-07,1.9354,0.6,0.3,0.525,IPC V0 regla principal,2 semanas
2020-08,-0.3848,0.2,0.6,0.5583,IPC V0 regla principal,2 semanas
2020-09,2.4373,1.8,0.2,0.5167,IPC V0 regla principal,2 semanas
2020-10,-0.1108,0.6,1.8,0.6667,IPC V0 regla principal,2 semanas
2020-11,0.1747,0.2,0.6,0.65,IPC V0 regla principal,2 semanas
2020-12,-0.9671,0.2,0.2,0.5583,IPC V0 regla principal,2 semanas
2021-01,1.4679,1.2,0.2,0.6167,IPC V0 regla principal,2 semanas
2021-02,0.036,-0.5,1.2,0.6333,IPC V0 regla principal,2 semanas
2021-03,-0.3484,-0.4,-0.5,0.5333,IPC V0 regla principal,2 semanas
2021-04,-0.0327,0.8,-0.4,0.4333,IPC V0 regla principal,2 semanas
2021-05,0.9723,-0.2,0.8,0.4167,IPC V0 regla principal,2 semanas
2021-06,-0.1881,0.0,-0.2,0.4,IPC V0 regla principal,2 semanas
2021-07,1.0183,1.0,0.0,0.375,IPC V0 regla principal,2 semanas
2021-08,0.7683,0.1,1.0,0.4083,IPC V0 regla principal,2 semanas
2021-09,1.4789,2.1,0.1,0.4,IPC V0 regla principal,2 semanas
2021-10,0.7484,0.7,2.1,0.425,IPC V0 regla principal,2 semanas
2021-11,-0.4223,0.1,0.7,0.4333,IPC V0 regla principal,2 semanas
2021-12,1.8201,0.5,0.1,0.425,IPC V0 regla principal,2 semanas
2022-01,0.8098,1.6,0.5,0.45,IPC V0 regla principal,2 semanas
2022-02,1.2676,1.8,1.6,0.4833,IPC V0 regla principal,2 semanas
2022-03,3.6964,3.9,1.8,0.675,IPC V0 regla principal,2 semanas
2022-04,3.2005,2.3,3.9,1.0333,IPC V0 regla principal,2 semanas
2022-05,1.929,1.8,2.3,1.1583,IPC V0 regla principal,2 semanas
2022-06,2.4716,1.2,1.8,1.325,IPC V0 regla principal,2 semanas
2022-07,1.6764,1.9,1.2,1.425,IPC V0 regla principal,2 semanas
2022-08,2.0396,2.0,1.9,1.5,IPC V0 regla principal,2 semanas
2022-09,1.8917,2.3,2.0,1.6583,IPC V0 regla principal,2 semanas
2022-10,0.7633,0.8,2.3,1.675,IPC V0 regla principal,2 semanas
2022-11,1.8356,1.7,0.8,1.6833,IPC V0 regla principal,2 semanas
2022-12,0.3914,1.1,1.7,1.8167,IPC V0 regla principal,2 semanas
2023-01,1.3854,1.0,1.1,1.8667,IPC V0 regla principal,2 semanas
2023-02,-0.6302,-0.3,1.0,1.8167,IPC V0 regla principal,2 semanas
2023-03,0.8647,0.4,-0.3,1.6417,IPC V0 regla principal,2 semanas
2023-04,0.417,0.0,0.4,1.35,IPC V0 regla principal,2 semanas
2023-05,-0.0792,0.0,0.0,1.1583,IPC V0 regla principal,2 semanas
2023-06,0.7539,0.3,0.0,1.0083,IPC V0 regla principal,2 semanas
2023-07,0.1735,1.2,0.3,0.9333,IPC V0 regla principal,2 semanas
2023-08,0.5836,0.3,1.2,0.875,IPC V0 regla principal,2 semanas
2023-09,1.5776,1.0,0.3,0.7333,IPC V0 regla principal,2 semanas
2023-10,0.5072,0.9,1.0,0.625,IPC V0 regla principal,2 semanas
2023-11,0.8983,1.0,0.9,0.6333,IPC V0 regla principal,2 semanas
2023-12,-0.8188,-0.8,1.0,0.575,IPC V0 regla principal,2 semanas
2024-01,0.3703,1.0,-0.8,0.4167,IPC V0 regla principal,2 semanas
2024-02,-0.0605,0.2,1.0,0.4167,IPC V0 regla principal,2 semanas
2024-03,1.2735,-0.9,0.2,0.4583,IPC V0 regla principal,2 semanas
2024-04,-0.0567,0.7,-0.9,0.35,IPC V0 regla principal,2 semanas
2024-05,0.1583,0.1,0.7,0.4083,IPC V0 regla principal,2 semanas
2024-06,0.6706,1.3,0.1,0.4167,IPC V0 regla principal,2 semanas
2024-07,1.099,0.1,1.3,0.5,IPC V0 regla principal,2 semanas
2024-08,0.5116,0.5,0.1,0.4083,IPC V0 regla principal,2 semanas
2024-09,0.5553,-0.5,0.5,0.425,IPC V0 regla principal,2 semanas
2024-10,-0.805,2.2,-0.5,0.3,IPC V0 regla principal,2 semanas
2024-11,0.7365,-0.3,2.2,0.4083,IPC V0 regla principal,2 semanas
2024-12,-0.5013,-0.9,-0.3,0.3,IPC V0 regla principal,2 semanas
2025-01,0.8055,0.4,-0.9,0.2917,IPC V0 regla principal,2 semanas
2025-02,0.0886,0.1,0.4,0.2417,IPC V0 regla principal,2 semanas
2025-03,0.8007,1.2,0.1,0.2333,IPC V0 regla principal,2 semanas
2025-04,0.7101,0.0,1.2,0.4083,IPC V0 regla principal,2 semanas
2025-05,0.206,0.3,0.0,0.35,IPC V0 regla principal,2 semanas
2025-06,0.778,-0.9,0.3,0.3667,IPC V0 regla principal,2 semanas
2025-07,-0.2742,0.9,-0.9,0.1833,IPC V0 regla principal,2 semanas
2025-08,0.9859,0.9,0.9,0.25,IPC V0 regla principal,2 semanas
2025-09,2.0829,0.8,0.9,0.2833,IPC V0 regla principal,2 semanas
2025-10,-0.6207,0.5,0.8,0.3917,IPC V0 regla principal,2 semanas
2025-11,-0.1853,0.2,0.5,0.25,IPC V0 regla principal,2 semanas
2025-12,-0.6288,-0.4,0.2,0.2917,IPC V0 regla principal,2 semanas
2026-01,0.6213,0.4,-0.4,0.3333,IPC V0 regla principal,2 semanas
2026-02,-0.0035,0.2,0.4,0.3333,IPC V0 regla principal,2 semanas
2026-03,0.6347,0.6,0.2,0.3417,IPC V0 regla principal,2 semanas
2026-04,0.5084,0.0,0.6,0.2917,IPC V0 regla principal,2 semanas
2026-05,0.561,-0.8,0.0,0.2917,IPC V0 regla principal,2 semanas
2026-06,-0.9305,0.8,-0.8,0.2,IPC V0 regla principal,2 semanas
2026-07,0.5883,0.7,0.8,0.3417,IPC V0 regla principal,2 semanas
2026-08,2.1401,1.4,0.7,0.325,IPC V0 regla principal,2 semanas
2019-01,0.0661,-0.3,-0.8,0.2417,IPC V1 AR(1),2 semanas
2019-02,-0.3879,-0.3,-0.3,0.1083,IPC V1 AR(1),2 semanas
2019-03,1.5642,0.8,-0.3,0.1333,IPC V1 AR(1),2 semanas
2019-04,-0.0746,0.5,0.8,0.1833,IPC V1 AR(1),2 semanas
2019-05,0.5477,0.0,0.5,0.1917,IPC V1 AR(1),2 semanas
2019-06,1.1873,0.5,0.0,0.2167,IPC V1 AR(1),2 semanas
2019-07,-0.2437,0.2,0.5,0.225,IPC V1 AR(1),2 semanas
2019-08,3.052,0.7,0.2,0.2167,IPC V1 AR(1),2 semanas
2019-09,-1.8369,0.0,0.7,0.2333,IPC V1 AR(1),2 semanas
2019-10,0.5279,0.8,0.0,0.2,IPC V1 AR(1),2 semanas
2019-11,1.0025,1.3,0.8,0.2083,IPC V1 AR(1),2 semanas
2019-12,0.0586,-0.5,1.3,0.2833,IPC V1 AR(1),2 semanas
2020-01,1.3268,1.0,-0.5,0.3083,IPC V1 AR(1),2 semanas
2020-02,0.4686,0.7,1.0,0.4167,IPC V1 AR(1),2 semanas
2020-03,1.1288,0.8,0.7,0.5,IPC V1 AR(1),2 semanas
2020-04,0.1699,1.0,0.8,0.5,IPC V1 AR(1),2 semanas
2020-05,2.1801,0.0,1.0,0.5417,IPC V1 AR(1),2 semanas
2020-06,-0.0733,0.3,0.0,0.5417,IPC V1 AR(1),2 semanas
2020-07,1.6781,0.6,0.3,0.525,IPC V1 AR(1),2 semanas
2020-08,-0.2488,0.2,0.6,0.5583,IPC V1 AR(1),2 semanas
2020-09,2.4287,1.8,0.2,0.5167,IPC V1 AR(1),2 semanas
2020-10,-0.1987,0.6,1.8,0.6667,IPC V1 AR(1),2 semanas
2020-11,-0.1603,0.2,0.6,0.65,IPC V1 AR(1),2 semanas
2020-12,-0.7295,0.2,0.2,0.5583,IPC V1 AR(1),2 semanas
2021-01,1.5885,1.2,0.2,0.6167,IPC V1 AR(1),2 semanas
2021-02,-0.1927,-0.5,1.2,0.6333,IPC V1 AR(1),2 semanas
2021-03,0.0868,-0.4,-0.5,0.5333,IPC V1 AR(1),2 semanas
2021-04,0.3195,0.8,-0.4,0.4333,IPC V1 AR(1),2 semanas
2021-05,0.3941,-0.2,0.8,0.4167,IPC V1 AR(1),2 semanas
2021-06,-0.1137,0.0,-0.2,0.4,IPC V1 AR(1),2 semanas
2021-07,1.2002,1.0,0.0,0.375,IPC V1 AR(1),2 semanas
2021-08,0.1862,0.1,1.0,0.4083,IPC V1 AR(1),2 semanas
2021-09,2.0899,2.1,0.1,0.4,IPC V1 AR(1),2 semanas
2021-10,0.3812,0.7,2.1,0.425,IPC V1 AR(1),2 semanas
2021-11,-0.6929,0.1,0.7,0.4333,IPC V1 AR(1),2 semanas
2021-12,2.0091,0.5,0.1,0.425,IPC V1 AR(1),2 semanas
2022-01,0.7497,1.6,0.5,0.45,IPC V1 AR(1),2 semanas
2022-02,0.4763,1.8,1.6,0.4833,IPC V1 AR(1),2 semanas
2022-03,3.5401,3.9,1.8,0.675,IPC V1 AR(1),2 semanas
2022-04,1.9736,2.3,3.9,1.0333,IPC V1 AR(1),2 semanas
2022-05,1.5387,1.8,2.3,1.1583,IPC V1 AR(1),2 semanas
2022-06,1.8098,1.2,1.8,1.325,IPC V1 AR(1),2 semanas
2022-07,1.5972,1.9,1.2,1.425,IPC V1 AR(1),2 semanas
2022-08,1.7456,2.0,1.9,1.5,IPC V1 AR(1),2 semanas
2022-09,2.051,2.3,2.0,1.6583,IPC V1 AR(1),2 semanas
2022-10,0.091,0.8,2.3,1.675,IPC V1 AR(1),2 semanas
2022-11,1.8307,1.7,0.8,1.6833,IPC V1 AR(1),2 semanas
2022-12,0.3555,1.1,1.7,1.8167,IPC V1 AR(1),2 semanas
2023-01,1.3174,1.0,1.1,1.8667,IPC V1 AR(1),2 semanas
2023-02,-0.4317,-0.3,1.0,1.8167,IPC V1 AR(1),2 semanas
2023-03,1.6219,0.4,-0.3,1.6417,IPC V1 AR(1),2 semanas
2023-04,0.6264,0.0,0.4,1.35,IPC V1 AR(1),2 semanas
2023-05,0.2422,0.0,0.0,1.1583,IPC V1 AR(1),2 semanas
2023-06,1.3537,0.3,0.0,1.0083,IPC V1 AR(1),2 semanas
2023-07,0.3769,1.2,0.3,0.9333,IPC V1 AR(1),2 semanas
2023-08,1.1892,0.3,1.2,0.875,IPC V1 AR(1),2 semanas
2023-09,1.8026,1.0,0.3,0.7333,IPC V1 AR(1),2 semanas
2023-10,1.0634,0.9,1.0,0.625,IPC V1 AR(1),2 semanas
2023-11,0.7254,1.0,0.9,0.6333,IPC V1 AR(1),2 semanas
2023-12,-0.6326,-0.8,1.0,0.575,IPC V1 AR(1),2 semanas
2024-01,1.0529,1.0,-0.8,0.4167,IPC V1 AR(1),2 semanas
2024-02,-0.5747,0.2,1.0,0.4167,IPC V1 AR(1),2 semanas
2024-03,1.2584,-0.9,0.2,0.4583,IPC V1 AR(1),2 semanas
2024-04,0.9313,0.7,-0.9,0.35,IPC V1 AR(1),2 semanas
2024-05,-0.3474,0.1,0.7,0.4083,IPC V1 AR(1),2 semanas
2024-06,0.6167,1.3,0.1,0.4167,IPC V1 AR(1),2 semanas
2024-07,0.5439,0.1,1.3,0.5,IPC V1 AR(1),2 semanas
2024-08,0.8579,0.5,0.1,0.4083,IPC V1 AR(1),2 semanas
2024-09,0.5449,-0.5,0.5,0.425,IPC V1 AR(1),2 semanas
2024-10,-0.2512,2.2,-0.5,0.3,IPC V1 AR(1),2 semanas
2024-11,-0.6094,-0.3,2.2,0.4083,IPC V1 AR(1),2 semanas
2024-12,-0.0398,-0.9,-0.3,0.3,IPC V1 AR(1),2 semanas
2025-01,1.1827,0.4,-0.9,0.2917,IPC V1 AR(1),2 semanas
2025-02,-0.0984,0.1,0.4,0.2417,IPC V1 AR(1),2 semanas
2025-03,1.0157,1.2,0.1,0.2333,IPC V1 AR(1),2 semanas
2025-04,0.5472,0.0,1.2,0.4083,IPC V1 AR(1),2 semanas
2025-05,0.3066,0.3,0.0,0.35,IPC V1 AR(1),2 semanas
2025-06,0.2905,-0.9,0.3,0.3667,IPC V1 AR(1),2 semanas
2025-07,-0.0152,0.9,-0.9,0.1833,IPC V1 AR(1),2 semanas
2025-08,0.3555,0.9,0.9,0.25,IPC V1 AR(1),2 semanas
2025-09,1.4242,0.8,0.9,0.2833,IPC V1 AR(1),2 semanas
2025-10,-0.3574,0.5,0.8,0.3917,IPC V1 AR(1),2 semanas
2025-11,-0.2826,0.2,0.5,0.25,IPC V1 AR(1),2 semanas
2025-12,-0.258,-0.4,0.2,0.2917,IPC V1 AR(1),2 semanas
2026-01,1.0459,0.4,-0.4,0.3333,IPC V1 AR(1),2 semanas
2026-02,-0.118,0.2,0.4,0.3333,IPC V1 AR(1),2 semanas
2026-03,0.4746,0.6,0.2,0.3417,IPC V1 AR(1),2 semanas
2026-04,0.8486,0.0,0.6,0.2917,IPC V1 AR(1),2 semanas
2026-05,0.6693,-0.8,0.0,0.2917,IPC V1 AR(1),2 semanas
2026-06,-0.2308,0.8,-0.8,0.2,IPC V1 AR(1),2 semanas
2026-07,0.3005,0.7,0.8,0.3417,IPC V1 AR(1),2 semanas
2026-08,1.7417,1.4,0.7,0.325,IPC V1 AR(1),2 semanas
2019-01,-0.0541,-0.3,-0.8,0.2417,IPC V2 promedio de 12 meses,2 semanas
2019-02,-0.378,-0.3,-0.3,0.1083,IPC V2 promedio de 12 meses,2 semanas
2019-03,1.5531,0.8,-0.3,0.1333,IPC V2 promedio de 12 meses,2 semanas
2019-04,-0.05,0.5,0.8,0.1833,IPC V2 promedio de 12 meses,2 semanas
2019-05,0.6128,0.0,0.5,0.1917,IPC V2 promedio de 12 meses,2 semanas
2019-06,1.1666,0.5,0.0,0.2167,IPC V2 promedio de 12 meses,2 semanas
2019-07,-0.1984,0.2,0.5,0.225,IPC V2 promedio de 12 meses,2 semanas
2019-08,3.1089,0.7,0.2,0.2167,IPC V2 promedio de 12 meses,2 semanas
2019-09,-1.7928,0.0,0.7,0.2333,IPC V2 promedio de 12 meses,2 semanas
2019-10,0.4406,0.8,0.0,0.2,IPC V2 promedio de 12 meses,2 semanas
2019-11,1.0308,1.3,0.8,0.2083,IPC V2 promedio de 12 meses,2 semanas
2019-12,0.1074,-0.5,1.3,0.2833,IPC V2 promedio de 12 meses,2 semanas
2020-01,1.2098,1.0,-0.5,0.3083,IPC V2 promedio de 12 meses,2 semanas
2020-02,0.5035,0.7,1.0,0.4167,IPC V2 promedio de 12 meses,2 semanas
2020-03,1.2037,0.8,0.7,0.5,IPC V2 promedio de 12 meses,2 semanas
2020-04,0.1491,1.0,0.8,0.5,IPC V2 promedio de 12 meses,2 semanas
2020-05,2.2162,0.0,1.0,0.5417,IPC V2 promedio de 12 meses,2 semanas
2020-06,-0.1767,0.3,0.0,0.5417,IPC V2 promedio de 12 meses,2 semanas
2020-07,1.7341,0.6,0.3,0.525,IPC V2 promedio de 12 meses,2 semanas
2020-08,-0.2821,0.2,0.6,0.5583,IPC V2 promedio de 12 meses,2 semanas
2020-09,2.4274,1.8,0.2,0.5167,IPC V2 promedio de 12 meses,2 semanas
2020-10,-0.1816,0.6,1.8,0.6667,IPC V2 promedio de 12 meses,2 semanas
2020-11,-0.0872,0.2,0.6,0.65,IPC V2 promedio de 12 meses,2 semanas
2020-12,-0.7854,0.2,0.2,0.5583,IPC V2 promedio de 12 meses,2 semanas
2021-01,1.5583,1.2,0.2,0.6167,IPC V2 promedio de 12 meses,2 semanas
2021-02,-0.1439,-0.5,1.2,0.6333,IPC V2 promedio de 12 meses,2 semanas
2021-03,-0.0144,-0.4,-0.5,0.5333,IPC V2 promedio de 12 meses,2 semanas
2021-04,0.2373,0.8,-0.4,0.4333,IPC V2 promedio de 12 meses,2 semanas
2021-05,0.5219,-0.2,0.8,0.4167,IPC V2 promedio de 12 meses,2 semanas
2021-06,-0.1325,0.0,-0.2,0.4,IPC V2 promedio de 12 meses,2 semanas
2021-07,1.1566,1.0,0.0,0.375,IPC V2 promedio de 12 meses,2 semanas
2021-08,0.3158,0.1,1.0,0.4083,IPC V2 promedio de 12 meses,2 semanas
2021-09,1.9442,2.1,0.1,0.4,IPC V2 promedio de 12 meses,2 semanas
2021-10,0.4612,0.7,2.1,0.425,IPC V2 promedio de 12 meses,2 semanas
2021-11,-0.6343,0.1,0.7,0.4333,IPC V2 promedio de 12 meses,2 semanas
2021-12,1.9634,0.5,0.1,0.425,IPC V2 promedio de 12 meses,2 semanas
2022-01,0.7607,1.6,0.5,0.45,IPC V2 promedio de 12 meses,2 semanas
2022-02,0.6537,1.8,1.6,0.4833,IPC V2 promedio de 12 meses,2 semanas
2022-03,3.5726,3.9,1.8,0.675,IPC V2 promedio de 12 meses,2 semanas
2022-04,2.2475,2.3,3.9,1.0333,IPC V2 promedio de 12 meses,2 semanas
2022-05,1.6254,1.8,2.3,1.1583,IPC V2 promedio de 12 meses,2 semanas
2022-06,1.9579,1.2,1.8,1.325,IPC V2 promedio de 12 meses,2 semanas
2022-07,1.6142,1.9,1.2,1.425,IPC V2 promedio de 12 meses,2 semanas
2022-08,1.81,2.0,1.9,1.5,IPC V2 promedio de 12 meses,2 semanas
2022-09,2.0127,2.3,2.0,1.6583,IPC V2 promedio de 12 meses,2 semanas
2022-10,0.2407,0.8,2.3,1.675,IPC V2 promedio de 12 meses,2 semanas
2022-11,1.829,1.7,0.8,1.6833,IPC V2 promedio de 12 meses,2 semanas
2022-12,0.3603,1.1,1.7,1.8167,IPC V2 promedio de 12 meses,2 semanas
2023-01,1.331,1.0,1.1,1.8667,IPC V2 promedio de 12 meses,2 semanas
2023-02,-0.479,-0.3,1.0,1.8167,IPC V2 promedio de 12 meses,2 semanas
2023-03,1.4456,0.4,-0.3,1.6417,IPC V2 promedio de 12 meses,2 semanas
2023-04,0.5759,0.0,0.4,1.35,IPC V2 promedio de 12 meses,2 semanas
2023-05,0.1627,0.0,0.0,1.1583,IPC V2 promedio de 12 meses,2 semanas
2023-06,1.2125,0.3,0.0,1.0083,IPC V2 promedio de 12 meses,2 semanas
2023-07,0.3281,1.2,0.3,0.9333,IPC V2 promedio de 12 meses,2 semanas
2023-08,1.0466,0.3,1.2,0.875,IPC V2 promedio de 12 meses,2 semanas
2023-09,1.7489,1.0,0.3,0.7333,IPC V2 promedio de 12 meses,2 semanas
2023-10,0.9334,0.9,1.0,0.625,IPC V2 promedio de 12 meses,2 semanas
2023-11,0.7608,1.0,0.9,0.6333,IPC V2 promedio de 12 meses,2 semanas
2023-12,-0.6779,-0.8,1.0,0.575,IPC V2 promedio de 12 meses,2 semanas
2024-01,0.8964,1.0,-0.8,0.4167,IPC V2 promedio de 12 meses,2 semanas
2024-02,-0.4609,0.2,1.0,0.4167,IPC V2 promedio de 12 meses,2 semanas
2024-03,1.26,-0.9,0.2,0.4583,IPC V2 promedio de 12 meses,2 semanas
2024-04,0.7001,0.7,-0.9,0.35,IPC V2 promedio de 12 meses,2 semanas
2024-05,-0.2377,0.1,0.7,0.4083,IPC V2 promedio de 12 meses,2 semanas
2024-06,0.6257,1.3,0.1,0.4167,IPC V2 promedio de 12 meses,2 semanas
2024-07,0.6665,0.1,1.3,0.5,IPC V2 promedio de 12 meses,2 semanas
2024-08,0.7764,0.5,0.1,0.4083,IPC V2 promedio de 12 meses,2 semanas
2024-09,0.5439,-0.5,0.5,0.425,IPC V2 promedio de 12 meses,2 semanas
2024-10,-0.3805,2.2,-0.5,0.3,IPC V2 promedio de 12 meses,2 semanas
2024-11,-0.3133,-0.3,2.2,0.4083,IPC V2 promedio de 12 meses,2 semanas
2024-12,-0.1495,-0.9,-0.3,0.3,IPC V2 promedio de 12 meses,2 semanas
2025-01,1.0919,0.4,-0.9,0.2917,IPC V2 promedio de 12 meses,2 semanas
2025-02,-0.0597,0.1,0.4,0.2417,IPC V2 promedio de 12 meses,2 semanas
2025-03,0.9642,1.2,0.1,0.2333,IPC V2 promedio de 12 meses,2 semanas
2025-04,0.5818,0.0,1.2,0.4083,IPC V2 promedio de 12 meses,2 semanas
2025-05,0.2811,0.3,0.0,0.35,IPC V2 promedio de 12 meses,2 semanas
2025-06,0.3968,-0.9,0.3,0.3667,IPC V2 promedio de 12 meses,2 semanas
2025-07,-0.0764,0.9,-0.9,0.1833,IPC V2 promedio de 12 meses,2 semanas
2025-08,0.4958,0.9,0.9,0.25,IPC V2 promedio de 12 meses,2 semanas
2025-09,1.5702,0.8,0.9,0.2833,IPC V2 promedio de 12 meses,2 semanas
2025-10,-0.4189,0.5,0.8,0.3917,IPC V2 promedio de 12 meses,2 semanas
2025-11,-0.262,0.2,0.5,0.25,IPC V2 promedio de 12 meses,2 semanas
2025-12,-0.3446,-0.4,0.2,0.2917,IPC V2 promedio de 12 meses,2 semanas
2026-01,0.9481,0.4,-0.4,0.3333,IPC V2 promedio de 12 meses,2 semanas
2026-02,-0.0971,0.2,0.4,0.3333,IPC V2 promedio de 12 meses,2 semanas
2026-03,0.5097,0.6,0.2,0.3417,IPC V2 promedio de 12 meses,2 semanas
2026-04,0.77,0.0,0.6,0.2917,IPC V2 promedio de 12 meses,2 semanas
2026-05,0.6429,-0.8,0.0,0.2917,IPC V2 promedio de 12 meses,2 semanas
2026-06,-0.3935,0.8,-0.8,0.2,IPC V2 promedio de 12 meses,2 semanas
2026-07,0.3643,0.7,0.8,0.3417,IPC V2 promedio de 12 meses,2 semanas
2026-08,1.8311,1.4,0.7,0.325,IPC V2 promedio de 12 meses,2 semanas
2019-01,-0.1473,-0.3,-0.8,0.2417,IPC V3 combinación,2 semanas
2019-02,-0.1377,-0.3,-0.3,0.1083,IPC V3 combinación,2 semanas
2019-03,0.9036,0.8,-0.3,0.1333,IPC V3 combinación,2 semanas
2019-04,0.1024,0.5,0.8,0.1833,IPC V3 combinación,2 semanas
2019-05,0.5509,0.0,0.5,0.1917,IPC V3 combinación,2 semanas
2019-06,0.7079,0.5,0.0,0.2167,IPC V3 combinación,2 semanas
2019-07,0.0772,0.2,0.5,0.225,IPC V3 combinación,2 semanas
2019-08,1.933,0.7,0.2,0.2167,IPC V3 combinación,2 semanas
2019-09,-0.8066,0.0,0.7,0.2333,IPC V3 combinación,2 semanas
2019-10,0.1739,0.8,0.0,0.2,IPC V3 combinación,2 semanas
2019-11,0.7219,1.3,0.8,0.2083,IPC V3 combinación,2 semanas
2019-12,0.2801,-0.5,1.3,0.2833,IPC V3 combinación,2 semanas
2020-01,0.5941,1.0,-0.5,0.3083,IPC V3 combinación,2 semanas
2020-02,0.534,0.7,1.0,0.4167,IPC V3 combinación,2 semanas
2020-03,1.0342,0.8,0.7,0.5,IPC V3 combinación,2 semanas
2020-04,0.268,1.0,0.8,0.5,IPC V3 combinación,2 semanas
2020-05,1.5461,0.0,1.0,0.5417,IPC V3 combinación,2 semanas
2020-06,-0.0426,0.3,0.0,0.5417,IPC V3 combinación,2 semanas
2020-07,1.3085,0.6,0.3,0.525,IPC V3 combinación,2 semanas
2020-08,0.0344,0.2,0.6,0.5583,IPC V3 combinación,2 semanas
2020-09,1.5836,1.8,0.2,0.5167,IPC V3 combinación,2 semanas
2020-10,0.2348,0.6,1.8,0.6667,IPC V3 combinación,2 semanas
2020-11,0.386,0.2,0.6,0.65,IPC V3 combinación,2 semanas
2020-12,-0.2891,0.2,0.2,0.5583,IPC V3 combinación,2 semanas
2021-01,1.0895,1.2,0.2,0.6167,IPC V3 combinación,2 semanas
2021-02,0.3015,-0.5,1.2,0.6333,IPC V3 combinación,2 semanas
2021-03,0.0435,-0.4,-0.5,0.5333,IPC V3 combinación,2 semanas
2021-04,0.1744,0.8,-0.4,0.4333,IPC V3 combinación,2 semanas
2021-05,0.7253,-0.2,0.8,0.4167,IPC V3 combinación,2 semanas
2021-06,0.0733,0.0,-0.2,0.4,IPC V3 combinación,2 semanas
2021-07,0.7323,1.0,0.0,0.375,IPC V3 combinación,2 semanas
2021-08,0.6083,0.1,1.0,0.4083,IPC V3 combinación,2 semanas
2021-09,0.9993,2.1,0.1,0.4,IPC V3 combinación,2 semanas
2021-10,0.6046,0.7,2.1,0.425,IPC V3 combinación,2 semanas
2021-11,-0.042,0.1,0.7,0.4333,IPC V3 combinación,2 semanas
2021-12,1.2,0.5,0.1,0.425,IPC V3 combinación,2 semanas
2022-01,0.6499,1.6,0.5,0.45,IPC V3 combinación,2 semanas
2022-02,0.919,1.8,1.6,0.4833,IPC V3 combinación,2 semanas
2022-03,2.3534,3.9,1.8,0.675,IPC V3 combinación,2 semanas
2022-04,2.2372,2.3,3.9,1.0333,IPC V3 combinación,2 semanas
2022-05,1.5865,1.8,2.3,1.1583,IPC V3 combinación,2 semanas
2022-06,1.9619,1.2,1.8,1.325,IPC V3 combinación,2 semanas
2022-07,1.5647,1.9,1.2,1.425,IPC V3 combinación,2 semanas
2022-08,1.7997,2.0,1.9,1.5,IPC V3 combinación,2 semanas
2022-09,1.788,2.3,2.0,1.6583,IPC V3 combinación,2 semanas
2022-10,1.1686,0.8,2.3,1.675,IPC V3 combinación,2 semanas
2022-11,1.7679,1.7,0.8,1.6833,IPC V3 combinación,2 semanas
2022-12,1.0249,1.1,1.7,1.8167,IPC V3 combinación,2 semanas
2023-01,1.5993,1.0,1.1,1.8667,IPC V3 combinación,2 semanas
2023-02,0.4574,-0.3,1.0,1.8167,IPC V3 combinación,2 semanas
2023-03,1.2101,0.4,-0.3,1.6417,IPC V3 combinación,2 semanas
2023-04,0.8317,0.0,0.4,1.35,IPC V3 combinación,2 semanas
2023-05,0.4709,0.0,0.0,1.1583,IPC V3 combinación,2 semanas
2023-06,0.867,0.3,0.0,1.0083,IPC V3 combinación,2 semanas
2023-07,0.5112,1.2,0.3,0.9333,IPC V3 combinación,2 semanas
2023-08,0.7131,0.3,1.2,0.875,IPC V3 combinación,2 semanas
2023-09,1.2023,1.0,0.3,0.7333,IPC V3 combinación,2 semanas
2023-10,0.5595,0.9,1.0,0.625,IPC V3 combinación,2 semanas
2023-11,0.7805,1.0,0.9,0.6333,IPC V3 combinación,2 semanas
2023-12,-0.1993,-0.8,1.0,0.575,IPC V3 combinación,2 semanas
2024-01,0.3909,1.0,-0.8,0.4167,IPC V3 combinación,2 semanas
2024-02,0.1516,0.2,1.0,0.4167,IPC V3 combinación,2 semanas
2024-03,0.9112,-0.9,0.2,0.4583,IPC V3 combinación,2 semanas
2024-04,0.1241,0.7,-0.9,0.35,IPC V3 combinación,2 semanas
2024-05,0.2694,0.1,0.7,0.4083,IPC V3 combinación,2 semanas
2024-06,0.5577,1.3,0.1,0.4167,IPC V3 combinación,2 semanas
2024-07,0.8328,0.1,1.3,0.5,IPC V3 combinación,2 semanas
2024-08,0.4657,0.5,0.1,0.4083,IPC V3 combinación,2 semanas
2024-09,0.4974,-0.5,0.5,0.425,IPC V3 combinación,2 semanas
2024-10,-0.3138,2.2,-0.5,0.3,IPC V3 combinación,2 semanas
2024-11,0.5906,-0.3,2.2,0.4083,IPC V3 combinación,2 semanas
2024-12,-0.1451,-0.9,-0.3,0.3,IPC V3 combinación,2 semanas
2025-01,0.5771,0.4,-0.9,0.2917,IPC V3 combinación,2 semanas
2025-02,0.1566,0.1,0.4,0.2417,IPC V3 combinación,2 semanas
2025-03,0.5485,1.2,0.1,0.2333,IPC V3 combinación,2 semanas
2025-04,0.576,0.0,1.2,0.4083,IPC V3 combinación,2 semanas
2025-05,0.27,0.3,0.0,0.35,IPC V3 combinación,2 semanas
2025-06,0.5951,-0.9,0.3,0.3667,IPC V3 combinación,2 semanas
2025-07,-0.0708,0.9,-0.9,0.1833,IPC V3 combinación,2 semanas
2025-08,0.6588,0.9,0.9,0.25,IPC V3 combinación,2 semanas
2025-09,1.283,0.8,0.9,0.2833,IPC V3 combinación,2 semanas
2025-10,-0.1707,0.5,0.8,0.3917,IPC V3 combinación,2 semanas
2025-11,0.0082,0.2,0.5,0.25,IPC V3 combinación,2 semanas
2025-12,-0.2196,-0.4,0.2,0.2917,IPC V3 combinación,2 semanas
2026-01,0.4933,0.4,-0.4,0.3333,IPC V3 combinación,2 semanas
2026-02,0.1462,0.2,0.4,0.3333,IPC V3 combinación,2 semanas
2026-03,0.5044,0.6,0.2,0.3417,IPC V3 combinación,2 semanas
2026-04,0.4121,0.0,0.6,0.2917,IPC V3 combinación,2 semanas
2026-05,0.4413,-0.8,0.0,0.2917,IPC V3 combinación,2 semanas
2026-06,-0.428,0.8,-0.8,0.2,IPC V3 combinación,2 semanas
2026-07,0.4786,0.7,0.8,0.3417,IPC V3 combinación,2 semanas
2026-08,1.3333,1.4,0.7,0.325,IPC V3 combinación,2 semanas
2019-01,0.1219,-0.1,-0.4,0.1909,Canasta anclada,2 semanas
2019-02,-0.32,-0.2,-0.1,0.1667,Canasta anclada,2 semanas
2019-03,1.2628,0.7,-0.2,0.1583,Canasta anclada,2 semanas
2019-04,0.1352,0.4,0.7,0.2,Canasta anclada,2 semanas
2019-05,0.1284,0.1,0.4,0.2,Canasta anclada,2 semanas
2019-06,1.1695,0.4,0.1,0.2167,Canasta anclada,2 semanas
2019-07,-0.5292,0.2,0.4,0.225,Canasta anclada,2 semanas
2019-08,2.984,0.6,0.2,0.2083,Canasta anclada,2 semanas
2019-09,-1.7945,0.0,0.6,0.2333,Canasta anclada,2 semanas
2019-10,0.582,0.7,0.0,0.2167,Canasta anclada,2 semanas
2019-11,2.2386,1.0,0.7,0.225,Canasta anclada,2 semanas
2019-12,-0.8132,-0.3,1.0,0.2833,Canasta anclada,2 semanas
2020-01,1.168,0.9,-0.3,0.2917,Canasta anclada,2 semanas
2020-02,0.6591,0.7,0.9,0.375,Canasta anclada,2 semanas
2020-03,1.2666,0.7,0.7,0.45,Canasta anclada,2 semanas
2020-04,0.6198,0.8,0.7,0.45,Canasta anclada,2 semanas
2020-05,1.9604,-0.0,0.8,0.4833,Canasta anclada,2 semanas
2020-06,-0.5272,0.3,-0.0,0.475,Canasta anclada,2 semanas
2020-07,0.9695,0.4,0.3,0.4667,Canasta anclada,2 semanas
2020-08,-0.704,0.2,0.4,0.4833,Canasta anclada,2 semanas
2020-09,2.2909,1.5,0.2,0.45,Canasta anclada,2 semanas
2020-10,0.6312,0.7,1.5,0.575,Canasta anclada,2 semanas
2020-11,0.9955,0.1,0.7,0.575,Canasta anclada,2 semanas
2020-12,0.4267,0.2,0.1,0.5,Canasta anclada,2 semanas
2021-01,1.6159,1.1,0.2,0.5417,Canasta anclada,2 semanas
2021-02,-0.2066,-0.4,1.1,0.5583,Canasta anclada,2 semanas
2021-03,0.0397,-0.3,-0.4,0.4667,Canasta anclada,2 semanas
2021-04,0.305,0.7,-0.3,0.3833,Canasta anclada,2 semanas
2021-05,0.2317,-0.2,0.7,0.375,Canasta anclada,2 semanas
2021-06,0.0707,0.1,-0.2,0.3583,Canasta anclada,2 semanas
2021-07,0.7817,1.0,0.1,0.3417,Canasta anclada,2 semanas
2021-08,-0.0879,0.5,1.0,0.3917,Canasta anclada,2 semanas
2021-09,1.5216,1.8,0.5,0.4167,Canasta anclada,2 semanas
2021-10,0.7326,1.0,1.8,0.4417,Canasta anclada,2 semanas
2021-11,0.4543,0.3,1.0,0.4667,Canasta anclada,2 semanas
2021-12,2.3607,0.7,0.3,0.4833,Canasta anclada,2 semanas
2022-01,0.9307,1.6,0.7,0.525,Canasta anclada,2 semanas
2022-02,1.0761,1.5,1.6,0.5667,Canasta anclada,2 semanas
2022-03,3.3962,3.4,1.5,0.725,Canasta anclada,2 semanas
2022-04,2.5496,2.2,3.4,1.0333,Canasta anclada,2 semanas
2022-05,1.7113,1.8,2.2,1.1583,Canasta anclada,2 semanas
2022-06,1.8838,1.3,1.8,1.325,Canasta anclada,2 semanas
2022-07,1.4368,1.7,1.3,1.425,Canasta anclada,2 semanas
2022-08,1.3443,1.9,1.7,1.4833,Canasta anclada,2 semanas
2022-09,2.0671,1.9,1.9,1.6,Canasta anclada,2 semanas
2022-10,0.7049,0.8,1.9,1.6083,Canasta anclada,2 semanas
2022-11,2.1875,1.6,0.8,1.5917,Canasta anclada,2 semanas
2022-12,1.0138,1.0,1.6,1.7,Canasta anclada,2 semanas
2023-01,1.7068,1.0,1.0,1.725,Canasta anclada,2 semanas
2023-02,0.0235,0.0,1.0,1.675,Canasta anclada,2 semanas
2023-03,1.4018,0.5,0.0,1.55,Canasta anclada,2 semanas
2023-04,0.5742,0.1,0.5,1.3083,Canasta anclada,2 semanas
2023-05,-0.0902,0.2,0.1,1.1333,Canasta anclada,2 semanas
2023-06,0.6454,0.4,0.2,1.0,Canasta anclada,2 semanas
2023-07,0.3226,1.1,0.4,0.925,Canasta anclada,2 semanas
2023-08,0.5925,0.4,1.1,0.875,Canasta anclada,2 semanas
2023-09,1.8626,0.9,0.4,0.75,Canasta anclada,2 semanas
2023-10,1.0081,0.8,0.9,0.6667,Canasta anclada,2 semanas
2023-11,0.8911,0.8,0.8,0.6667,Canasta anclada,2 semanas
2023-12,-0.3468,-0.4,0.8,0.6,Canasta anclada,2 semanas
2024-01,1.2229,0.9,-0.4,0.4833,Canasta anclada,2 semanas
2024-02,-0.395,0.4,0.9,0.475,Canasta anclada,2 semanas
2024-03,0.8122,-0.6,0.4,0.5083,Canasta anclada,2 semanas
2024-04,0.519,0.7,-0.6,0.4167,Canasta anclada,2 semanas
2024-05,-0.5124,0.2,0.7,0.4667,Canasta anclada,2 semanas
2024-06,0.8066,1.2,0.2,0.4667,Canasta anclada,2 semanas
2024-07,0.0223,0.1,1.2,0.5333,Canasta anclada,2 semanas
2024-08,0.2301,0.5,0.1,0.45,Canasta anclada,2 semanas
2024-09,1.3201,-0.3,0.5,0.4583,Canasta anclada,2 semanas
2024-10,0.6109,1.9,-0.3,0.3583,Canasta anclada,2 semanas
2024-11,0.1545,-0.1,1.9,0.45,Canasta anclada,2 semanas
2024-12,-0.7279,-0.5,-0.1,0.375,Canasta anclada,2 semanas
2025-01,0.884,0.5,-0.5,0.3667,Canasta anclada,2 semanas
2025-02,0.1927,0.2,0.5,0.3333,Canasta anclada,2 semanas
2025-03,0.4187,1.0,0.2,0.3167,Canasta anclada,2 semanas
2025-04,0.6416,0.1,1.0,0.45,Canasta anclada,2 semanas
2025-05,0.4205,0.3,0.1,0.4,Canasta anclada,2 semanas
2025-06,0.0891,-0.6,0.3,0.4083,Canasta anclada,2 semanas
2025-07,-0.6013,0.8,-0.6,0.2583,Canasta anclada,2 semanas
2025-08,-0.0314,0.8,0.8,0.3167,Canasta anclada,2 semanas
2025-09,0.8111,0.8,0.8,0.3417,Canasta anclada,2 semanas
2025-10,-0.0694,0.5,0.8,0.4333,Canasta anclada,2 semanas
2025-11,-0.296,0.3,0.5,0.3167,Canasta anclada,2 semanas
2025-12,0.0878,-0.1,0.3,0.35,Canasta anclada,2 semanas
2026-01,1.3856,0.4,-0.1,0.3833,Canasta anclada,2 semanas
2026-02,-0.12,0.2,0.4,0.375,Canasta anclada,2 semanas
2026-03,0.8128,0.5,0.2,0.375,Canasta anclada,2 semanas
2026-04,0.3285,0.1,0.5,0.3333,Canasta anclada,2 semanas
2026-05,0.5174,-0.4,0.1,0.3333,Canasta anclada,2 semanas
2026-06,-0.396,0.7,-0.4,0.275,Canasta anclada,2 semanas
2026-07,0.234,0.6,0.7,0.3833,Canasta anclada,2 semanas
2026-08,1.3204,1.2,0.6,0.3667,Canasta anclada,2 semanas
2019-01,-0.4719,-0.3,-0.8,0.2417,IPC V0 regla principal,3 semanas
2019-02,-0.2375,-0.3,-0.3,0.1083,IPC V0 regla principal,3 semanas
2019-03,1.3713,0.8,-0.3,0.1333,IPC V0 regla principal,3 semanas
2019-04,0.0781,0.5,0.8,0.1833,IPC V0 regla principal,3 semanas
2019-05,0.9738,0.0,0.5,0.1917,IPC V0 regla principal,3 semanas
2019-06,0.931,0.5,0.0,0.2167,IPC V0 regla principal,3 semanas
2019-07,0.1071,0.2,0.5,0.225,IPC V0 regla principal,3 semanas
2019-08,2.3914,0.7,0.2,0.2167,IPC V0 regla principal,3 semanas
2019-09,-0.7882,0.0,0.7,0.2333,IPC V0 regla principal,3 semanas
2019-10,0.5247,0.8,0.0,0.2,IPC V0 regla principal,3 semanas
2019-11,0.6496,1.3,0.8,0.2083,IPC V0 regla principal,3 semanas
2019-12,0.3601,-0.5,1.3,0.2833,IPC V0 regla principal,3 semanas
2020-01,1.0242,1.0,-0.5,0.3083,IPC V0 regla principal,3 semanas
2020-02,0.4993,0.7,1.0,0.4167,IPC V0 regla principal,3 semanas
2020-03,1.7999,0.8,0.7,0.5,IPC V0 regla principal,3 semanas
2020-04,-0.221,1.0,0.8,0.5,IPC V0 regla principal,3 semanas
2020-05,2.2489,0.0,1.0,0.5417,IPC V0 regla principal,3 semanas
2020-06,-0.3652,0.3,0.0,0.5417,IPC V0 regla principal,3 semanas
2020-07,1.2959,0.6,0.3,0.525,IPC V0 regla principal,3 semanas
2020-08,-0.1457,0.2,0.6,0.5583,IPC V0 regla principal,3 semanas
2020-09,2.3017,1.8,0.2,0.5167,IPC V0 regla principal,3 semanas
2020-10,-0.0496,0.6,1.8,0.6667,IPC V0 regla principal,3 semanas
2020-11,-0.0617,0.2,0.6,0.65,IPC V0 regla principal,3 semanas
2020-12,-0.2235,0.2,0.2,0.5583,IPC V0 regla principal,3 semanas
2021-01,0.9305,1.2,0.2,0.6167,IPC V0 regla principal,3 semanas
2021-02,0.231,-0.5,1.2,0.6333,IPC V0 regla principal,3 semanas
2021-03,-0.3901,-0.4,-0.5,0.5333,IPC V0 regla principal,3 semanas
2021-04,-0.2202,0.8,-0.4,0.4333,IPC V0 regla principal,3 semanas
2021-05,1.0819,-0.2,0.8,0.4167,IPC V0 regla principal,3 semanas
2021-06,-0.2707,0.0,-0.2,0.4,IPC V0 regla principal,3 semanas
2021-07,1.0694,1.0,0.0,0.375,IPC V0 regla principal,3 semanas
2021-08,0.993,0.1,1.0,0.4083,IPC V0 regla principal,3 semanas
2021-09,1.1227,2.1,0.1,0.4,IPC V0 regla principal,3 semanas
2021-10,0.6961,0.7,2.1,0.425,IPC V0 regla principal,3 semanas
2021-11,-0.1999,0.1,0.7,0.4333,IPC V0 regla principal,3 semanas
2021-12,1.6464,0.5,0.1,0.425,IPC V0 regla principal,3 semanas
2022-01,0.951,1.6,0.5,0.45,IPC V0 regla principal,3 semanas
2022-02,1.7056,1.8,1.6,0.4833,IPC V0 regla principal,3 semanas
2022-03,3.3219,3.9,1.8,0.675,IPC V0 regla principal,3 semanas
2022-04,3.1032,2.3,3.9,1.0333,IPC V0 regla principal,3 semanas
2022-05,2.0048,1.8,2.3,1.1583,IPC V0 regla principal,3 semanas
2022-06,2.9304,1.2,1.8,1.325,IPC V0 regla principal,3 semanas
2022-07,1.1978,1.9,1.2,1.425,IPC V0 regla principal,3 semanas
2022-08,1.984,2.0,1.9,1.5,IPC V0 regla principal,3 semanas
2022-09,1.4329,2.3,2.0,1.6583,IPC V0 regla principal,3 semanas
2022-10,1.5785,0.8,2.3,1.675,IPC V0 regla principal,3 semanas
2022-11,1.4312,1.7,0.8,1.6833,IPC V0 regla principal,3 semanas
2022-12,0.5703,1.1,1.7,1.8167,IPC V0 regla principal,3 semanas
2023-01,1.4464,1.0,1.1,1.8667,IPC V0 regla principal,3 semanas
2023-02,-0.5378,-0.3,1.0,1.8167,IPC V0 regla principal,3 semanas
2023-03,0.8165,0.4,-0.3,1.6417,IPC V0 regla principal,3 semanas
2023-04,0.2678,0.0,0.4,1.35,IPC V0 regla principal,3 semanas
2023-05,0.2159,0.0,0.0,1.1583,IPC V0 regla principal,3 semanas
2023-06,0.6512,0.3,0.0,1.0083,IPC V0 regla principal,3 semanas
2023-07,0.1621,1.2,0.3,0.9333,IPC V0 regla principal,3 semanas
2023-08,0.7688,0.3,1.2,0.875,IPC V0 regla principal,3 semanas
2023-09,0.8878,1.0,0.3,0.7333,IPC V0 regla principal,3 semanas
2023-10,0.7489,0.9,1.0,0.625,IPC V0 regla principal,3 semanas
2023-11,1.0048,1.0,0.9,0.6333,IPC V0 regla principal,3 semanas
2023-12,-0.9625,-0.8,1.0,0.575,IPC V0 regla principal,3 semanas
2024-01,0.4185,1.0,-0.8,0.4167,IPC V0 regla principal,3 semanas
2024-02,0.083,0.2,1.0,0.4167,IPC V0 regla principal,3 semanas
2024-03,1.1333,-0.9,0.2,0.4583,IPC V0 regla principal,3 semanas
2024-04,-0.2123,0.7,-0.9,0.35,IPC V0 regla principal,3 semanas
2024-05,0.6312,0.1,0.7,0.4083,IPC V0 regla principal,3 semanas
2024-06,0.5039,1.3,0.1,0.4167,IPC V0 regla principal,3 semanas
2024-07,0.7202,0.1,1.3,0.5,IPC V0 regla principal,3 semanas
2024-08,0.5246,0.5,0.1,0.4083,IPC V0 regla principal,3 semanas
2024-09,1.6814,-0.5,0.5,0.425,IPC V0 regla principal,3 semanas
2024-10,-1.8346,2.2,-0.5,0.3,IPC V0 regla principal,3 semanas
2024-11,0.7933,-0.3,2.2,0.4083,IPC V0 regla principal,3 semanas
2024-12,-0.6997,-0.9,-0.3,0.3,IPC V0 regla principal,3 semanas
2025-01,0.6845,0.4,-0.9,0.2917,IPC V0 regla principal,3 semanas
2025-02,0.3885,0.1,0.4,0.2417,IPC V0 regla principal,3 semanas
2025-03,0.6113,1.2,0.1,0.2333,IPC V0 regla principal,3 semanas
2025-04,0.7398,0.0,1.2,0.4083,IPC V0 regla principal,3 semanas
2025-05,0.0588,0.3,0.0,0.35,IPC V0 regla principal,3 semanas
2025-06,0.7325,-0.9,0.3,0.3667,IPC V0 regla principal,3 semanas
2025-07,-0.2659,0.9,-0.9,0.1833,IPC V0 regla principal,3 semanas
2025-08,1.2046,0.9,0.9,0.25,IPC V0 regla principal,3 semanas
2025-09,1.7499,0.8,0.9,0.2833,IPC V0 regla principal,3 semanas
2025-10,-0.5199,0.5,0.8,0.3917,IPC V0 regla principal,3 semanas
2025-11,-0.229,0.2,0.5,0.25,IPC V0 regla principal,3 semanas
2025-12,-0.6879,-0.4,0.2,0.2917,IPC V0 regla principal,3 semanas
2026-01,0.539,0.4,-0.4,0.3333,IPC V0 regla principal,3 semanas
2026-02,-0.054,0.2,0.4,0.3333,IPC V0 regla principal,3 semanas
2026-03,0.9904,0.6,0.2,0.3417,IPC V0 regla principal,3 semanas
2026-04,0.2787,0.0,0.6,0.2917,IPC V0 regla principal,3 semanas
2026-05,0.6086,-0.8,0.0,0.2917,IPC V0 regla principal,3 semanas
2026-06,-0.722,0.8,-0.8,0.2,IPC V0 regla principal,3 semanas
2026-07,1.3677,0.7,0.8,0.3417,IPC V0 regla principal,3 semanas
2026-08,1.3437,1.4,0.7,0.325,IPC V0 regla principal,3 semanas
2019-01,0.0527,-0.3,-0.8,0.2417,IPC V1 AR(1),3 semanas
2019-02,-0.2909,-0.3,-0.3,0.1083,IPC V1 AR(1),3 semanas
2019-03,1.4156,0.8,-0.3,0.1333,IPC V1 AR(1),3 semanas
2019-04,-0.0341,0.5,0.8,0.1833,IPC V1 AR(1),3 semanas
2019-05,0.6832,0.0,0.5,0.1917,IPC V1 AR(1),3 semanas
2019-06,1.0174,0.5,0.0,0.2167,IPC V1 AR(1),3 semanas
2019-07,-0.0956,0.2,0.5,0.225,IPC V1 AR(1),3 semanas
2019-08,2.1371,0.7,0.2,0.2167,IPC V1 AR(1),3 semanas
2019-09,-0.9864,0.0,0.7,0.2333,IPC V1 AR(1),3 semanas
2019-10,0.8997,0.8,0.0,0.2,IPC V1 AR(1),3 semanas
2019-11,0.5193,1.3,0.8,0.2083,IPC V1 AR(1),3 semanas
2019-12,0.1411,-0.5,1.3,0.2833,IPC V1 AR(1),3 semanas
2020-01,1.5283,1.0,-0.5,0.3083,IPC V1 AR(1),3 semanas
2020-02,0.34,0.7,1.0,0.4167,IPC V1 AR(1),3 semanas
2020-03,1.4671,0.8,0.7,0.5,IPC V1 AR(1),3 semanas
2020-04,-0.1333,1.0,0.8,0.5,IPC V1 AR(1),3 semanas
2020-05,2.0791,0.0,1.0,0.5417,IPC V1 AR(1),3 semanas
2020-06,0.0715,0.3,0.0,0.5417,IPC V1 AR(1),3 semanas
2020-07,1.0386,0.6,0.3,0.525,IPC V1 AR(1),3 semanas
2020-08,-0.0098,0.2,0.6,0.5583,IPC V1 AR(1),3 semanas
2020-09,2.2932,1.8,0.2,0.5167,IPC V1 AR(1),3 semanas
2020-10,-0.1375,0.6,1.8,0.6667,IPC V1 AR(1),3 semanas
2020-11,-0.3967,0.2,0.6,0.65,IPC V1 AR(1),3 semanas
2020-12,0.0141,0.2,0.2,0.5583,IPC V1 AR(1),3 semanas
2021-01,1.051,1.2,0.2,0.6167,IPC V1 AR(1),3 semanas
2021-02,0.0023,-0.5,1.2,0.6333,IPC V1 AR(1),3 semanas
2021-03,0.0452,-0.4,-0.5,0.5333,IPC V1 AR(1),3 semanas
2021-04,0.132,0.8,-0.4,0.4333,IPC V1 AR(1),3 semanas
2021-05,0.5036,-0.2,0.8,0.4167,IPC V1 AR(1),3 semanas
2021-06,-0.1963,0.0,-0.2,0.4,IPC V1 AR(1),3 semanas
2021-07,1.2514,1.0,0.0,0.375,IPC V1 AR(1),3 semanas
2021-08,0.4109,0.1,1.0,0.4083,IPC V1 AR(1),3 semanas
2021-09,1.7337,2.1,0.1,0.4,IPC V1 AR(1),3 semanas
2021-10,0.3289,0.7,2.1,0.425,IPC V1 AR(1),3 semanas
2021-11,-0.4705,0.1,0.7,0.4333,IPC V1 AR(1),3 semanas
2021-12,1.8354,0.5,0.1,0.425,IPC V1 AR(1),3 semanas
2022-01,0.8909,1.6,0.5,0.45,IPC V1 AR(1),3 semanas
2022-02,0.9143,1.8,1.6,0.4833,IPC V1 AR(1),3 semanas
2022-03,3.1655,3.9,1.8,0.675,IPC V1 AR(1),3 semanas
2022-04,1.8763,2.3,3.9,1.0333,IPC V1 AR(1),3 semanas
2022-05,1.6146,1.8,2.3,1.1583,IPC V1 AR(1),3 semanas
2022-06,2.2686,1.2,1.8,1.325,IPC V1 AR(1),3 semanas
2022-07,1.1185,1.9,1.2,1.425,IPC V1 AR(1),3 semanas
2022-08,1.69,2.0,1.9,1.5,IPC V1 AR(1),3 semanas
2022-09,1.5922,2.3,2.0,1.6583,IPC V1 AR(1),3 semanas
2022-10,0.9062,0.8,2.3,1.675,IPC V1 AR(1),3 semanas
2022-11,1.4264,1.7,0.8,1.6833,IPC V1 AR(1),3 semanas
2022-12,0.5343,1.1,1.7,1.8167,IPC V1 AR(1),3 semanas
2023-01,1.3784,1.0,1.1,1.8667,IPC V1 AR(1),3 semanas
2023-02,-0.3393,-0.3,1.0,1.8167,IPC V1 AR(1),3 semanas
2023-03,1.5737,0.4,-0.3,1.6417,IPC V1 AR(1),3 semanas
2023-04,0.4772,0.0,0.4,1.35,IPC V1 AR(1),3 semanas
2023-05,0.5374,0.0,0.0,1.1583,IPC V1 AR(1),3 semanas
2023-06,1.251,0.3,0.0,1.0083,IPC V1 AR(1),3 semanas
2023-07,0.3656,1.2,0.3,0.9333,IPC V1 AR(1),3 semanas
2023-08,1.3745,0.3,1.2,0.875,IPC V1 AR(1),3 semanas
2023-09,1.1127,1.0,0.3,0.7333,IPC V1 AR(1),3 semanas
2023-10,1.3051,0.9,1.0,0.625,IPC V1 AR(1),3 semanas
2023-11,0.8319,1.0,0.9,0.6333,IPC V1 AR(1),3 semanas
2023-12,-0.7763,-0.8,1.0,0.575,IPC V1 AR(1),3 semanas
2024-01,1.1011,1.0,-0.8,0.4167,IPC V1 AR(1),3 semanas
2024-02,-0.4313,0.2,1.0,0.4167,IPC V1 AR(1),3 semanas
2024-03,1.1182,-0.9,0.2,0.4583,IPC V1 AR(1),3 semanas
2024-04,0.7756,0.7,-0.9,0.35,IPC V1 AR(1),3 semanas
2024-05,0.1255,0.1,0.7,0.4083,IPC V1 AR(1),3 semanas
2024-06,0.45,1.3,0.1,0.4167,IPC V1 AR(1),3 semanas
2024-07,0.165,0.1,1.3,0.5,IPC V1 AR(1),3 semanas
2024-08,0.8709,0.5,0.1,0.4083,IPC V1 AR(1),3 semanas
2024-09,1.671,-0.5,0.5,0.425,IPC V1 AR(1),3 semanas
2024-10,-1.2808,2.2,-0.5,0.3,IPC V1 AR(1),3 semanas
2024-11,-0.5526,-0.3,2.2,0.4083,IPC V1 AR(1),3 semanas
2024-12,-0.2383,-0.9,-0.3,0.3,IPC V1 AR(1),3 semanas
2025-01,1.015,0.4,-0.9,0.2917,IPC V1 AR(1),3 semanas
2025-02,0.2014,0.1,0.4,0.2417,IPC V1 AR(1),3 semanas
2025-03,0.8263,1.2,0.1,0.2333,IPC V1 AR(1),3 semanas
2025-04,0.5769,0.0,1.2,0.4083,IPC V1 AR(1),3 semanas
2025-05,0.1593,0.3,0.0,0.35,IPC V1 AR(1),3 semanas
2025-06,0.2451,-0.9,0.3,0.3667,IPC V1 AR(1),3 semanas
2025-07,-0.0068,0.9,-0.9,0.1833,IPC V1 AR(1),3 semanas
2025-08,0.5741,0.9,0.9,0.25,IPC V1 AR(1),3 semanas
2025-09,1.0912,0.8,0.9,0.2833,IPC V1 AR(1),3 semanas
2025-10,-0.2566,0.5,0.8,0.3917,IPC V1 AR(1),3 semanas
2025-11,-0.3263,0.2,0.5,0.25,IPC V1 AR(1),3 semanas
2025-12,-0.3171,-0.4,0.2,0.2917,IPC V1 AR(1),3 semanas
2026-01,0.9636,0.4,-0.4,0.3333,IPC V1 AR(1),3 semanas
2026-02,-0.1685,0.2,0.4,0.3333,IPC V1 AR(1),3 semanas
2026-03,0.8304,0.6,0.2,0.3417,IPC V1 AR(1),3 semanas
2026-04,0.6188,0.0,0.6,0.2917,IPC V1 AR(1),3 semanas
2026-05,0.7169,-0.8,0.0,0.2917,IPC V1 AR(1),3 semanas
2026-06,-0.0223,0.8,-0.8,0.2,IPC V1 AR(1),3 semanas
2026-07,1.0799,0.7,0.8,0.3417,IPC V1 AR(1),3 semanas
2026-08,0.9453,1.4,0.7,0.325,IPC V1 AR(1),3 semanas
2019-01,-0.0675,-0.3,-0.8,0.2417,IPC V2 promedio de 12 meses,3 semanas
2019-02,-0.281,-0.3,-0.3,0.1083,IPC V2 promedio de 12 meses,3 semanas
2019-03,1.4044,0.8,-0.3,0.1333,IPC V2 promedio de 12 meses,3 semanas
2019-04,-0.0095,0.5,0.8,0.1833,IPC V2 promedio de 12 meses,3 semanas
2019-05,0.7483,0.0,0.5,0.1917,IPC V2 promedio de 12 meses,3 semanas
2019-06,0.9967,0.5,0.0,0.2167,IPC V2 promedio de 12 meses,3 semanas
2019-07,-0.0503,0.2,0.5,0.225,IPC V2 promedio de 12 meses,3 semanas
2019-08,2.194,0.7,0.2,0.2167,IPC V2 promedio de 12 meses,3 semanas
2019-09,-0.9423,0.0,0.7,0.2333,IPC V2 promedio de 12 meses,3 semanas
2019-10,0.8124,0.8,0.0,0.2,IPC V2 promedio de 12 meses,3 semanas
2019-11,0.5476,1.3,0.8,0.2083,IPC V2 promedio de 12 meses,3 semanas
2019-12,0.1899,-0.5,1.3,0.2833,IPC V2 promedio de 12 meses,3 semanas
2020-01,1.4113,1.0,-0.5,0.3083,IPC V2 promedio de 12 meses,3 semanas
2020-02,0.3749,0.7,1.0,0.4167,IPC V2 promedio de 12 meses,3 semanas
2020-03,1.5419,0.8,0.7,0.5,IPC V2 promedio de 12 meses,3 semanas
2020-04,-0.1542,1.0,0.8,0.5,IPC V2 promedio de 12 meses,3 semanas
2020-05,2.1153,0.0,1.0,0.5417,IPC V2 promedio de 12 meses,3 semanas
2020-06,-0.0319,0.3,0.0,0.5417,IPC V2 promedio de 12 meses,3 semanas
2020-07,1.0946,0.6,0.3,0.525,IPC V2 promedio de 12 meses,3 semanas
2020-08,-0.043,0.2,0.6,0.5583,IPC V2 promedio de 12 meses,3 semanas
2020-09,2.2919,1.8,0.2,0.5167,IPC V2 promedio de 12 meses,3 semanas
2020-10,-0.1204,0.6,1.8,0.6667,IPC V2 promedio de 12 meses,3 semanas
2020-11,-0.3235,0.2,0.6,0.65,IPC V2 promedio de 12 meses,3 semanas
2020-12,-0.0418,0.2,0.2,0.5583,IPC V2 promedio de 12 meses,3 semanas
2021-01,1.0209,1.2,0.2,0.6167,IPC V2 promedio de 12 meses,3 semanas
2021-02,0.0511,-0.5,1.2,0.6333,IPC V2 promedio de 12 meses,3 semanas
2021-03,-0.056,-0.4,-0.5,0.5333,IPC V2 promedio de 12 meses,3 semanas
2021-04,0.0498,0.8,-0.4,0.4333,IPC V2 promedio de 12 meses,3 semanas
2021-05,0.6315,-0.2,0.8,0.4167,IPC V2 promedio de 12 meses,3 semanas
2021-06,-0.2152,0.0,-0.2,0.4,IPC V2 promedio de 12 meses,3 semanas
2021-07,1.2078,1.0,0.0,0.375,IPC V2 promedio de 12 meses,3 semanas
2021-08,0.5404,0.1,1.0,0.4083,IPC V2 promedio de 12 meses,3 semanas
2021-09,1.588,2.1,0.1,0.4,IPC V2 promedio de 12 meses,3 semanas
2021-10,0.4089,0.7,2.1,0.425,IPC V2 promedio de 12 meses,3 semanas
2021-11,-0.4119,0.1,0.7,0.4333,IPC V2 promedio de 12 meses,3 semanas
2021-12,1.7897,0.5,0.1,0.425,IPC V2 promedio de 12 meses,3 semanas
2022-01,0.9019,1.6,0.5,0.45,IPC V2 promedio de 12 meses,3 semanas
2022-02,1.0917,1.8,1.6,0.4833,IPC V2 promedio de 12 meses,3 semanas
2022-03,3.198,3.9,1.8,0.675,IPC V2 promedio de 12 meses,3 semanas
2022-04,2.1502,2.3,3.9,1.0333,IPC V2 promedio de 12 meses,3 semanas
2022-05,1.7012,1.8,2.3,1.1583,IPC V2 promedio de 12 meses,3 semanas
2022-06,2.4167,1.2,1.8,1.325,IPC V2 promedio de 12 meses,3 semanas
2022-07,1.1355,1.9,1.2,1.425,IPC V2 promedio de 12 meses,3 semanas
2022-08,1.7544,2.0,1.9,1.5,IPC V2 promedio de 12 meses,3 semanas
2022-09,1.5539,2.3,2.0,1.6583,IPC V2 promedio de 12 meses,3 semanas
2022-10,1.0559,0.8,2.3,1.675,IPC V2 promedio de 12 meses,3 semanas
2022-11,1.4247,1.7,0.8,1.6833,IPC V2 promedio de 12 meses,3 semanas
2022-12,0.5392,1.1,1.7,1.8167,IPC V2 promedio de 12 meses,3 semanas
2023-01,1.392,1.0,1.1,1.8667,IPC V2 promedio de 12 meses,3 semanas
2023-02,-0.3865,-0.3,1.0,1.8167,IPC V2 promedio de 12 meses,3 semanas
2023-03,1.3974,0.4,-0.3,1.6417,IPC V2 promedio de 12 meses,3 semanas
2023-04,0.4266,0.0,0.4,1.35,IPC V2 promedio de 12 meses,3 semanas
2023-05,0.4578,0.0,0.0,1.1583,IPC V2 promedio de 12 meses,3 semanas
2023-06,1.1098,0.3,0.0,1.0083,IPC V2 promedio de 12 meses,3 semanas
2023-07,0.3168,1.2,0.3,0.9333,IPC V2 promedio de 12 meses,3 semanas
2023-08,1.2318,0.3,1.2,0.875,IPC V2 promedio de 12 meses,3 semanas
2023-09,1.0591,1.0,0.3,0.7333,IPC V2 promedio de 12 meses,3 semanas
2023-10,1.1751,0.9,1.0,0.625,IPC V2 promedio de 12 meses,3 semanas
2023-11,0.8672,1.0,0.9,0.6333,IPC V2 promedio de 12 meses,3 semanas
2023-12,-0.8216,-0.8,1.0,0.575,IPC V2 promedio de 12 meses,3 semanas
2024-01,0.9445,1.0,-0.8,0.4167,IPC V2 promedio de 12 meses,3 semanas
2024-02,-0.3174,0.2,1.0,0.4167,IPC V2 promedio de 12 meses,3 semanas
2024-03,1.1198,-0.9,0.2,0.4583,IPC V2 promedio de 12 meses,3 semanas
2024-04,0.5445,0.7,-0.9,0.35,IPC V2 promedio de 12 meses,3 semanas
2024-05,0.2352,0.1,0.7,0.4083,IPC V2 promedio de 12 meses,3 semanas
2024-06,0.459,1.3,0.1,0.4167,IPC V2 promedio de 12 meses,3 semanas
2024-07,0.2877,0.1,1.3,0.5,IPC V2 promedio de 12 meses,3 semanas
2024-08,0.7893,0.5,0.1,0.4083,IPC V2 promedio de 12 meses,3 semanas
2024-09,1.67,-0.5,0.5,0.425,IPC V2 promedio de 12 meses,3 semanas
2024-10,-1.4101,2.2,-0.5,0.3,IPC V2 promedio de 12 meses,3 semanas
2024-11,-0.2565,-0.3,2.2,0.4083,IPC V2 promedio de 12 meses,3 semanas
2024-12,-0.3479,-0.9,-0.3,0.3,IPC V2 promedio de 12 meses,3 semanas
2025-01,0.9352,0.4,-0.9,0.2917,IPC V2 promedio de 12 meses,3 semanas
2025-02,0.2402,0.1,0.4,0.2417,IPC V2 promedio de 12 meses,3 semanas
2025-03,0.7748,1.2,0.1,0.2333,IPC V2 promedio de 12 meses,3 semanas
2025-04,0.6115,0.0,1.2,0.4083,IPC V2 promedio de 12 meses,3 semanas
2025-05,0.1338,0.3,0.0,0.35,IPC V2 promedio de 12 meses,3 semanas
2025-06,0.3514,-0.9,0.3,0.3667,IPC V2 promedio de 12 meses,3 semanas
2025-07,-0.068,0.9,-0.9,0.1833,IPC V2 promedio de 12 meses,3 semanas
2025-08,0.7144,0.9,0.9,0.25,IPC V2 promedio de 12 meses,3 semanas
2025-09,1.2373,0.8,0.9,0.2833,IPC V2 promedio de 12 meses,3 semanas
2025-10,-0.3181,0.5,0.8,0.3917,IPC V2 promedio de 12 meses,3 semanas
2025-11,-0.3058,0.2,0.5,0.25,IPC V2 promedio de 12 meses,3 semanas
2025-12,-0.4037,-0.4,0.2,0.2917,IPC V2 promedio de 12 meses,3 semanas
2026-01,0.8659,0.4,-0.4,0.3333,IPC V2 promedio de 12 meses,3 semanas
2026-02,-0.1476,0.2,0.4,0.3333,IPC V2 promedio de 12 meses,3 semanas
2026-03,0.8654,0.6,0.2,0.3417,IPC V2 promedio de 12 meses,3 semanas
2026-04,0.5403,0.0,0.6,0.2917,IPC V2 promedio de 12 meses,3 semanas
2026-05,0.6906,-0.8,0.0,0.2917,IPC V2 promedio de 12 meses,3 semanas
2026-06,-0.185,0.8,-0.8,0.2,IPC V2 promedio de 12 meses,3 semanas
2026-07,1.1437,0.7,0.8,0.3417,IPC V2 promedio de 12 meses,3 semanas
2026-08,1.0346,1.4,0.7,0.325,IPC V2 promedio de 12 meses,3 semanas
2019-01,-0.1969,-0.3,-0.8,0.2417,IPC V3 combinación,3 semanas
2019-02,-0.1042,-0.3,-0.3,0.1083,IPC V3 combinación,3 semanas
2019-03,0.8942,0.8,-0.3,0.1333,IPC V3 combinación,3 semanas
2019-04,0.1186,0.5,0.8,0.1833,IPC V3 combinación,3 semanas
2019-05,0.6724,0.0,0.5,0.1917,IPC V3 combinación,3 semanas
2019-06,0.6557,0.5,0.0,0.2167,IPC V3 combinación,3 semanas
2019-07,0.1525,0.2,0.5,0.225,IPC V3 combinación,3 semanas
2019-08,1.5533,0.7,0.2,0.2167,IPC V3 combinación,3 semanas
2019-09,-0.3945,0.0,0.7,0.2333,IPC V3 combinación,3 semanas
2019-10,0.3996,0.8,0.0,0.2,IPC V3 combinación,3 semanas
2019-11,0.4795,1.3,0.8,0.2083,IPC V3 combinación,3 semanas
2019-12,0.3305,-0.5,1.3,0.2833,IPC V3 combinación,3 semanas
2020-01,0.7483,1.0,-0.5,0.3083,IPC V3 combinación,3 semanas
2020-02,0.4675,0.7,1.0,0.4167,IPC V3 combinación,3 semanas
2020-03,1.2989,0.8,0.7,0.5,IPC V3 combinación,3 semanas
2020-04,0.0569,1.0,0.8,0.5,IPC V3 combinación,3 semanas
2020-05,1.5909,0.0,1.0,0.5417,IPC V3 combinación,3 semanas
2020-06,-0.0157,0.3,0.0,0.5417,IPC V3 combinación,3 semanas
2020-07,0.9988,0.6,0.3,0.525,IPC V3 combinación,3 semanas
2020-08,0.1256,0.2,0.6,0.5583,IPC V3 combinación,3 semanas
2020-09,1.6138,1.8,0.2,0.5167,IPC V3 combinación,3 semanas
2020-10,0.2264,0.6,1.8,0.6667,IPC V3 combinación,3 semanas
2020-11,0.2126,0.2,0.6,0.65,IPC V3 combinación,3 semanas
2020-12,0.0778,0.2,0.2,0.5583,IPC V3 combinación,3 semanas
2021-01,0.8095,1.2,0.2,0.6167,IPC V3 combinación,3 semanas
2021-02,0.386,-0.5,1.2,0.6333,IPC V3 combinación,3 semanas
2021-03,-0.0342,-0.4,-0.5,0.5333,IPC V3 combinación,3 semanas
2021-04,0.0317,0.8,-0.4,0.4333,IPC V3 combinación,3 semanas
2021-05,0.8255,-0.2,0.8,0.4167,IPC V3 combinación,3 semanas
2021-06,-0.0122,0.0,-0.2,0.4,IPC V3 combinación,3 semanas
2021-07,0.8018,1.0,0.0,0.375,IPC V3 combinación,3 semanas
2021-08,0.7677,0.1,1.0,0.4083,IPC V3 combinación,3 semanas
2021-09,0.8442,2.1,0.1,0.4,IPC V3 combinación,3 semanas
2021-10,0.5916,0.7,2.1,0.425,IPC V3 combinación,3 semanas
2021-11,0.0442,0.1,0.7,0.4333,IPC V3 combinación,3 semanas
2021-12,1.1757,0.5,0.1,0.425,IPC V3 combinación,3 semanas
2022-01,0.7579,1.6,0.5,0.45,IPC V3 combinación,3 semanas
2022-02,1.2345,1.8,1.6,0.4833,IPC V3 combinación,3 semanas
2022-03,2.3018,3.9,1.8,0.675,IPC V3 combinación,3 semanas
2022-04,2.3055,2.3,3.9,1.0333,IPC V3 combinación,3 semanas
2022-05,1.6786,1.8,2.3,1.1583,IPC V3 combinación,3 semanas
2022-06,2.3117,1.2,1.8,1.325,IPC V3 combinación,3 semanas
2022-07,1.2854,1.9,1.2,1.425,IPC V3 combinación,3 semanas
2022-08,1.7975,2.0,1.9,1.5,IPC V3 combinación,3 semanas
2022-09,1.5198,2.3,2.0,1.6583,IPC V3 combinación,3 semanas
2022-10,1.6157,0.8,2.3,1.675,IPC V3 combinación,3 semanas
2022-11,1.5284,1.7,0.8,1.6833,IPC V3 combinación,3 semanas
2022-12,1.0506,1.1,1.7,1.8167,IPC V3 combinación,3 semanas
2023-01,1.6084,1.0,1.1,1.8667,IPC V3 combinación,3 semanas
2023-02,0.3696,-0.3,1.0,1.8167,IPC V3 combinación,3 semanas
2023-03,1.1345,0.4,-0.3,1.6417,IPC V3 combinación,3 semanas
2023-04,0.6849,0.0,0.4,1.35,IPC V3 combinación,3 semanas
2023-05,0.5791,0.0,0.0,1.1583,IPC V3 combinación,3 semanas
2023-06,0.7889,0.3,0.0,1.0083,IPC V3 combinación,3 semanas
2023-07,0.4594,1.2,0.3,0.9333,IPC V3 combinación,3 semanas
2023-08,0.8097,0.3,1.2,0.875,IPC V3 combinación,3 semanas
2023-09,0.8282,1.0,0.3,0.7333,IPC V3 combinación,3 semanas
2023-10,0.7011,0.9,1.0,0.625,IPC V3 combinación,3 semanas
2023-11,0.8616,1.0,0.9,0.6333,IPC V3 combinación,3 semanas
2023-12,-0.3699,-0.8,1.0,0.575,IPC V3 combinación,3 semanas
2024-01,0.4178,1.0,-0.8,0.4167,IPC V3 combinación,3 semanas
2024-02,0.2116,0.2,1.0,0.4167,IPC V3 combinación,3 semanas
2024-03,0.8732,-0.9,0.2,0.4583,IPC V3 combinación,3 semanas
2024-04,0.0044,0.7,-0.9,0.35,IPC V3 combinación,3 semanas
2024-05,0.5453,0.1,0.7,0.4083,IPC V3 combinación,3 semanas
2024-06,0.4703,1.3,0.1,0.4167,IPC V3 combinación,3 semanas
2024-07,0.6354,0.1,1.3,0.5,IPC V3 combinación,3 semanas
2024-08,0.4798,0.5,0.1,0.4083,IPC V3 combinación,3 semanas
2024-09,1.1972,-0.5,0.5,0.425,IPC V3 combinación,3 semanas
2024-10,-1.0119,2.2,-0.5,0.3,IPC V3 combinación,3 semanas
2024-11,0.6449,-0.3,2.2,0.4083,IPC V3 combinación,3 semanas
2024-12,-0.3144,-0.9,-0.3,0.3,IPC V3 combinación,3 semanas
2025-01,0.5331,0.4,-0.9,0.2917,IPC V3 combinación,3 semanas
2025-02,0.3319,0.1,0.4,0.2417,IPC V3 combinación,3 semanas
2025-03,0.4656,1.2,0.1,0.2333,IPC V3 combinación,3 semanas
2025-04,0.612,0.0,1.2,0.4083,IPC V3 combinación,3 semanas
2025-05,0.171,0.3,0.0,0.35,IPC V3 combinación,3 semanas
2025-06,0.5915,-0.9,0.3,0.3667,IPC V3 combinación,3 semanas
2025-07,-0.0927,0.9,-0.9,0.1833,IPC V3 combinación,3 semanas
2025-08,0.8367,0.9,0.9,0.25,IPC V3 combinación,3 semanas
2025-09,1.1847,0.8,0.9,0.2833,IPC V3 combinación,3 semanas
2025-10,-0.1686,0.5,0.8,0.3917,IPC V3 combinación,3 semanas
2025-11,-0.0444,0.2,0.5,0.25,IPC V3 combinación,3 semanas
2025-12,-0.3104,-0.4,0.2,0.2917,IPC V3 combinación,3 semanas
2026-01,0.4597,0.4,-0.4,0.3333,IPC V3 combinación,3 semanas
2026-02,0.0953,0.2,0.4,0.3333,IPC V3 combinación,3 semanas
2026-03,0.7404,0.6,0.2,0.3417,IPC V3 combinación,3 semanas
2026-04,0.2837,0.0,0.6,0.2917,IPC V3 combinación,3 semanas
2026-05,0.4865,-0.8,0.0,0.2917,IPC V3 combinación,3 semanas
2026-06,-0.3667,0.8,-0.8,0.2,IPC V3 combinación,3 semanas
2026-07,0.9722,0.7,0.8,0.3417,IPC V3 combinación,3 semanas
2026-08,0.9511,1.4,0.7,0.325,IPC V3 combinación,3 semanas
2019-01,0.1083,-0.1,-0.4,0.1909,Canasta anclada,3 semanas
2019-02,-0.0959,-0.2,-0.1,0.1667,Canasta anclada,3 semanas
2019-03,0.9827,0.7,-0.2,0.1583,Canasta anclada,3 semanas
2019-04,0.1291,0.4,0.7,0.2,Canasta anclada,3 semanas
2019-05,0.3326,0.1,0.4,0.2,Canasta anclada,3 semanas
2019-06,1.0602,0.4,0.1,0.2167,Canasta anclada,3 semanas
2019-07,-0.4528,0.2,0.4,0.225,Canasta anclada,3 semanas
2019-08,2.0392,0.6,0.2,0.2083,Canasta anclada,3 semanas
2019-09,-1.0534,0.0,0.6,0.2333,Canasta anclada,3 semanas
2019-10,0.962,0.7,0.0,0.2167,Canasta anclada,3 semanas
2019-11,1.4091,1.0,0.7,0.225,Canasta anclada,3 semanas
2019-12,-0.5868,-0.3,1.0,0.2833,Canasta anclada,3 semanas
2020-01,1.3939,0.9,-0.3,0.2917,Canasta anclada,3 semanas
2020-02,0.4138,0.7,0.9,0.375,Canasta anclada,3 semanas
2020-03,1.6782,0.7,0.7,0.45,Canasta anclada,3 semanas
2020-04,0.3665,0.8,0.7,0.45,Canasta anclada,3 semanas
2020-05,2.0603,-0.0,0.8,0.4833,Canasta anclada,3 semanas
2020-06,-0.5436,0.3,-0.0,0.475,Canasta anclada,3 semanas
2020-07,0.5182,0.4,0.3,0.4667,Canasta anclada,3 semanas
2020-08,-0.5582,0.2,0.4,0.4833,Canasta anclada,3 semanas
2020-09,2.3969,1.5,0.2,0.45,Canasta anclada,3 semanas
2020-10,0.5789,0.7,1.5,0.575,Canasta anclada,3 semanas
2020-11,0.9556,0.1,0.7,0.575,Canasta anclada,3 semanas
2020-12,0.6366,0.2,0.1,0.5,Canasta anclada,3 semanas
2021-01,1.1255,1.1,0.2,0.5417,Canasta anclada,3 semanas
2021-02,0.0646,-0.4,1.1,0.5583,Canasta anclada,3 semanas
2021-03,-0.0497,-0.3,-0.4,0.4667,Canasta anclada,3 semanas
2021-04,0.1009,0.7,-0.3,0.3833,Canasta anclada,3 semanas
2021-05,0.3823,-0.2,0.7,0.375,Canasta anclada,3 semanas
2021-06,0.0506,0.1,-0.2,0.3583,Canasta anclada,3 semanas
2021-07,0.8062,1.0,0.1,0.3417,Canasta anclada,3 semanas
2021-08,-0.0267,0.5,1.0,0.3917,Canasta anclada,3 semanas
2021-09,1.6294,1.8,0.5,0.4167,Canasta anclada,3 semanas
2021-10,0.5879,1.0,1.8,0.4417,Canasta anclada,3 semanas
2021-11,0.5817,0.3,1.0,0.4667,Canasta anclada,3 semanas
2021-12,2.2271,0.7,0.3,0.4833,Canasta anclada,3 semanas
2022-01,0.95,1.6,0.7,0.525,Canasta anclada,3 semanas
2022-02,1.4343,1.5,1.6,0.5667,Canasta anclada,3 semanas
2022-03,3.1847,3.4,1.5,0.725,Canasta anclada,3 semanas
2022-04,2.4377,2.2,3.4,1.0333,Canasta anclada,3 semanas
2022-05,1.6433,1.8,2.2,1.1583,Canasta anclada,3 semanas
2022-06,2.2874,1.3,1.8,1.325,Canasta anclada,3 semanas
2022-07,0.9733,1.7,1.3,1.425,Canasta anclada,3 semanas
2022-08,1.2442,1.9,1.7,1.4833,Canasta anclada,3 semanas
2022-09,1.8768,1.9,1.9,1.6,Canasta anclada,3 semanas
2022-10,1.312,0.8,1.9,1.6083,Canasta anclada,3 semanas
2022-11,1.7586,1.6,0.8,1.5917,Canasta anclada,3 semanas
2022-12,1.142,1.0,1.6,1.7,Canasta anclada,3 semanas
2023-01,1.762,1.0,1.0,1.725,Canasta anclada,3 semanas
2023-02,0.0449,0.0,1.0,1.675,Canasta anclada,3 semanas
2023-03,1.3281,0.5,0.0,1.55,Canasta anclada,3 semanas
2023-04,0.3931,0.1,0.5,1.3083,Canasta anclada,3 semanas
2023-05,0.1878,0.2,0.1,1.1333,Canasta anclada,3 semanas
2023-06,0.5113,0.4,0.2,1.0,Canasta anclada,3 semanas
2023-07,0.3907,1.1,0.4,0.925,Canasta anclada,3 semanas
2023-08,0.921,0.4,1.1,0.875,Canasta anclada,3 semanas
2023-09,1.0874,0.9,0.4,0.75,Canasta anclada,3 semanas
2023-10,1.1695,0.8,0.9,0.6667,Canasta anclada,3 semanas
2023-11,1.0864,0.8,0.8,0.6667,Canasta anclada,3 semanas
2023-12,-0.3683,-0.4,0.8,0.6,Canasta anclada,3 semanas
2024-01,1.146,0.9,-0.4,0.4833,Canasta anclada,3 semanas
2024-02,-0.3848,0.4,0.9,0.475,Canasta anclada,3 semanas
2024-03,0.7274,-0.6,0.4,0.5083,Canasta anclada,3 semanas
2024-04,0.3892,0.7,-0.6,0.4167,Canasta anclada,3 semanas
2024-05,0.1238,0.2,0.7,0.4667,Canasta anclada,3 semanas
2024-06,0.5582,1.2,0.2,0.4667,Canasta anclada,3 semanas
2024-07,-0.1963,0.1,1.2,0.5333,Canasta anclada,3 semanas
2024-08,0.2358,0.5,0.1,0.45,Canasta anclada,3 semanas
2024-09,2.3731,-0.3,0.5,0.4583,Canasta anclada,3 semanas
2024-10,-0.2316,1.9,-0.3,0.3583,Canasta anclada,3 semanas
2024-11,-0.1289,-0.1,1.9,0.45,Canasta anclada,3 semanas
2024-12,-0.6274,-0.5,-0.1,0.375,Canasta anclada,3 semanas
2025-01,0.7882,0.5,-0.5,0.3667,Canasta anclada,3 semanas
2025-02,0.4792,0.2,0.5,0.3333,Canasta anclada,3 semanas
2025-03,0.3271,1.0,0.2,0.3167,Canasta anclada,3 semanas
2025-04,0.6348,0.1,1.0,0.45,Canasta anclada,3 semanas
2025-05,0.2472,0.3,0.1,0.4,Canasta anclada,3 semanas
2025-06,0.0236,-0.6,0.3,0.4083,Canasta anclada,3 semanas
2025-07,-0.7053,0.8,-0.6,0.2583,Canasta anclada,3 semanas
2025-08,0.2439,0.8,0.8,0.3167,Canasta anclada,3 semanas
2025-09,0.7953,0.8,0.8,0.3417,Canasta anclada,3 semanas
2025-10,-0.1198,0.5,0.8,0.4333,Canasta anclada,3 semanas
2025-11,-0.1999,0.3,0.5,0.3167,Canasta anclada,3 semanas
2025-12,0.0311,-0.1,0.3,0.35,Canasta anclada,3 semanas
2026-01,1.3019,0.4,-0.1,0.3833,Canasta anclada,3 semanas
2026-02,-0.3967,0.2,0.4,0.375,Canasta anclada,3 semanas
2026-03,1.1617,0.5,0.2,0.375,Canasta anclada,3 semanas
2026-04,0.1696,0.1,0.5,0.3333,Canasta anclada,3 semanas
2026-05,0.592,-0.4,0.1,0.3333,Canasta anclada,3 semanas
2026-06,-0.181,0.7,-0.4,0.275,Canasta anclada,3 semanas
2026-07,0.6304,0.6,0.7,0.3833,Canasta anclada,3 semanas
2026-08,0.7575,1.2,0.6,0.3667,Canasta anclada,3 semanas
2019-01,-0.5352,-0.3,-0.8,0.2417,IPC V0 regla principal,mes completo
2019-02,-0.0909,-0.3,-0.3,0.1083,IPC V0 regla principal,mes completo
2019-03,1.0403,0.8,-0.3,0.1333,IPC V0 regla principal,mes completo
2019-04,0.1877,0.5,0.8,0.1833,IPC V0 regla principal,mes completo
2019-05,0.9783,0.0,0.5,0.1917,IPC V0 regla principal,mes completo
2019-06,0.6905,0.5,0.0,0.2167,IPC V0 regla principal,mes completo
2019-07,0.0968,0.2,0.5,0.225,IPC V0 regla principal,mes completo
2019-08,2.0045,0.7,0.2,0.2167,IPC V0 regla principal,mes completo
2019-09,-0.2283,0.0,0.7,0.2333,IPC V0 regla principal,mes completo
2019-10,0.4963,0.8,0.0,0.2,IPC V0 regla principal,mes completo
2019-11,0.5771,1.3,0.8,0.2083,IPC V0 regla principal,mes completo
2019-12,0.645,-0.5,1.3,0.2833,IPC V0 regla principal,mes completo
2020-01,0.6369,1.0,-0.5,0.3083,IPC V0 regla principal,mes completo
2020-02,0.5036,0.7,1.0,0.4167,IPC V0 regla principal,mes completo
2020-03,1.9585,0.8,0.7,0.5,IPC V0 regla principal,mes completo
2020-04,-0.4333,1.0,0.8,0.5,IPC V0 regla principal,mes completo
2020-05,2.0414,0.0,1.0,0.5417,IPC V0 regla principal,mes completo
2020-06,-0.0775,0.3,0.0,0.5417,IPC V0 regla principal,mes completo
2020-07,1.048,0.6,0.3,0.525,IPC V0 regla principal,mes completo
2020-08,0.4723,0.2,0.6,0.5583,IPC V0 regla principal,mes completo
2020-09,1.9232,1.8,0.2,0.5167,IPC V0 regla principal,mes completo
2020-10,-0.3618,0.6,1.8,0.6667,IPC V0 regla principal,mes completo
2020-11,-0.0657,0.2,0.6,0.65,IPC V0 regla principal,mes completo
2020-12,0.5423,0.2,0.2,0.5583,IPC V0 regla principal,mes completo
2021-01,0.3256,1.2,0.2,0.6167,IPC V0 regla principal,mes completo
2021-02,0.2236,-0.5,1.2,0.6333,IPC V0 regla principal,mes completo
2021-03,-0.305,-0.4,-0.5,0.5333,IPC V0 regla principal,mes completo
2021-04,-0.0026,0.8,-0.4,0.4333,IPC V0 regla principal,mes completo
2021-05,0.7567,-0.2,0.8,0.4167,IPC V0 regla principal,mes completo
2021-06,-0.0337,0.0,-0.2,0.4,IPC V0 regla principal,mes completo
2021-07,0.852,1.0,0.0,0.375,IPC V0 regla principal,mes completo
2021-08,1.3032,0.1,1.0,0.4083,IPC V0 regla principal,mes completo
2021-09,1.0484,2.1,0.1,0.4,IPC V0 regla principal,mes completo
2021-10,0.3454,0.7,2.1,0.425,IPC V0 regla principal,mes completo
2021-11,0.2717,0.1,0.7,0.4333,IPC V0 regla principal,mes completo
2021-12,1.4992,0.5,0.1,0.425,IPC V0 regla principal,mes completo
2022-01,0.77,1.6,0.5,0.45,IPC V0 regla principal,mes completo
2022-02,2.013,1.8,1.6,0.4833,IPC V0 regla principal,mes completo
2022-03,3.1134,3.9,1.8,0.675,IPC V0 regla principal,mes completo
2022-04,3.0813,2.3,3.9,1.0333,IPC V0 regla principal,mes completo
2022-05,1.997,1.8,2.3,1.1583,IPC V0 regla principal,mes completo
2022-06,2.613,1.2,1.8,1.325,IPC V0 regla principal,mes completo
2022-07,1.5085,1.9,1.2,1.425,IPC V0 regla principal,mes completo
2022-08,2.1642,2.0,1.9,1.5,IPC V0 regla principal,mes completo
2022-09,1.1002,2.3,2.0,1.6583,IPC V0 regla principal,mes completo
2022-10,1.5327,0.8,2.3,1.675,IPC V0 regla principal,mes completo
2022-11,1.3237,1.7,0.8,1.6833,IPC V0 regla principal,mes completo
2022-12,0.4645,1.1,1.7,1.8167,IPC V0 regla principal,mes completo
2023-01,1.3286,1.0,1.1,1.8667,IPC V0 regla principal,mes completo
2023-02,-0.1609,-0.3,1.0,1.8167,IPC V0 regla principal,mes completo
2023-03,0.5422,0.4,-0.3,1.6417,IPC V0 regla principal,mes completo
2023-04,0.4238,0.0,0.4,1.35,IPC V0 regla principal,mes completo
2023-05,0.3177,0.0,0.0,1.1583,IPC V0 regla principal,mes completo
2023-06,0.2663,0.3,0.0,1.0083,IPC V0 regla principal,mes completo
2023-07,0.3289,1.2,0.3,0.9333,IPC V0 regla principal,mes completo
2023-08,0.9157,0.3,1.2,0.875,IPC V0 regla principal,mes completo
2023-09,0.8954,1.0,0.3,0.7333,IPC V0 regla principal,mes completo
2023-10,0.5117,0.9,1.0,0.625,IPC V0 regla principal,mes completo
2023-11,0.7374,1.0,0.9,0.6333,IPC V0 regla principal,mes completo
2023-12,-0.781,-0.8,1.0,0.575,IPC V0 regla principal,mes completo
2024-01,0.3282,1.0,-0.8,0.4167,IPC V0 regla principal,mes completo
2024-02,0.3269,0.2,1.0,0.4167,IPC V0 regla principal,mes completo
2024-03,0.9475,-0.9,0.2,0.4583,IPC V0 regla principal,mes completo
2024-04,-0.3911,0.7,-0.9,0.35,IPC V0 regla principal,mes completo
2024-05,0.8607,0.1,0.7,0.4083,IPC V0 regla principal,mes completo
2024-06,0.2902,1.3,0.1,0.4167,IPC V0 regla principal,mes completo
2024-07,1.1234,0.1,1.3,0.5,IPC V0 regla principal,mes completo
2024-08,0.385,0.5,0.1,0.4083,IPC V0 regla principal,mes completo
2024-09,0.7972,-0.5,0.5,0.425,IPC V0 regla principal,mes completo
2024-10,-1.2802,2.2,-0.5,0.3,IPC V0 regla principal,mes completo
2024-11,0.8238,-0.3,2.2,0.4083,IPC V0 regla principal,mes completo
2024-12,-0.0379,-0.9,-0.3,0.3,IPC V0 regla principal,mes completo
2025-01,0.0881,0.4,-0.9,0.2917,IPC V0 regla principal,mes completo
2025-02,0.5774,0.1,0.4,0.2417,IPC V0 regla principal,mes completo
2025-03,0.6599,1.2,0.1,0.2333,IPC V0 regla principal,mes completo
2025-04,0.5423,0.0,1.2,0.4083,IPC V0 regla principal,mes completo
2025-05,0.0919,0.3,0.0,0.35,IPC V0 regla principal,mes completo
2025-06,0.6057,-0.9,0.3,0.3667,IPC V0 regla principal,mes completo
2025-07,-0.0583,0.9,-0.9,0.1833,IPC V0 regla principal,mes completo
2025-08,1.6007,0.9,0.9,0.25,IPC V0 regla principal,mes completo
2025-09,1.1068,0.8,0.9,0.2833,IPC V0 regla principal,mes completo
2025-10,-0.5885,0.5,0.8,0.3917,IPC V0 regla principal,mes completo
2025-11,0.0276,0.2,0.5,0.25,IPC V0 regla principal,mes completo
2025-12,-0.4703,-0.4,0.2,0.2917,IPC V0 regla principal,mes completo
2026-01,0.4231,0.4,-0.4,0.3333,IPC V0 regla principal,mes completo
2026-02,-0.0954,0.2,0.4,0.3333,IPC V0 regla principal,mes completo
2026-03,1.1408,0.6,0.2,0.3417,IPC V0 regla principal,mes completo
2026-04,0.1044,0.0,0.6,0.2917,IPC V0 regla principal,mes completo
2026-05,0.2917,-0.8,0.0,0.2917,IPC V0 regla principal,mes completo
2026-06,-0.6024,0.8,-0.8,0.2,IPC V0 regla principal,mes completo
2026-07,1.4676,0.7,0.8,0.3417,IPC V0 regla principal,mes completo
2026-08,1.4105,1.4,0.7,0.325,IPC V0 regla principal,mes completo
2019-01,-0.0105,-0.3,-0.8,0.2417,IPC V1 AR(1),mes completo
2019-02,-0.1443,-0.3,-0.3,0.1083,IPC V1 AR(1),mes completo
2019-03,1.0846,0.8,-0.3,0.1333,IPC V1 AR(1),mes completo
2019-04,0.0755,0.5,0.8,0.1833,IPC V1 AR(1),mes completo
2019-05,0.6876,0.0,0.5,0.1917,IPC V1 AR(1),mes completo
2019-06,0.7769,0.5,0.0,0.2167,IPC V1 AR(1),mes completo
2019-07,-0.1059,0.2,0.5,0.225,IPC V1 AR(1),mes completo
2019-08,1.7502,0.7,0.2,0.2167,IPC V1 AR(1),mes completo
2019-09,-0.4265,0.0,0.7,0.2333,IPC V1 AR(1),mes completo
2019-10,0.8713,0.8,0.0,0.2,IPC V1 AR(1),mes completo
2019-11,0.4467,1.3,0.8,0.2083,IPC V1 AR(1),mes completo
2019-12,0.4261,-0.5,1.3,0.2833,IPC V1 AR(1),mes completo
2020-01,1.141,1.0,-0.5,0.3083,IPC V1 AR(1),mes completo
2020-02,0.3443,0.7,1.0,0.4167,IPC V1 AR(1),mes completo
2020-03,1.6257,0.8,0.7,0.5,IPC V1 AR(1),mes completo
2020-04,-0.3457,1.0,0.8,0.5,IPC V1 AR(1),mes completo
2020-05,1.8717,0.0,1.0,0.5417,IPC V1 AR(1),mes completo
2020-06,0.3592,0.3,0.0,0.5417,IPC V1 AR(1),mes completo
2020-07,0.7908,0.6,0.3,0.525,IPC V1 AR(1),mes completo
2020-08,0.6083,0.2,0.6,0.5583,IPC V1 AR(1),mes completo
2020-09,1.9146,1.8,0.2,0.5167,IPC V1 AR(1),mes completo
2020-10,-0.4497,0.6,1.8,0.6667,IPC V1 AR(1),mes completo
2020-11,-0.4008,0.2,0.6,0.65,IPC V1 AR(1),mes completo
2020-12,0.78,0.2,0.2,0.5583,IPC V1 AR(1),mes completo
2021-01,0.4461,1.2,0.2,0.6167,IPC V1 AR(1),mes completo
2021-02,-0.0051,-0.5,1.2,0.6333,IPC V1 AR(1),mes completo
2021-03,0.1302,-0.4,-0.5,0.5333,IPC V1 AR(1),mes completo
2021-04,0.3497,0.8,-0.4,0.4333,IPC V1 AR(1),mes completo
2021-05,0.1785,-0.2,0.8,0.4167,IPC V1 AR(1),mes completo
2021-06,0.0407,0.0,-0.2,0.4,IPC V1 AR(1),mes completo
2021-07,1.034,1.0,0.0,0.375,IPC V1 AR(1),mes completo
2021-08,0.7211,0.1,1.0,0.4083,IPC V1 AR(1),mes completo
2021-09,1.6593,2.1,0.1,0.4,IPC V1 AR(1),mes completo
2021-10,-0.0218,0.7,2.1,0.425,IPC V1 AR(1),mes completo
2021-11,0.0011,0.1,0.7,0.4333,IPC V1 AR(1),mes completo
2021-12,1.6882,0.5,0.1,0.425,IPC V1 AR(1),mes completo
2022-01,0.7099,1.6,0.5,0.45,IPC V1 AR(1),mes completo
2022-02,1.2217,1.8,1.6,0.4833,IPC V1 AR(1),mes completo
2022-03,2.957,3.9,1.8,0.675,IPC V1 AR(1),mes completo
2022-04,1.8544,2.3,3.9,1.0333,IPC V1 AR(1),mes completo
2022-05,1.6067,1.8,2.3,1.1583,IPC V1 AR(1),mes completo
2022-06,1.9511,1.2,1.8,1.325,IPC V1 AR(1),mes completo
2022-07,1.4292,1.9,1.2,1.425,IPC V1 AR(1),mes completo
2022-08,1.8702,2.0,1.9,1.5,IPC V1 AR(1),mes completo
2022-09,1.2595,2.3,2.0,1.6583,IPC V1 AR(1),mes completo
2022-10,0.8604,0.8,2.3,1.675,IPC V1 AR(1),mes completo
2022-11,1.3189,1.7,0.8,1.6833,IPC V1 AR(1),mes completo
2022-12,0.4285,1.1,1.7,1.8167,IPC V1 AR(1),mes completo
2023-01,1.2606,1.0,1.1,1.8667,IPC V1 AR(1),mes completo
2023-02,0.0377,-0.3,1.0,1.8167,IPC V1 AR(1),mes completo
2023-03,1.2994,0.4,-0.3,1.6417,IPC V1 AR(1),mes completo
2023-04,0.6332,0.0,0.4,1.35,IPC V1 AR(1),mes completo
2023-05,0.6392,0.0,0.0,1.1583,IPC V1 AR(1),mes completo
2023-06,0.8661,0.3,0.0,1.0083,IPC V1 AR(1),mes completo
2023-07,0.5323,1.2,0.3,0.9333,IPC V1 AR(1),mes completo
2023-08,1.5213,0.3,1.2,0.875,IPC V1 AR(1),mes completo
2023-09,1.1203,1.0,0.3,0.7333,IPC V1 AR(1),mes completo
2023-10,1.0679,0.9,1.0,0.625,IPC V1 AR(1),mes completo
2023-11,0.5645,1.0,0.9,0.6333,IPC V1 AR(1),mes completo
2023-12,-0.5947,-0.8,1.0,0.575,IPC V1 AR(1),mes completo
2024-01,1.0108,1.0,-0.8,0.4167,IPC V1 AR(1),mes completo
2024-02,-0.1873,0.2,1.0,0.4167,IPC V1 AR(1),mes completo
2024-03,0.9324,-0.9,0.2,0.4583,IPC V1 AR(1),mes completo
2024-04,0.5968,0.7,-0.9,0.35,IPC V1 AR(1),mes completo
2024-05,0.3551,0.1,0.7,0.4083,IPC V1 AR(1),mes completo
2024-06,0.2363,1.3,0.1,0.4167,IPC V1 AR(1),mes completo
2024-07,0.5682,0.1,1.3,0.5,IPC V1 AR(1),mes completo
2024-08,0.7313,0.5,0.1,0.4083,IPC V1 AR(1),mes completo
2024-09,0.7867,-0.5,0.5,0.425,IPC V1 AR(1),mes completo
2024-10,-0.7264,2.2,-0.5,0.3,IPC V1 AR(1),mes completo
2024-11,-0.5221,-0.3,2.2,0.4083,IPC V1 AR(1),mes completo
2024-12,0.4235,-0.9,-0.3,0.3,IPC V1 AR(1),mes completo
2025-01,0.4186,0.4,-0.9,0.2917,IPC V1 AR(1),mes completo
2025-02,0.3903,0.1,0.4,0.2417,IPC V1 AR(1),mes completo
2025-03,0.8749,1.2,0.1,0.2333,IPC V1 AR(1),mes completo
2025-04,0.3794,0.0,1.2,0.4083,IPC V1 AR(1),mes completo
2025-05,0.1924,0.3,0.0,0.35,IPC V1 AR(1),mes completo
2025-06,0.1182,-0.9,0.3,0.3667,IPC V1 AR(1),mes completo
2025-07,0.2008,0.9,-0.9,0.1833,IPC V1 AR(1),mes completo
2025-08,0.9702,0.9,0.9,0.25,IPC V1 AR(1),mes completo
2025-09,0.4481,0.8,0.9,0.2833,IPC V1 AR(1),mes completo
2025-10,-0.3253,0.5,0.8,0.3917,IPC V1 AR(1),mes completo
2025-11,-0.0697,0.2,0.5,0.25,IPC V1 AR(1),mes completo
2025-12,-0.0995,-0.4,0.2,0.2917,IPC V1 AR(1),mes completo
2026-01,0.8477,0.4,-0.4,0.3333,IPC V1 AR(1),mes completo
2026-02,-0.2099,0.2,0.4,0.3333,IPC V1 AR(1),mes completo
2026-03,0.9807,0.6,0.2,0.3417,IPC V1 AR(1),mes completo
2026-04,0.4445,0.0,0.6,0.2917,IPC V1 AR(1),mes completo
2026-05,0.4,-0.8,0.0,0.2917,IPC V1 AR(1),mes completo
2026-06,0.0973,0.8,-0.8,0.2,IPC V1 AR(1),mes completo
2026-07,1.1799,0.7,0.8,0.3417,IPC V1 AR(1),mes completo
2026-08,1.0121,1.4,0.7,0.325,IPC V1 AR(1),mes completo
2019-01,-0.1308,-0.3,-0.8,0.2417,IPC V2 promedio de 12 meses,mes completo
2019-02,-0.1344,-0.3,-0.3,0.1083,IPC V2 promedio de 12 meses,mes completo
2019-03,1.0735,0.8,-0.3,0.1333,IPC V2 promedio de 12 meses,mes completo
2019-04,0.1001,0.5,0.8,0.1833,IPC V2 promedio de 12 meses,mes completo
2019-05,0.7527,0.0,0.5,0.1917,IPC V2 promedio de 12 meses,mes completo
2019-06,0.7562,0.5,0.0,0.2167,IPC V2 promedio de 12 meses,mes completo
2019-07,-0.0606,0.2,0.5,0.225,IPC V2 promedio de 12 meses,mes completo
2019-08,1.8071,0.7,0.2,0.2167,IPC V2 promedio de 12 meses,mes completo
2019-09,-0.3824,0.0,0.7,0.2333,IPC V2 promedio de 12 meses,mes completo
2019-10,0.784,0.8,0.0,0.2,IPC V2 promedio de 12 meses,mes completo
2019-11,0.475,1.3,0.8,0.2083,IPC V2 promedio de 12 meses,mes completo
2019-12,0.4748,-0.5,1.3,0.2833,IPC V2 promedio de 12 meses,mes completo
2020-01,1.024,1.0,-0.5,0.3083,IPC V2 promedio de 12 meses,mes completo
2020-02,0.3792,0.7,1.0,0.4167,IPC V2 promedio de 12 meses,mes completo
2020-03,1.7006,0.8,0.7,0.5,IPC V2 promedio de 12 meses,mes completo
2020-04,-0.3665,1.0,0.8,0.5,IPC V2 promedio de 12 meses,mes completo
2020-05,1.9079,0.0,1.0,0.5417,IPC V2 promedio de 12 meses,mes completo
2020-06,0.2558,0.3,0.0,0.5417,IPC V2 promedio de 12 meses,mes completo
2020-07,0.8468,0.6,0.3,0.525,IPC V2 promedio de 12 meses,mes completo
2020-08,0.575,0.2,0.6,0.5583,IPC V2 promedio de 12 meses,mes completo
2020-09,1.9133,1.8,0.2,0.5167,IPC V2 promedio de 12 meses,mes completo
2020-10,-0.4326,0.6,1.8,0.6667,IPC V2 promedio de 12 meses,mes completo
2020-11,-0.3276,0.2,0.6,0.65,IPC V2 promedio de 12 meses,mes completo
2020-12,0.7241,0.2,0.2,0.5583,IPC V2 promedio de 12 meses,mes completo
2021-01,0.416,1.2,0.2,0.6167,IPC V2 promedio de 12 meses,mes completo
2021-02,0.0437,-0.5,1.2,0.6333,IPC V2 promedio de 12 meses,mes completo
2021-03,0.0291,-0.4,-0.5,0.5333,IPC V2 promedio de 12 meses,mes completo
2021-04,0.2675,0.8,-0.4,0.4333,IPC V2 promedio de 12 meses,mes completo
2021-05,0.3063,-0.2,0.8,0.4167,IPC V2 promedio de 12 meses,mes completo
2021-06,0.0218,0.0,-0.2,0.4,IPC V2 promedio de 12 meses,mes completo
2021-07,0.9904,1.0,0.0,0.375,IPC V2 promedio de 12 meses,mes completo
2021-08,0.8507,0.1,1.0,0.4083,IPC V2 promedio de 12 meses,mes completo
2021-09,1.5137,2.1,0.1,0.4,IPC V2 promedio de 12 meses,mes completo
2021-10,0.0582,0.7,2.1,0.425,IPC V2 promedio de 12 meses,mes completo
2021-11,0.0597,0.1,0.7,0.4333,IPC V2 promedio de 12 meses,mes completo
2021-12,1.6424,0.5,0.1,0.425,IPC V2 promedio de 12 meses,mes completo
2022-01,0.7209,1.6,0.5,0.45,IPC V2 promedio de 12 meses,mes completo
2022-02,1.3991,1.8,1.6,0.4833,IPC V2 promedio de 12 meses,mes completo
2022-03,2.9895,3.9,1.8,0.675,IPC V2 promedio de 12 meses,mes completo
2022-04,2.1283,2.3,3.9,1.0333,IPC V2 promedio de 12 meses,mes completo
2022-05,1.6933,1.8,2.3,1.1583,IPC V2 promedio de 12 meses,mes completo
2022-06,2.0992,1.2,1.8,1.325,IPC V2 promedio de 12 meses,mes completo
2022-07,1.4462,1.9,1.2,1.425,IPC V2 promedio de 12 meses,mes completo
2022-08,1.9346,2.0,1.9,1.5,IPC V2 promedio de 12 meses,mes completo
2022-09,1.2211,2.3,2.0,1.6583,IPC V2 promedio de 12 meses,mes completo
2022-10,1.0101,0.8,2.3,1.675,IPC V2 promedio de 12 meses,mes completo
2022-11,1.3172,1.7,0.8,1.6833,IPC V2 promedio de 12 meses,mes completo
2022-12,0.4333,1.1,1.7,1.8167,IPC V2 promedio de 12 meses,mes completo
2023-01,1.2742,1.0,1.1,1.8667,IPC V2 promedio de 12 meses,mes completo
2023-02,-0.0096,-0.3,1.0,1.8167,IPC V2 promedio de 12 meses,mes completo
2023-03,1.1231,0.4,-0.3,1.6417,IPC V2 promedio de 12 meses,mes completo
2023-04,0.5827,0.0,0.4,1.35,IPC V2 promedio de 12 meses,mes completo
2023-05,0.5596,0.0,0.0,1.1583,IPC V2 promedio de 12 meses,mes completo
2023-06,0.7249,0.3,0.0,1.0083,IPC V2 promedio de 12 meses,mes completo
2023-07,0.4835,1.2,0.3,0.9333,IPC V2 promedio de 12 meses,mes completo
2023-08,1.3787,0.3,1.2,0.875,IPC V2 promedio de 12 meses,mes completo
2023-09,1.0667,1.0,0.3,0.7333,IPC V2 promedio de 12 meses,mes completo
2023-10,0.9379,0.9,1.0,0.625,IPC V2 promedio de 12 meses,mes completo
2023-11,0.5998,1.0,0.9,0.6333,IPC V2 promedio de 12 meses,mes completo
2023-12,-0.64,-0.8,1.0,0.575,IPC V2 promedio de 12 meses,mes completo
2024-01,0.8542,1.0,-0.8,0.4167,IPC V2 promedio de 12 meses,mes completo
2024-02,-0.0735,0.2,1.0,0.4167,IPC V2 promedio de 12 meses,mes completo
2024-03,0.934,-0.9,0.2,0.4583,IPC V2 promedio de 12 meses,mes completo
2024-04,0.3657,0.7,-0.9,0.35,IPC V2 promedio de 12 meses,mes completo
2024-05,0.4648,0.1,0.7,0.4083,IPC V2 promedio de 12 meses,mes completo
2024-06,0.2453,1.3,0.1,0.4167,IPC V2 promedio de 12 meses,mes completo
2024-07,0.6909,0.1,1.3,0.5,IPC V2 promedio de 12 meses,mes completo
2024-08,0.6497,0.5,0.1,0.4083,IPC V2 promedio de 12 meses,mes completo
2024-09,0.7857,-0.5,0.5,0.425,IPC V2 promedio de 12 meses,mes completo
2024-10,-0.8557,2.2,-0.5,0.3,IPC V2 promedio de 12 meses,mes completo
2024-11,-0.226,-0.3,2.2,0.4083,IPC V2 promedio de 12 meses,mes completo
2024-12,0.3139,-0.9,-0.3,0.3,IPC V2 promedio de 12 meses,mes completo
2025-01,0.3388,0.4,-0.9,0.2917,IPC V2 promedio de 12 meses,mes completo
2025-02,0.4291,0.1,0.4,0.2417,IPC V2 promedio de 12 meses,mes completo
2025-03,0.8233,1.2,0.1,0.2333,IPC V2 promedio de 12 meses,mes completo
2025-04,0.414,0.0,1.2,0.4083,IPC V2 promedio de 12 meses,mes completo
2025-05,0.1669,0.3,0.0,0.35,IPC V2 promedio de 12 meses,mes completo
2025-06,0.2246,-0.9,0.3,0.3667,IPC V2 promedio de 12 meses,mes completo
2025-07,0.1395,0.9,-0.9,0.1833,IPC V2 promedio de 12 meses,mes completo
2025-08,1.1106,0.9,0.9,0.25,IPC V2 promedio de 12 meses,mes completo
2025-09,0.5941,0.8,0.9,0.2833,IPC V2 promedio de 12 meses,mes completo
2025-10,-0.3868,0.5,0.8,0.3917,IPC V2 promedio de 12 meses,mes completo
2025-11,-0.0492,0.2,0.5,0.25,IPC V2 promedio de 12 meses,mes completo
2025-12,-0.1861,-0.4,0.2,0.2917,IPC V2 promedio de 12 meses,mes completo
2026-01,0.7499,0.4,-0.4,0.3333,IPC V2 promedio de 12 meses,mes completo
2026-02,-0.189,0.2,0.4,0.3333,IPC V2 promedio de 12 meses,mes completo
2026-03,1.0158,0.6,0.2,0.3417,IPC V2 promedio de 12 meses,mes completo
2026-04,0.3659,0.0,0.6,0.2917,IPC V2 promedio de 12 meses,mes completo
2026-05,0.3737,-0.8,0.0,0.2917,IPC V2 promedio de 12 meses,mes completo
2026-06,-0.0654,0.8,-0.8,0.2,IPC V2 promedio de 12 meses,mes completo
2026-07,1.2437,0.7,0.8,0.3417,IPC V2 promedio de 12 meses,mes completo
2026-08,1.1015,1.4,0.7,0.325,IPC V2 promedio de 12 meses,mes completo
2019-01,-0.2706,-0.3,-0.8,0.2417,IPC V3 combinación,mes completo
2019-02,-0.0231,-0.3,-0.3,0.1083,IPC V3 combinación,mes completo
2019-03,0.7314,0.8,-0.3,0.1333,IPC V3 combinación,mes completo
2019-04,0.1862,0.5,0.8,0.1833,IPC V3 combinación,mes completo
2019-05,0.7103,0.0,0.5,0.1917,IPC V3 combinación,mes completo
2019-06,0.5291,0.5,0.0,0.2167,IPC V3 combinación,mes completo
2019-07,0.1405,0.2,0.5,0.225,IPC V3 combinación,mes completo
2019-08,1.3955,0.7,0.2,0.2167,IPC V3 combinación,mes completo
2019-09,-0.0711,0.0,0.7,0.2333,IPC V3 combinación,mes completo
2019-10,0.3954,0.8,0.0,0.2,IPC V3 combinación,mes completo
2019-11,0.4514,1.3,0.8,0.2083,IPC V3 combinación,mes completo
2019-12,0.5218,-0.5,1.3,0.2833,IPC V3 combinación,mes completo
2020-01,0.525,1.0,-0.5,0.3083,IPC V3 combinación,mes completo
2020-02,0.474,0.7,1.0,0.4167,IPC V3 combinación,mes completo
2020-03,1.4617,0.8,0.7,0.5,IPC V3 combinación,mes completo
2020-04,-0.1154,1.0,0.8,0.5,IPC V3 combinación,mes completo
2020-05,1.5305,0.0,1.0,0.5417,IPC V3 combinación,mes completo
2020-06,0.1334,0.3,0.0,0.5417,IPC V3 combinación,mes completo
2020-07,0.8699,0.6,0.3,0.525,IPC V3 combinación,mes completo
2020-08,0.5016,0.2,0.6,0.5583,IPC V3 combinación,mes completo
2020-09,1.444,1.8,0.2,0.5167,IPC V3 combinación,mes completo
2020-10,-0.0114,0.6,1.8,0.6667,IPC V3 combinación,mes completo
2020-11,0.1781,0.2,0.6,0.65,IPC V3 combinación,mes completo
2020-12,0.5478,0.2,0.2,0.5583,IPC V3 combinación,mes completo
2021-01,0.4247,1.2,0.2,0.6167,IPC V3 combinación,mes completo
2021-02,0.3632,-0.5,1.2,0.6333,IPC V3 combinación,mes completo
2021-03,-0.0194,-0.4,-0.5,0.5333,IPC V3 combinación,mes completo
2021-04,0.1459,0.8,-0.4,0.4333,IPC V3 combinación,mes completo
2021-05,0.6409,-0.2,0.8,0.4167,IPC V3 combinación,mes completo
2021-06,0.114,0.0,-0.2,0.4,IPC V3 combinación,mes completo
2021-07,0.6895,1.0,0.0,0.375,IPC V3 combinación,mes completo
2021-08,0.9984,0.1,1.0,0.4083,IPC V3 combinación,mes completo
2021-09,0.8275,2.1,0.1,0.4,IPC V3 combinación,mes completo
2021-10,0.3725,0.7,2.1,0.425,IPC V3 combinación,mes completo
2021-11,0.3267,0.1,0.7,0.4333,IPC V3 combinación,mes completo
2021-12,1.1332,0.5,0.1,0.425,IPC V3 combinación,mes completo
2022-01,0.661,1.6,0.5,0.45,IPC V3 combinación,mes completo
2022-02,1.4919,1.8,1.6,0.4833,IPC V3 combinación,mes completo
2022-03,2.2827,3.9,1.8,0.675,IPC V3 combinación,mes completo
2022-04,2.3837,2.3,3.9,1.0333,IPC V3 combinación,mes completo
2022-05,1.7113,1.8,2.3,1.1583,IPC V3 combinación,mes completo
2022-06,2.1742,1.2,1.8,1.325,IPC V3 combinación,mes completo
2022-07,1.4801,1.9,1.2,1.425,IPC V3 combinación,mes completo
2022-08,1.9379,2.0,1.9,1.5,IPC V3 combinación,mes completo
2022-09,1.2903,2.3,2.0,1.6583,IPC V3 combinación,mes completo
2022-10,1.5812,0.8,2.3,1.675,IPC V3 combinación,mes completo
2022-11,1.4462,1.7,0.8,1.6833,IPC V3 combinación,mes completo
2022-12,0.9251,1.1,1.7,1.8167,IPC V3 combinación,mes completo
2023-01,1.5119,1.0,1.1,1.8667,IPC V3 combinación,mes completo
2023-02,0.5128,-0.3,1.0,1.8167,IPC V3 combinación,mes completo
2023-03,0.9168,0.4,-0.3,1.6417,IPC V3 combinación,mes completo
2023-04,0.7393,0.0,0.4,1.35,IPC V3 combinación,mes completo
2023-05,0.6041,0.0,0.0,1.1583,IPC V3 combinación,mes completo
2023-06,0.5191,0.3,0.0,1.0083,IPC V3 combinación,mes completo
2023-07,0.5348,1.2,0.3,0.9333,IPC V3 combinación,mes completo
2023-08,0.9018,0.3,1.2,0.875,IPC V3 combinación,mes completo
2023-09,0.8402,1.0,0.3,0.7333,IPC V3 combinación,mes completo
2023-10,0.5503,0.9,1.0,0.625,IPC V3 combinación,mes completo
2023-11,0.702,1.0,0.9,0.6333,IPC V3 combinación,mes completo
2023-12,-0.319,-0.8,1.0,0.575,IPC V3 combinación,mes completo
2024-01,0.3583,1.0,-0.8,0.4167,IPC V3 combinación,mes completo
2024-02,0.3575,0.2,1.0,0.4167,IPC V3 combinación,mes completo
2024-03,0.7809,-0.9,0.2,0.4583,IPC V3 combinación,mes completo
2024-04,-0.1386,0.7,-0.9,0.35,IPC V3 combinación,mes completo
2024-05,0.7066,0.1,0.7,0.4083,IPC V3 combinación,mes completo
2024-06,0.3333,1.3,0.1,0.4167,IPC V3 combinación,mes completo
2024-07,0.911,0.1,1.3,0.5,IPC V3 combinación,mes completo
2024-08,0.3929,0.5,0.1,0.4083,IPC V3 combinación,mes completo
2024-09,0.6704,-0.5,0.5,0.425,IPC V3 combinación,mes completo
2024-10,-0.7419,2.2,-0.5,0.3,IPC V3 combinación,mes completo
2024-11,0.6823,-0.3,2.2,0.4083,IPC V3 combinación,mes completo
2024-12,0.0772,-0.9,-0.3,0.3,IPC V3 combinación,mes completo
2025-01,0.1575,0.4,-0.9,0.2917,IPC V3 combinación,mes completo
2025-02,0.463,0.1,0.4,0.2417,IPC V3 combinación,mes completo
2025-03,0.5146,1.2,0.1,0.2333,IPC V3 combinación,mes completo
2025-04,0.4967,0.0,1.2,0.4083,IPC V3 combinación,mes completo
2025-05,0.1798,0.3,0.0,0.35,IPC V3 combinación,mes completo
2025-06,0.5243,-0.9,0.3,0.3667,IPC V3 combinación,mes completo
2025-07,0.024,0.9,-0.9,0.1833,IPC V3 combinación,mes completo
2025-08,1.1406,0.9,0.9,0.25,IPC V3 combinación,mes completo
2025-09,0.8263,0.8,0.9,0.2833,IPC V3 combinación,mes completo
2025-10,-0.2546,0.5,0.8,0.3917,IPC V3 combinación,mes completo
2025-11,0.1033,0.2,0.5,0.25,IPC V3 combinación,mes completo
2025-12,-0.2107,-0.4,0.2,0.2917,IPC V3 combinación,mes completo
2026-01,0.3925,0.4,-0.4,0.3333,IPC V3 combinación,mes completo
2026-02,0.0507,0.2,0.4,0.3333,IPC V3 combinación,mes completo
2026-03,0.8686,0.6,0.2,0.3417,IPC V3 combinación,mes completo
2026-04,0.1682,0.0,0.6,0.2917,IPC V3 combinación,mes completo
2026-05,0.2917,-0.8,0.0,0.2917,IPC V3 combinación,mes completo
2026-06,-0.3291,0.8,-0.8,0.2,IPC V3 combinación,mes completo
2026-07,1.0841,0.7,0.8,0.3417,IPC V3 combinación,mes completo
2026-08,1.0407,1.4,0.7,0.325,IPC V3 combinación,mes completo
2019-01,-0.17,-0.1,-0.4,0.1909,Canasta anclada,mes completo
2019-02,-0.0532,-0.2,-0.1,0.1667,Canasta anclada,mes completo
2019-03,0.7388,0.7,-0.2,0.1583,Canasta anclada,mes completo
2019-04,0.2129,0.4,0.7,0.2,Canasta anclada,mes completo
2019-05,0.472,0.1,0.4,0.2,Canasta anclada,mes completo
2019-06,0.8053,0.4,0.1,0.2167,Canasta anclada,mes completo
2019-07,-0.4224,0.2,0.4,0.225,Canasta anclada,mes completo
2019-08,1.6785,0.6,0.2,0.2083,Canasta anclada,mes completo
2019-09,-0.6611,0.0,0.6,0.2333,Canasta anclada,mes completo
2019-10,1.0104,0.7,0.0,0.2167,Canasta anclada,mes completo
2019-11,1.0457,1.0,0.7,0.225,Canasta anclada,mes completo
2019-12,0.1552,-0.3,1.0,0.2833,Canasta anclada,mes completo
2020-01,0.8541,0.9,-0.3,0.2917,Canasta anclada,mes completo
2020-02,0.3303,0.7,0.9,0.375,Canasta anclada,mes completo
2020-03,2.0194,0.7,0.7,0.45,Canasta anclada,mes completo
2020-04,0.0429,0.8,0.7,0.45,Canasta anclada,mes completo
2020-05,1.8793,-0.0,0.8,0.4833,Canasta anclada,mes completo
2020-06,-0.4278,0.3,-0.0,0.475,Canasta anclada,mes completo
2020-07,0.4051,0.4,0.3,0.4667,Canasta anclada,mes completo
2020-08,0.0718,0.2,0.4,0.4833,Canasta anclada,mes completo
2020-09,2.0981,1.5,0.2,0.45,Canasta anclada,mes completo
2020-10,0.3976,0.7,1.5,0.575,Canasta anclada,mes completo
2020-11,0.8209,0.1,0.7,0.575,Canasta anclada,mes completo
2020-12,1.0316,0.2,0.1,0.5,Canasta anclada,mes completo
2021-01,0.6461,1.1,0.2,0.5417,Canasta anclada,mes completo
2021-02,0.0287,-0.4,1.1,0.5583,Canasta anclada,mes completo
2021-03,0.0037,-0.3,-0.4,0.4667,Canasta anclada,mes completo
2021-04,0.3997,0.7,-0.3,0.3833,Canasta anclada,mes completo
2021-05,0.1853,-0.2,0.7,0.375,Canasta anclada,mes completo
2021-06,0.0616,0.1,-0.2,0.3583,Canasta anclada,mes completo
2021-07,0.6924,1.0,0.1,0.3417,Canasta anclada,mes completo
2021-08,0.1251,0.5,1.0,0.3917,Canasta anclada,mes completo
2021-09,1.779,1.8,0.5,0.4167,Canasta anclada,mes completo
2021-10,0.3044,1.0,1.8,0.4417,Canasta anclada,mes completo
2021-11,0.98,0.3,1.0,0.4667,Canasta anclada,mes completo
2021-12,2.1275,0.7,0.3,0.4833,Canasta anclada,mes completo
2022-01,0.8035,1.6,0.7,0.525,Canasta anclada,mes completo
2022-02,1.6242,1.5,1.6,0.5667,Canasta anclada,mes completo
2022-03,3.0708,3.4,1.5,0.725,Canasta anclada,mes completo
2022-04,2.3178,2.2,3.4,1.0333,Canasta anclada,mes completo
2022-05,1.6758,1.8,2.2,1.1583,Canasta anclada,mes completo
2022-06,1.941,1.3,1.8,1.325,Canasta anclada,mes completo
2022-07,1.2608,1.7,1.3,1.425,Canasta anclada,mes completo
2022-08,1.4951,1.9,1.7,1.4833,Canasta anclada,mes completo
2022-09,1.558,1.9,1.9,1.6,Canasta anclada,mes completo
2022-10,1.426,0.8,1.9,1.6083,Canasta anclada,mes completo
2022-11,1.5566,1.6,0.8,1.5917,Canasta anclada,mes completo
2022-12,1.0672,1.0,1.6,1.7,Canasta anclada,mes completo
2023-01,1.7201,1.0,1.0,1.725,Canasta anclada,mes completo
2023-02,0.3532,0.0,1.0,1.675,Canasta anclada,mes completo
2023-03,0.979,0.5,0.0,1.55,Canasta anclada,mes completo
2023-04,0.5728,0.1,0.5,1.3083,Canasta anclada,mes completo
2023-05,0.2539,0.2,0.1,1.1333,Canasta anclada,mes completo
2023-06,0.1514,0.4,0.2,1.0,Canasta anclada,mes completo
2023-07,0.4259,1.1,0.4,0.925,Canasta anclada,mes completo
2023-08,1.3268,0.4,1.1,0.875,Canasta anclada,mes completo
2023-09,1.0629,0.9,0.4,0.75,Canasta anclada,mes completo
2023-10,0.9296,0.8,0.9,0.6667,Canasta anclada,mes completo
2023-11,0.9946,0.8,0.8,0.6667,Canasta anclada,mes completo
2023-12,-0.1854,-0.4,0.8,0.6,Canasta anclada,mes completo
2024-01,1.0183,0.9,-0.4,0.4833,Canasta anclada,mes completo
2024-02,-0.1924,0.4,0.9,0.475,Canasta anclada,mes completo
2024-03,0.5127,-0.6,0.4,0.5083,Canasta anclada,mes completo
2024-04,0.246,0.7,-0.6,0.4167,Canasta anclada,mes completo
2024-05,0.2614,0.2,0.7,0.4667,Canasta anclada,mes completo
2024-06,0.3006,1.2,0.2,0.4667,Canasta anclada,mes completo
2024-07,0.1093,0.1,1.2,0.5333,Canasta anclada,mes completo
2024-08,0.1822,0.5,0.1,0.45,Canasta anclada,mes completo
2024-09,1.7128,-0.3,0.5,0.4583,Canasta anclada,mes completo
2024-10,0.1899,1.9,-0.3,0.3583,Canasta anclada,mes completo
2024-11,-0.2127,-0.1,1.9,0.45,Canasta anclada,mes completo
2024-12,0.0733,-0.5,-0.1,0.375,Canasta anclada,mes completo
2025-01,0.2153,0.5,-0.5,0.3667,Canasta anclada,mes completo
2025-02,0.4628,0.2,0.5,0.3333,Canasta anclada,mes completo
2025-03,0.5977,1.0,0.2,0.3167,Canasta anclada,mes completo
2025-04,0.4162,0.1,1.0,0.45,Canasta anclada,mes completo
2025-05,0.1821,0.3,0.1,0.4,Canasta anclada,mes completo
2025-06,-0.1795,-0.6,0.3,0.4083,Canasta anclada,mes completo
2025-07,-0.4931,0.8,-0.6,0.2583,Canasta anclada,mes completo
2025-08,0.6853,0.8,0.8,0.3167,Canasta anclada,mes completo
2025-09,0.3194,0.8,0.8,0.3417,Canasta anclada,mes completo
2025-10,-0.2251,0.5,0.8,0.4333,Canasta anclada,mes completo
2025-11,-0.0259,0.3,0.5,0.3167,Canasta anclada,mes completo
2025-12,0.3169,-0.1,0.3,0.35,Canasta anclada,mes completo
2026-01,0.8967,0.4,-0.1,0.3833,Canasta anclada,mes completo
2026-02,-0.2075,0.2,0.4,0.375,Canasta anclada,mes completo
2026-03,1.1513,0.5,0.2,0.375,Canasta anclada,mes completo
2026-04,0.0841,0.1,0.5,0.3333,Canasta anclada,mes completo
2026-05,0.2732,-0.4,0.1,0.3333,Canasta anclada,mes completo
2026-06,0.0067,0.7,-0.4,0.275,Canasta anclada,mes completo
2026-07,0.8329,0.6,0.7,0.3833,Canasta anclada,mes completo
2026-08,0.787,1.2,0.6,0.3667,Canasta anclada,mes completo
